10294,pro
109885,anti
13686,anti
67337,pro
49750,pro
49754,anti
13682,pro
114515,anti
91009,anti
91003,pro
149895,anti
90235,anti
25168,anti
130301,anti
150093,pro
150099,anti
108205,anti
104341,anti
186655,pro
106273,pro
186879,pro
163237,pro
221108,pro
194111,pro
30632,anti
124479,anti
236430,pro
221246,anti
185839,pro
185831,anti
143572,pro
143574,pro
191693,pro
116003,anti
90835,anti
93331,anti
113187,anti
113635,anti
205679,pro
90787,pro
113459,anti
113987,anti
124899,anti
193698,pro
248096,pro
193691,pro
248098,anti
248099,anti
193166,pro
191757,pro
102031,pro
119171,pro
106861,anti
119363,anti
13742,anti
88032,pro
166650,pro
111355,anti
27280,anti
129917,anti
131537,pro
104761,anti
131249,anti
188023,pro
163933,pro
48890,anti
48894,pro
117987,anti
166263,pro
189197,anti
114723,pro
173622,anti
91273,anti
150171,anti
90001,pro
118739,anti
26510,anti
187847,pro
24002,pro
189997,anti
124649,anti
165687,anti
14146,anti
14142,anti
70752,pro
70759,pro
28270,anti
147309,anti
185991,pro
129359,anti
147303,anti
27203,anti
128345,anti
125119,pro
239065,pro
123989,pro
32583,pro
146871,pro
110263,pro
92861,anti
92316,pro
92311,anti
166461,pro
129767,pro
87924,pro
247957,anti
247954,pro
247952,pro
247953,anti
90643,pro
248463,anti
163459,pro
248460,pro
163451,pro
143680,pro
143686,pro
143684,pro
201831,pro
49778,pro
49770,pro
49774,anti
91063,anti
114531,pro
91069,anti
206185,pro
90253,pro
248287,anti
248285,pro
248283,anti
248282,anti
248289,anti
173634,anti
128987,pro
128981,pro
246288,pro
128291,anti
185175,pro
118643,anti
116979,anti
189053,pro
214817,anti
30612,anti
163213,pro
90013,pro
194139,anti
110347,pro
129299,pro
190493,pro
163133,pro
221223,pro
143518,pro
143512,pro
243839,pro
190141,pro
213382,anti
90811,pro
221591,anti
90817,anti
206405,pro
93351,anti
93356,anti
124329,pro
88180,pro
93231,anti
93236,pro
115619,pro
113475,anti
123869,pro
70416,pro
193145,pro
219004,anti
248078,anti
248075,pro
248076,anti
248070,pro
248071,pro
240026,anti
13582,anti
49434,pro
49438,pro
188221,pro
185343,pro
192237,pro
13766,pro
88052,anti
13762,anti
88056,anti
129935,anti
92416,anti
131519,pro
131513,anti
188047,pro
149919,anti
246071,pro
200935,anti
116563,anti
114707,pro
24244,pro
99427,pro
173646,pro
166245,pro
91219,pro
225676,pro
100309,pro
225670,anti
91213,anti
225678,pro
127164,pro
127166,anti
127160,pro
127162,pro
90061,pro
150111,anti
150117,pro
28622,pro
24794,pro
186999,pro
10119,pro
10114,anti
14162,pro
14166,anti
113283,anti
92746,anti
167118,pro
112321,anti
92741,anti
187823,pro
106021,anti
27269,pro
129335,anti
26796,anti
128321,pro
23562,anti
92331,pro
147189,pro
162925,pro
166407,pro
28831,pro
129743,anti
108793,pro
187311,pro
67048,pro
163475,pro
187319,pro
163479,pro
248445,pro
248444,pro
248447,pro
248443,pro
201817,pro
100099,anti
119283,pro
115139,anti
88284,pro
13978,anti
88280,pro
72763,pro
91045,pro
119139,anti
90277,anti
165534,pro
73147,pro
98293,anti
173036,anti
102829,anti
118083,pro
131165,pro
98923,pro
93336,pro
130343,pro
111901,pro
129101,anti
129107,pro
117395,pro
9994,pro
150633,anti
27665,anti
163279,pro
166182,anti
163273,pro
163275,pro
191309,pro
237856,pro
143536,pro
143530,pro
143532,pro
221200,anti
106189,anti
24475,anti
13882,pro
143554,pro
30942,anti
214489,anti
206427,anti
31012,pro
237701,pro
115635,pro
93211,pro
93216,anti
113491,anti
70437,pro
248056,anti
248052,anti
248053,pro
248050,pro
248051,anti
248058,pro
248059,pro
92291,pro
49186,anti
49630,anti
13566,anti
129485,anti
87884,pro
114947,anti
128681,anti
115891,anti
49450,anti
131753,anti
166614,pro
25542,pro
13702,anti
13706,anti
91285,pro
240553,pro
131579,pro
25245,anti
48858,pro
105853,pro
48850,pro
91189,pro
91183,anti
188203,pro
150351,anti
90595,pro
118419,anti
130487,pro
150135,anti
225652,pro
225656,anti
90049,pro
188063,pro
185095,pro
127146,pro
127142,pro
127143,pro
130625,pro
147177,anti
13922,anti
248097,pro
117235,anti
92761,pro
92766,anti
201243,pro
219064,anti
116723,pro
65995,anti
102241,anti
129311,anti
185959,pro
89935,pro
72979,pro
185951,pro
72971,pro
14102,pro
69364,pro
10134,anti
14106,anti
10139,anti
248416,pro
127157,anti
214038,pro
166425,pro
221752,pro
143648,pro
90601,pro
143644,pro
143642,pro
90607,anti
163493,pro
91951,pro
118771,pro
32543,anti
92971,anti
214899,pro
201873,pro
215022,anti
240491,pro
166785,anti
93006,pro
193537,anti
23892,pro
13958,anti
13954,anti
165552,pro
101695,pro
222166,pro
118067,anti
109171,pro
92486,pro
90241,pro
117043,anti
88204,pro
92511,pro
201495,pro
131147,pro
185423,anti
185137,pro
185134,pro
130361,anti
130367,anti
129125,pro
163253,pro
128531,pro
243560,pro
92191,anti
205976,anti
24453,pro
186815,pro
49762,pro
124149,pro
116067,pro
238693,pro
90859,anti
49414,anti
90853,anti
10094,pro
10099,anti
206449,anti
113651,pro
91723,anti
124369,anti
70185,pro
117267,pro
193327,anti
91897,anti
91891,anti
241049,pro
70458,pro
218938,anti
190189,anti
218936,anti
70451,pro
218930,anti
162665,pro
248030,anti
248031,pro
248033,anti
248035,anti
248037,pro
248038,pro
193187,pro
236585,pro
190989,pro
49618,anti
123759,anti
24915,anti
163537,pro
93171,pro
163531,pro
13722,anti
13726,anti
88092,pro
108163,anti
66691,anti
67728,pro
131069,pro
205745,pro
213587,pro
119075,anti
114291,pro
150333,anti
124969,anti
150339,anti
25003,pro
188266,pro
131771,pro
115219,pro
24200,anti
99175,pro
189133,anti
225632,pro
225634,pro
127129,pro
131555,pro
211988,anti
127123,pro
127124,anti
127126,pro
130607,pro
102619,pro
147153,pro
117219,pro
167154,pro
186151,pro
128495,anti
116291,pro
186487,pro
186375,pro
27511,anti
89917,anti
69346,anti
92371,anti
92376,pro
187687,pro
105643,anti
245792,pro
206581,pro
187351,pro
90625,anti
143660,pro
143664,pro
113827,pro
32563,pro
92951,pro
219182,anti
219186,anti
219188,anti
115171,pro
212849,pro
165579,pro
66606,pro
27148,anti
88136,anti
88132,pro
118595,anti
129695,anti
92571,anti
118627,pro
185447,anti
221982,anti
131123,pro
100855,anti
128837,anti
69571,pro
92941,anti
119427,pro
206075,pro
191341,pro
117027,pro
116883,anti
205910,pro
26345,anti
30902,anti
116083,pro
194083,pro
150603,pro
206460,anti
31052,anti
190349,anti
242940,anti
239499,pro
186743,pro
162641,pro
218918,pro
248018,anti
248019,pro
248012,anti
248015,anti
129521,anti
201117,anti
163201,pro
32358,anti
32353,anti
188302,pro
129449,pro
129443,anti
28600,pro
192253,pro
213833,anti
244459,pro
88256,anti
49674,anti
205723,pro
206262,pro
48814,anti
119507,anti
91147,anti
91141,anti
124909,anti
90559,pro
115235,anti
131717,anti
188242,pro
49494,pro
188245,anti
130991,pro
24882,pro
130997,pro
114019,anti
130445,pro
28578,pro
90085,pro
49622,anti
131825,anti
130199,anti
92611,pro
165606,pro
92491,pro
92496,anti
202027,pro
92726,anti
92721,anti
27753,pro
102367,pro
163353,pro
128477,anti
128471,anti
91663,anti
30592,pro
186351,pro
124759,anti
185919,pro
213792,pro
213218,pro
10179,pro
10174,anti
190669,pro
163725,pro
26488,pro
214079,pro
100561,anti
91081,pro
147291,anti
143602,pro
143600,pro
143606,anti
32508,anti
91915,anti
92931,pro
92936,anti
93041,pro
93046,pro
108121,pro
219162,anti
59784,pro
248209,anti
248206,anti
248205,pro
248203,pro
248201,pro
119267,anti
147033,anti
147039,anti
188185,anti
13886,anti
128909,anti
128903,anti
49806,anti
92906,anti
72707,anti
131453,pro
92551,pro
92556,anti
131459,pro
130853,anti
236306,pro
9989,anti
114467,anti
69517,pro
91351,anti
110011,pro
90349,pro
143596,pro
143594,pro
24145,anti
130271,anti
99637,pro
89977,pro
124109,pro
14082,anti
242692,pro
10234,pro
10239,pro
28358,pro
88028,pro
218972,anti
212562,pro
218978,pro
128285,anti
106651,pro
92236,pro
129527,anti
118819,pro
13502,pro
129425,pro
220855,anti
112783,anti
214243,pro
221660,pro
91435,pro
163577,pro
185479,pro
218798,anti
130037,anti
218796,anti
218790,anti
218792,anti
205701,pro
49654,anti
93186,anti
93181,anti
91165,pro
48838,anti
206240,pro
90577,pro
90571,anti
65943,anti
65949,anti
220533,anti
115251,anti
25047,anti
131735,anti
130469,anti
131849,anti
131843,pro
13914,anti
212029,anti
128735,anti
114787,anti
99133,pro
186111,pro
117251,anti
191613,anti
128459,pro
163373,pro
248064,anti
163375,pro
163377,pro
116787,anti
163379,pro
221062,pro
69301,pro
166821,pro
67949,pro
218890,anti
190605,pro
218894,pro
245885,pro
113571,pro
102787,anti
187463,pro
143626,pro
167019,pro
91933,anti
123969,pro
91939,pro
32523,anti
219148,anti
93066,pro
93061,anti
162909,pro
212808,anti
162905,pro
248229,pro
248228,pro
248221,anti
248220,pro
248225,pro
248224,anti
248226,pro
119203,anti
49822,anti
131693,pro
188167,anti
131699,anti
118003,pro
165624,anti
128921,anti
88176,anti
25564,anti
73059,pro
117923,pro
73051,pro
130871,pro
130877,anti
67405,anti
19801,pro
19803,anti
91333,anti
150501,anti
116339,pro
130259,anti
24167,pro
130253,pro
124129,pro
10039,pro
10034,pro
14066,anti
70374,pro
188239,pro
49402,anti
101191,pro
242909,anti
10259,pro
14202,pro
10254,pro
149925,anti
111817,pro
72875,pro
218956,anti
239189,pro
92211,anti
112237,anti
129545,pro
92216,pro
163089,pro
193929,anti
163085,pro
163555,pro
163551,pro
187071,pro
163553,pro
248501,pro
248506,pro
248509,anti
108457,pro
241421,pro
200571,pro
32313,pro
115011,anti
49102,anti
32318,pro
91105,pro
90511,pro
65960,anti
65964,pro
65965,anti
65966,anti
65967,pro
193740,pro
193747,pro
220510,anti
13782,pro
28534,pro
114275,pro
163627,pro
130403,pro
48762,pro
131315,pro
185727,anti
163311,pro
69499,pro
163315,pro
191245,anti
190045,anti
213751,anti
26444,pro
206526,anti
245730,pro
91489,anti
248322,pro
186391,pro
248491,anti
31132,pro
186399,pro
187447,pro
125049,pro
123949,anti
190621,pro
70353,pro
219126,anti
241638,pro
147255,anti
248243,anti
248242,anti
248246,pro
248245,pro
101611,anti
109465,pro
111019,anti
129089,anti
112069,anti
147075,anti
118579,pro
88152,anti
25366,pro
188143,pro
218940,anti
23903,pro
162961,pro
162969,pro
173654,pro
19790,anti
19791,anti
19792,anti
19793,anti
66844,anti
166065,anti
48974,anti
173742,anti
105979,pro
173746,pro
91315,pro
128825,pro
100225,pro
103459,pro
24101,pro
130235,anti
149787,pro
10019,pro
193264,anti
201509,anti
131609,anti
116355,pro
242382,pro
143622,pro
193663,anti
131603,anti
72851,pro
25641,anti
105769,pro
14042,anti
128573,pro
106693,anti
92271,pro
92276,pro
193908,pro
10279,anti
214284,pro
187055,pro
240863,pro
32483,anti
213259,pro
248528,pro
214571,pro
92891,pro
219144,anti
98335,pro
115075,pro
28281,pro
91129,pro
72683,pro
91123,pro
193761,anti
115299,pro
248387,pro
248382,pro
248383,pro
248380,pro
220579,anti
194132,anti
131885,pro
149841,anti
117747,pro
115923,anti
25190,anti
92471,anti
185295,anti
165660,pro
129821,pro
24827,anti
130931,pro
117299,pro
163333,pro
185743,anti
128411,pro
131333,anti
163569,pro
130685,pro
220993,pro
27841,anti
205855,pro
166317,pro
166866,anti
124089,pro
189869,pro
113539,anti
24640,anti
91465,anti
27599,pro
193222,pro
26642,anti
193229,pro
28072,anti
188925,anti
218856,anti
218854,anti
219108,pro
193593,pro
219100,anti
219104,anti
220740,pro
92431,anti
240522,pro
248269,anti
248268,anti
146901,anti
248264,anti
248266,pro
248261,pro
248260,anti
248262,anti
192173,anti
221568,anti
49318,anti
128969,pro
131651,pro
49310,pro
25696,pro
49314,pro
23969,anti
192317,pro
123809,pro
129611,pro
59894,pro
162945,pro
173726,anti
185983,pro
49642,anti
115027,anti
90499,anti
188127,pro
118515,pro
185050,pro
189293,pro
24343,anti
246195,pro
91111,anti
150549,pro
131435,pro
185199,pro
24123,anti
130745,pro
130217,pro
25388,anti
117171,anti
67541,pro
165858,pro
117859,pro
25839,anti
205998,pro
116371,pro
27478,pro
186215,anti
72835,pro
14022,anti
117587,anti
10079,anti
30982,anti
70780,anti
124529,pro
112279,pro
129581,pro
214776,pro
193964,anti
163045,pro
13790,anti
163041,pro
244366,pro
116675,anti
221683,pro
107491,pro
26257,anti
187031,pro
32468,anti
91699,anti
105433,pro
32463,pro
193810,pro
131477,pro
93126,anti
93121,anti
49142,pro
117427,pro
124989,anti
220556,pro
225694,anti
25751,anti
240336,pro
248104,pro
248105,anti
248103,pro
248108,pro
114899,pro
111607,pro
92411,anti
149865,anti
185503,pro
188829,anti
128753,pro
130919,anti
129803,anti
129809,pro
24805,pro
185767,pro
163323,pro
206152,pro
116499,pro
205833,pro
213710,pro
91507,pro
90115,anti
124069,pro
150021,pro
26400,pro
116147,anti
189885,pro
124209,pro
194272,anti
186687,pro
9969,pro
218870,anti
218874,anti
218876,pro
214120,pro
129245,anti
186535,pro
146925,anti
101653,pro
221545,anti
89827,pro
13586,anti
23947,anti
192333,pro
13806,anti
88192,pro
13802,anti
104257,anti
166533,pro
49554,anti
49558,anti
48930,pro
173706,pro
244645,pro
131633,anti
131639,pro
118531,anti
206097,pro
130763,pro
129203,anti
202125,pro
117155,anti
167217,anti
186239,pro
72811,pro
129035,pro
72819,anti
194062,pro
10059,anti
166299,anti
14002,anti
191549,pro
14006,anti
190765,pro
118899,anti
163061,pro
240925,pro
163065,pro
245699,pro
248297,anti
90907,pro
90901,anti
32448,anti
113251,pro
93106,pro
32623,anti
32628,anti
23771,pro
222005,anti
14158,pro
147159,anti
67813,anti
248128,pro
248129,pro
248126,pro
248124,anti
248125,anti
248122,pro
248123,anti
248120,anti
248121,pro
13494,anti
129791,pro
129797,anti
124389,anti
92436,pro
188669,pro
149805,pro
13634,anti
13638,anti
166767,anti
129863,pro
185783,pro
173064,pro
173066,anti
69436,pro
173062,anti
173063,pro
246257,pro
131111,pro
90289,pro
166353,anti
114611,anti
119235,pro
150009,anti
90133,anti
26939,pro
26422,pro
116611,anti
105685,anti
191485,pro
124229,anti
31152,anti
27885,anti
166974,pro
26686,anti
113395,anti
28039,pro
14206,pro
218812,pro
27082,anti
200669,pro
167001,pro
30892,pro
129263,pro
92196,pro
129269,pro
186551,pro
147231,anti
147237,anti
113939,pro
147093,pro
185164,pro
49046,pro
92996,anti
189837,pro
27126,anti
13822,anti
13826,pro
24618,pro
129653,pro
129659,pro
67660,anti
90733,pro
90739,pro
201901,pro
48914,anti
48910,pro
114371,pro
119395,pro
225672,anti
193628,anti
131615,pro
25652,anti
115571,pro
130565,anti
114115,pro
128813,anti
188781,pro
90439,pro
127165,anti
128657,pro
128651,pro
66759,anti
150621,anti
185047,pro
117139,anti
92601,anti
185044,pro
92606,anti
185041,pro
150627,anti
25872,anti
189437,pro
129011,anti
186783,pro
24068,pro
163009,pro
107365,pro
26213,anti
187567,pro
240801,pro
32423,anti
116195,pro
105475,pro
124569,anti
115763,anti
93166,anti
221177,anti
162711,pro
248498,anti
248499,pro
248326,pro
248327,anti
248320,anti
248321,pro
248490,pro
248323,pro
92386,pro
244490,pro
49278,anti
248148,pro
248141,pro
248142,pro
248143,anti
248146,anti
248147,anti
111649,pro
87992,pro
119091,anti
25465,pro
128795,anti
185239,anti
115987,pro
185543,pro
188861,pro
118275,pro
13614,anti
130955,anti
67830,pro
163393,pro
163397,pro
221085,pro
131393,anti
69418,anti
173048,pro
173049,pro
173046,pro
173047,anti
173044,pro
173045,pro
206119,pro
173040,anti
173041,pro
91099,pro
149823,pro
143508,pro
186199,pro
116451,anti
166371,pro
91549,anti
225744,pro
100981,anti
173039,pro
150069,anti
173038,pro
90151,pro
90157,pro
248234,pro
49582,pro
173037,pro
165975,pro
59751,pro
194230,pro
166956,pro
106777,anti
9929,anti
92011,pro
218836,anti
218830,pro
129209,pro
185847,anti
92171,pro
214694,anti
187999,pro
187991,anti
89863,pro
187191,pro
241762,pro
163693,anti
129671,anti
187223,pro
110935,pro
146961,pro
115379,anti
108373,pro
206328,anti
111187,pro
110851,anti
124809,pro
98419,anti
13842,pro
13846,anti
220671,pro
91399,pro
24981,pro
119011,pro
104047,pro
25586,anti
131495,pro
185687,pro
201677,pro
66776,anti
128675,pro
130547,anti
114131,anti
130541,anti
150477,pro
150471,pro
117443,anti
186015,pro
202167,pro
131237,pro
185062,pro
25850,pro
131231,pro
185068,pro
24189,pro
129077,pro
186903,pro
27181,pro
92336,anti
116243,pro
26587,anti
163025,pro
189901,pro
90949,pro
143708,pro
143700,pro
26763,pro
113747,pro
113219,pro
124589,anti
193453,pro
93141,anti
93146,pro
162737,pro
108961,pro
248307,pro
65986,pro
65984,pro
248301,anti
65989,pro
241483,pro
147111,anti
147117,pro
92811,anti
248163,anti
248161,anti
248166,anti
248167,anti
248164,pro
128801,anti
49258,anti
13986,anti
13982,anti
88236,pro
99973,pro
188621,pro
131003,anti
13678,anti
166722,anti
13674,anti
129749,anti
200403,pro
240429,pro
173029,pro
173020,pro
173022,pro
173023,pro
173024,pro
173025,anti
110137,pro
114659,pro
91561,pro
91567,anti
24530,anti
117875,pro
225760,anti
221338,pro
130067,anti
130061,pro
220809,anti
113027,pro
102703,anti
129191,anti
102451,anti
30822,pro
128585,pro
113683,pro
92156,pro
190397,pro
221292,anti
90823,anti
243436,pro
163617,pro
163615,pro
90883,pro
13578,pro
166551,pro
49066,pro
93286,anti
93281,pro
187247,pro
200235,pro
13570,anti
32218,anti
201943,pro
49390,pro
49394,pro
219090,anti
219092,anti
98167,pro
10184,pro
110515,anti
13866,pro
66572,anti
143706,pro
73091,pro
13970,anti
114339,pro
118483,pro
115827,anti
109045,pro
247977,anti
130523,anti
92141,pro
189213,pro
189741,pro
114483,anti
150459,anti
131213,anti
185008,pro
185002,pro
185005,pro
118403,anti
130295,pro
129059,pro
129053,pro
243188,pro
187743,pro
48970,anti
116227,pro
186927,pro
186295,pro
187527,pro
90961,pro
91615,anti
113763,pro
190701,pro
70703,pro
241173,pro
186431,pro
186439,pro
162751,pro
162755,anti
245854,pro
248364,pro
248365,pro
248366,pro
248368,anti
244180,anti
190877,pro
92836,pro
128861,anti
13474,anti
88216,anti
13470,anti
248184,anti
49722,anti
248180,anti
248181,pro
49726,pro
248183,pro
114819,anti
72627,pro
129737,anti
129731,pro
87952,pro
247984,anti
247986,anti
247980,pro
247983,anti
247989,anti
163409,pro
221844,pro
13658,anti
166848,pro
244304,pro
65983,pro
248302,anti
150207,pro
248300,pro
100141,pro
65985,anti
185271,pro
188605,pro
65988,pro
130883,pro
114675,anti
189005,anti
130889,anti
28424,pro
248309,anti
225700,anti
90193,pro
117091,pro
124289,pro
185495,pro
188973,pro
165939,anti
212152,pro
149901,anti
106735,pro
212480,pro
186607,pro
30842,pro
26950,pro
124429,pro
92131,pro
32518,pro
193866,pro
49078,anti
125089,pro
163185,pro
166911,pro
113555,pro
150045,anti
90751,pro
115331,anti
93266,anti
23672,pro
32233,anti
119443,pro
124719,anti
131909,anti
131903,pro
67796,pro
212972,pro
66555,anti
104005,anti
101527,anti
127155,anti
111145,pro
149745,anti
117667,anti
25091,anti
185399,pro
128633,pro
185391,pro
128639,pro
188079,pro
24948,pro
185026,pro
185020,pro
9999,anti
118179,pro
131279,pro
150639,anti
27071,pro
173614,anti
200949,pro
220648,anti
166218,pro
90031,pro
116755,anti
187895,pro
105727,pro
206625,pro
189949,pro
124639,pro
14198,pro
91633,pro
25113,anti
14190,anti
14194,pro
91639,pro
242878,pro
205690,pro
28248,pro
27236,pro
162773,anti
186415,pro
214161,anti
162779,pro
101863,anti
89989,pro
248348,anti
248349,pro
104929,anti
248434,pro
248341,anti
248430,pro
248431,pro
248433,pro
131483,pro
92851,pro
128849,anti
128843,pro
87972,pro
99931,pro
129719,anti
72643,pro
163421,anti
163423,pro
67099,pro
247969,pro
247968,anti
247966,pro
200375,pro
247964,anti
67320,pro
49214,anti
93096,pro
49746,anti
241669,pro
91039,anti
91033,pro
110179,anti
90205,pro
221867,pro
92181,anti
131045,anti
25157,anti
118787,pro
185255,pro
189021,pro
130313,anti
243281,pro
150081,pro
237112,anti
150087,pro
163885,anti
202265,anti
102745,anti
166983,pro
188957,pro
205899,pro
27005,pro
117347,pro
163225,pro
221131,pro
116691,anti
128543,anti
92111,pro
92116,pro
238352,anti
214981,pro
143548,pro
218980,pro
218986,pro
93306,pro
93301,anti
187287,pro
49118,anti
113123,pro
26301,pro
32258,anti
49026,anti
93246,pro
115315,anti
239406,pro
113427,anti
23650,anti
248085,pro
248083,anti
219054,anti
219056,anti
219050,pro
200585,pro
49686,anti
49682,anti
119315,anti
201985,pro
114995,anti
118371,pro
88020,pro
124309,pro
131789,anti
13750,anti
131783,anti
49370,pro
13758,pro
114195,pro
189709,pro
166668,anti
92681,anti
130781,anti
236988,pro
206295,pro
103753,anti
116595,anti
91261,anti
25509,pro
248397,pro
150147,anti
110431,pro
27929,pro
26521,anti
187703,pro
187871,pro
245637,pro
243498,pro
124659,pro
166893,anti
242816,pro
212726,pro
186471,pro
162797,anti
128375,anti
242723,pro
123999,pro
236616,anti
241390,pro
92306,anti
92876,anti
92871,pro
28842,pro
23826,anti
87916,pro
129779,anti
67524,pro
163449,pro
248415,pro
248413,pro
248411,pro
163441,pro
109507,anti
244769,pro
115459,pro
91015,anti
206196,pro
90223,pro
13698,anti
130331,anti
28468,pro
130337,pro
237174,pro
212111,pro
101275,anti
186863,pro
150609,pro
92096,anti
163209,pro
128567,pro
194104,pro
118755,pro
190333,pro
143568,pro
90829,pro
116019,pro
187111,pro
90301,pro
93326,pro
105559,pro
93321,pro
90799,pro
115667,anti
205668,pro
123859,anti
32273,anti
239468,pro
113443,anti
124889,pro
248068,anti
248066,anti
193173,pro
248062,pro
248060,pro
10194,anti
212931,pro
240057,pro
13594,anti
13598,anti
119379,pro
185359,pro
27720,anti
185607,pro
200655,pro
13770,anti
88048,pro
13774,anti
192221,pro
13778,pro
88040,pro
88044,anti
166641,anti
25234,pro
163925,anti
25025,anti
150381,anti
150387,pro
173658,anti
173650,pro
243126,pro
91201,anti
127175,anti
127172,anti
127170,pro
90073,pro
27907,pro
127178,pro
130109,anti
24013,pro
130103,pro
28611,pro
10109,anti
14154,anti
191149,pro
113299,pro
186183,pro
167127,pro
60081,pro
186455,pro
106525,anti
205767,anti
187583,pro
125109,pro
128357,anti
89947,pro
113875,pro
23595,pro
32593,anti
190813,pro
147195,anti
92321,anti
92326,anti
28820,pro
87932,pro
87936,pro
200333,anti
90673,anti
221775,pro
67507,pro
248474,pro
143696,pro
241514,pro
237546,pro
13906,anti
13902,pro
115123,anti
119123,pro
65992,pro
90247,pro
248294,anti
66674,pro
109129,pro
67116,pro
150591,pro
202223,pro
185167,pro
185161,pro
118659,anti
92521,pro
116963,pro
129113,pro
248192,pro
186847,pro
129119,anti
9984,anti
128501,anti
99889,anti
30602,pro
238135,pro
90775,anti
190317,pro
116387,anti
237794,pro
213669,anti
24464,pro
113523,anti
30972,anti
116035,anti
113603,pro
93341,anti
206416,pro
93346,pro
91237,anti
31002,anti
206515,pro
92501,pro
93206,pro
93201,anti
123879,pro
248196,anti
30742,pro
88208,anti
49710,pro
248049,pro
124279,pro
248041,pro
248044,anti
23870,anti
31122,anti
13574,pro
87892,pro
88064,anti
188218,pro
88060,anti
128699,pro
188212,pro
88068,pro
131741,pro
13718,anti
192205,anti
13710,pro
166623,anti
24926,pro
67269,pro
88072,pro
115539,pro
131291,pro
25256,pro
131297,pro
26675,anti
90589,pro
117603,pro
173670,anti
173678,pro
91225,anti
24255,anti
114771,anti
225662,pro
110389,anti
127151,anti
127153,pro
185080,pro
185089,pro
150105,anti
191789,pro
189309,pro
24079,anti
130169,anti
220947,anti
130163,anti
10274,pro
10129,anti
10124,anti
92756,pro
92751,anti
201257,anti
187831,pro
27258,pro
129329,pro
72963,pro
89929,pro
14174,anti
26785,anti
14170,anti
128333,pro
14178,anti
113811,pro
92341,anti
92346,pro
190381,pro
213054,pro
166434,pro
200319,pro
187303,pro
245234,pro
248452,pro
248453,pro
248457,pro
92966,pro
92961,pro
67388,anti
193523,anti
13962,anti
13966,pro
143526,pro
88296,anti
26279,anti
72779,pro
165525,pro
188685,pro
215063,anti
220441,pro
225780,pro
186367,anti
49854,anti
238879,pro
131171,pro
185149,pro
185146,pro
185415,anti
92506,anti
130805,pro
236802,pro
129137,pro
27060,pro
129131,pro
150645,anti
163245,pro
163241,anti
221154,anti
107995,pro
243591,pro
202209,pro
242971,pro
143520,pro
205965,pro
166992,pro
187159,pro
101905,pro
107575,pro
130529,pro
116051,anti
30952,anti
113667,anti
91735,pro
124319,pro
27247,pro
31022,pro
193313,pro
106483,pro
162671,pro
248023,anti
248021,anti
248027,anti
248024,pro
219032,anti
248028,pro
241235,pro
112825,pro
92286,anti
92281,anti
32363,anti
49198,anti
49194,anti
32368,anti
49190,anti
13558,anti
106819,pro
13550,pro
192045,pro
13554,anti
131669,anti
114979,pro
129491,anti
129497,pro
13734,anti
13730,anti
25014,anti
88080,pro
192269,anti
205778,anti
48862,anti
188272,pro
185311,pro
98545,pro
188275,pro
59927,pro
185319,pro
114755,pro
48714,anti
173694,anti
32298,anti
48718,anti
173690,pro
130493,anti
150123,pro
225646,pro
225642,pro
225640,pro
131813,pro
127131,pro
131549,pro
127135,pro
130637,pro
189325,anti
188893,pro
212070,anti
116531,anti
191101,pro
59883,pro
167163,pro
25905,anti
242568,pro
92776,anti
92771,pro
25179,anti
106567,pro
185943,pro
129305,pro
66589,anti
128315,pro
89905,pro
14110,anti
14114,anti
14118,anti
28182,anti
92366,pro
30702,anti
206592,pro
90631,anti
107743,pro
109255,pro
143658,pro
143654,pro
143656,pro
187367,pro
113347,pro
92946,pro
219198,pro
49298,pro
49294,pro
93016,pro
93011,anti
13942,pro
13946,anti
220464,anti
102871,anti
200739,anti
129683,pro
114563,anti
97621,pro
92561,anti
185431,anti
163491,pro
185128,pro
118611,anti
143640,pro
131153,anti
201775,pro
206064,pro
166173,pro
112531,pro
213628,anti
24420,pro
114435,anti
186807,pro
237081,pro
243312,pro
49626,anti
26356,anti
187175,pro
90847,pro
191597,pro
30932,anti
31042,anti
212685,anti
193334,anti
28303,pro
162655,pro
162657,pro
218908,anti
218900,pro
248008,anti
248005,pro
248007,pro
248000,anti
248003,pro
248002,anti
106609,anti
220694,pro
115155,anti
32343,anti
13534,pro
114915,pro
93001,anti
129473,anti
163527,pro
163523,pro
13950,anti
49606,anti
49602,pro
109801,pro
99385,anti
206218,pro
91159,pro
212767,pro
124979,anti
90547,pro
90541,anti
49462,anti
131705,pro
115203,pro
185335,anti
188525,pro
48730,anti
114003,pro
13738,anti
163455,pro
100351,anti
28545,pro
225628,pro
191261,pro
131831,pro
220901,pro
191741,anti
185599,pro
186247,pro
70297,anti
27742,anti
117203,pro
186167,anti
128483,pro
25927,anti
128489,anti
14138,pro
10169,pro
69355,anti
14130,pro
166812,pro
14134,anti
213013,anti
67711,anti
113587,anti
147285,anti
143676,pro
187343,pro
187431,pro
193292,pro
67031,pro
146889,pro
123919,anti
91969,pro
92926,pro
93031,anti
219178,anti
219170,anti
72739,pro
165561,pro
220487,anti
147027,pro
241576,pro
111061,anti
200711,pro
88124,pro
88120,pro
49810,pro
88128,anti
49814,pro
119187,pro
185101,pro
185107,pro
92546,anti
92541,anti
131135,anti
49010,anti
163281,pro
91369,pro
206504,anti
13818,anti
24277,anti
205921,anti
130265,pro
24409,pro
28754,pro
124179,anti
14094,anti
14090,anti
116099,anti
26807,anti
14098,anti
245482,pro
194097,pro
206471,pro
146991,anti
60125,anti
10204,pro
10209,anti
28369,anti
119459,anti
218962,pro
27170,pro
70465,pro
128297,pro
129539,anti
13518,anti
123769,anti
13514,anti
13510,anti
129455,anti
163503,pro
163501,pro
244428,pro
188095,pro
67201,anti
127137,pro
49662,pro
131819,pro
93196,anti
49666,pro
205734,anti
114243,anti
91171,pro
119043,anti
91177,pro
124919,pro
150309,pro
150303,anti
25729,anti
98503,pro
131723,pro
184996,pro
48758,pro
163401,pro
130457,pro
114067,anti
48754,pro
184999,pro
225604,pro
225608,pro
111397,pro
212316,anti
130679,pro
28699,pro
130673,pro
128729,anti
128537,pro
25421,pro
92731,anti
185711,anti
163347,pro
128465,anti
130187,anti
191725,pro
130181,anti
124729,anti
166164,anti
27819,pro
69553,pro
102661,pro
26499,anti
245079,pro
107701,anti
143610,pro
143614,pro
143618,pro
162989,pro
32513,anti
91903,pro
239561,pro
93051,anti
219158,anti
219156,anti
103375,anti
220717,pro
244211,anti
108709,anti
248218,anti
248217,pro
165993,pro
147003,pro
92901,pro
147009,pro
119219,anti
49346,pro
188191,pro
118035,pro
240243,pro
13894,anti
13890,anti
88108,pro
88104,pro
166587,anti
111229,anti
72715,pro
73043,pro
131117,anti
185471,pro
244118,pro
32293,pro
130865,pro
131411,pro
188281,pro
245978,pro
49570,pro
206020,pro
166137,anti
91345,anti
117075,anti
90355,pro
150513,pro
143580,anti
143584,pro
143588,pro
130247,anti
131027,pro
28732,pro
124119,anti
114499,anti
26829,pro
14078,anti
14070,pro
113171,pro
91753,anti
165804,pro
10229,anti
10224,pro
106399,pro
93131,pro
28347,anti
218944,anti
70486,pro
162695,pro
186735,pro
92221,pro
125149,pro
221384,pro
192029,pro
131207,pro
90991,pro
248513,pro
248512,pro
248511,pro
248516,pro
248515,pro
163561,pro
163563,pro
215104,pro
192285,pro
107113,anti
100729,pro
109843,pro
189485,anti
32303,anti
49134,anti
115795,pro
49130,anti
91117,anti
206251,pro
119539,anti
117891,pro
90505,pro
65955,anti
65957,pro
225638,anti
65953,pro
65952,anti
193733,anti
149985,anti
237391,pro
25707,pro
163413,pro
104131,pro
99343,pro
165633,pro
188381,pro
66453,pro
98839,anti
128705,pro
111565,anti
162949,pro
130085,pro
27709,pro
117539,pro
131303,anti
128441,pro
213423,anti
163369,pro
163365,pro
238011,pro
163361,pro
130655,pro
27830,anti
221407,pro
123839,anti
190077,pro
88276,pro
69310,pro
92581,anti
218886,anti
116115,anti
162661,pro
206537,pro
248115,pro
49790,pro
90691,anti
187479,pro
143630,pro
143636,pro
193257,pro
113891,anti
32538,pro
28083,pro
32533,pro
115491,pro
98755,anti
28886,pro
147249,anti
147243,pro
244893,pro
248237,anti
49586,anti
248235,pro
248232,anti
248230,anti
248238,pro
124869,anti
147069,anti
147063,pro
108583,pro
131681,pro
128933,anti
25399,anti
118547,pro
109675,pro
188173,pro
88168,anti
88160,pro
99805,pro
48982,pro
200753,pro
28644,anti
166119,pro
111439,pro
24376,anti
166110,anti
91321,pro
165678,anti
107911,anti
150537,pro
13546,anti
28710,pro
24112,anti
124139,anti
10029,pro
10024,pro
186287,pro
191069,pro
113155,anti
190445,pro
70647,pro
116323,anti
165867,pro
10249,pro
10244,anti
102577,pro
186711,pro
72867,anti
103291,pro
129575,pro
92206,pro
92201,anti
73019,anti
193936,anti
244397,pro
49290,pro
23727,anti
163547,pro
248530,pro
49114,anti
49110,anti
90529,pro
222074,pro
65979,anti
248396,pro
65977,pro
65975,pro
188541,pro
65971,anti
164013,anti
128405,pro
28523,pro
128891,pro
128897,pro
106987,pro
131093,anti
92446,pro
92441,anti
131099,anti
128765,pro
130415,anti
48798,pro
48794,pro
48790,anti
128423,anti
131327,anti
185751,pro
163309,pro
69481,pro
191277,pro
27588,anti
190589,pro
129389,anti
72987,pro
205866,pro
128393,anti
24585,anti
166308,pro
166875,anti
243250,pro
187671,pro
116179,anti
26455,pro
239747,pro
26180,pro
28061,pro
212439,anti
193586,pro
219112,anti
186503,pro
147261,anti
112699,pro
147267,pro
248250,anti
248251,pro
248252,anti
248254,anti
248256,pro
248257,anti
248258,anti
248259,pro
192189,pro
108877,pro
128951,pro
88140,pro
25377,pro
88148,pro
49306,anti
131663,pro
23914,pro
116803,anti
129605,pro
67184,pro
162977,pro
116627,pro
19789,pro
19787,anti
19786,pro
19785,pro
19784,anti
19783,pro
48966,anti
124879,anti
118563,anti
188151,pro
188159,anti
147123,anti
91309,anti
24354,pro
90313,pro
150555,anti
73003,pro
130751,pro
189469,pro
48706,anti
28105,anti
194034,pro
191517,pro
92651,pro
165840,pro
92656,anti
212603,pro
24651,pro
205987,pro
113507,pro
243932,pro
72843,anti
14030,anti
10004,anti
30752,pro
14038,anti
10009,pro
70423,pro
14026,pro
124519,anti
92261,anti
129599,pro
92266,pro
193915,pro
10264,anti
10269,pro
91687,anti
32478,anti
245575,anti
32473,anti
92886,pro
92881,anti
127122,pro
49170,pro
49174,anti
93136,anti
130601,anti
222051,pro
162893,pro
25740,pro
115283,anti
248117,pro
248116,pro
248112,anti
248111,anti
248110,pro
247998,anti
248119,pro
248118,anti
200389,pro
104173,anti
114883,pro
114227,pro
92461,anti
149853,anti
149859,anti
185519,pro
128747,pro
115939,pro
104215,anti
130439,anti
129833,pro
129839,pro
92791,anti
92796,pro
163321,pro
131345,pro
130697,anti
105223,pro
130691,anti
69463,pro
213464,anti
205844,anti
91513,pro
91519,anti
90103,anti
124079,anti
90337,pro
90109,anti
26477,pro
187615,pro
213095,anti
27874,anti
124219,pro
237949,pro
26653,anti
125039,pro
187927,pro
194265,pro
218846,anti
218840,pro
147201,pro
147207,anti
186527,pro
49098,anti
146913,pro
248272,pro
248273,anti
248270,pro
248276,anti
248277,anti
123889,pro
236709,anti
185017,pro
166524,pro
129629,anti
129623,pro
88004,pro
59861,pro
88000,pro
248278,pro
49326,anti
98461,pro
49090,pro
24332,pro
114147,pro
146919,pro
243002,pro
49546,anti
150579,pro
131423,anti
221913,anti
185183,anti
131429,anti
236957,pro
189405,pro
25146,anti
66708,pro
191021,pro
202139,pro
167208,anti
115059,anti
25828,anti
49146,pro
106441,anti
129029,anti
27467,pro
129023,pro
102535,anti
72827,pro
14018,pro
14014,anti
30992,anti
125179,anti
92241,pro
118883,anti
193971,anti
10289,anti
10284,pro
108667,pro
124489,pro
92251,anti
245513,pro
67286,pro
115043,pro
49150,pro
93116,anti
49154,pro
23760,pro
98587,anti
99847,pro
241452,pro
241328,pro
225682,pro
67864,pro
225684,pro
248131,anti
248133,anti
248135,anti
248137,anti
88268,pro
13482,anti
13486,anti
92406,pro
149877,anti
149871,pro
13622,pro
115955,anti
24816,anti
166758,anti
131363,pro
131369,anti
185791,pro
30562,anti
213915,pro
206141,pro
90295,pro
191661,pro
205822,pro
91531,pro
243746,pro
124059,pro
173738,pro
150033,anti
150039,anti
24673,pro
91453,anti
191949,pro
130013,anti
225692,anti
31162,pro
27896,anti
190013,pro
70542,pro
166965,anti
28028,anti
218864,anti
206372,pro
27093,pro
102493,pro
104635,anti
112657,pro
92186,pro
129257,anti
129251,anti
147225,pro
244831,pro
125019,pro
185895,pro
113923,pro
146937,pro
147081,anti
25355,anti
89857,pro
23958,pro
215268,anti
129647,pro
90721,anti
72795,pro
109927,pro
212890,anti
206317,pro
114387,pro
167073,anti
143666,pro
124839,anti
237453,anti
131621,pro
88184,pro
13898,anti
131627,pro
188445,pro
188111,pro
28655,pro
130577,anti
24310,anti
114163,anti
212275,anti
66810,pro
130715,anti
118387,anti
220786,pro
66725,pro
92616,anti
212644,anti
117123,anti
166740,anti
189421,pro
186223,pro
186959,pro
72803,pro
27401,pro
129005,anti
10049,pro
191005,pro
10044,anti
124559,anti
189933,pro
193950,pro
240956,pro
245358,pro
240832,pro
90919,pro
26202,anti
32438,anti
237608,pro
93176,pro
193404,pro
32388,anti
109591,anti
162857,pro
162853,pro
248482,pro
248485,pro
245823,pro
248335,anti
248334,pro
215186,pro
14062,anti
102115,anti
147147,anti
147141,anti
240305,anti
88240,pro
248159,pro
248151,anti
248150,anti
248157,anti
248155,anti
87988,pro
70234,pro
129785,anti
87984,anti
115971,pro
185559,pro
149811,anti
92426,anti
128789,anti
13602,anti
13606,anti
128783,anti
221890,anti
24871,pro
97495,pro
131381,pro
173050,anti
173053,pro
173052,pro
173054,pro
173057,pro
173059,anti
173058,anti
163813,pro
91087,pro
105265,pro
117715,anti
150015,pro
90145,pro
30812,pro
191965,pro
28149,anti
124789,pro
237980,pro
165948,pro
218800,anti
218806,anti
9954,anti
186567,pro
92161,anti
238321,anti
113907,pro
214448,pro
248346,anti
129665,pro
59828,pro
49058,pro
115363,anti
206339,pro
90445,anti
188461,pro
13834,pro
13830,anti
115507,pro
13838,pro
24992,pro
110599,pro
188797,pro
246412,pro
221959,anti
24211,anti
128645,pro
28391,pro
99553,pro
189229,anti
27643,pro
117459,pro
185056,pro
185053,pro
185059,pro
116851,anti
131129,pro
130733,pro
130739,pro
27423,anti
186799,pro
129065,anti
186791,pro
113043,pro
30732,pro
194055,pro
10069,pro
163013,pro
206691,pro
189917,anti
213136,anti
90931,pro
187959,pro
125199,pro
187519,pro
91717,pro
187511,anti
113731,anti
191533,anti
166452,pro
124579,pro
115779,anti
93156,anti
93151,pro
248311,pro
248316,anti
191293,pro
147165,pro
248175,anti
248177,anti
248176,anti
163427,pro
248173,pro
248172,anti
200431,pro
248179,anti
248178,pro
240367,pro
106903,pro
88228,pro
240646,anti
247965,anti
23859,pro
97705,anti
131015,anti
13662,anti
236213,pro
166713,pro
67354,anti
163383,pro
91375,pro
173031,pro
173030,pro
213956,anti
173035,pro
173034,pro
200851,pro
116467,pro
99763,anti
225752,pro
90163,pro
93251,pro
90169,pro
150075,anti
30832,pro
28160,pro
91411,pro
218828,anti
9939,anti
218822,anti
9934,anti
116643,anti
49210,anti
104677,anti
201061,pro
27368,anti
185855,anti
129215,anti
92146,anti
112615,pro
193852,pro
23628,anti
163607,pro
90895,pro
89899,pro
89893,pro
117651,anti
113267,pro
206482,pro
213300,anti
28765,pro
166542,pro
100603,anti
26015,pro
90769,pro
187239,pro
109969,pro
115699,anti
88016,pro
49070,pro
146979,pro
49074,pro
115347,anti
119475,anti
90421,pro
49386,pro
115523,anti
193670,anti
13850,pro
13854,anti
109381,anti
66504,pro
73083,pro
150225,anti
201663,pro
117699,pro
149739,pro
165777,anti
128669,anti
128663,anti
130535,anti
27621,anti
117475,pro
185077,pro
185071,pro
213546,pro
91705,pro
93111,anti
186919,pro
27192,pro
129047,pro
115731,anti
185035,pro
242599,pro
187759,pro
9959,pro
116259,pro
187751,anti
163033,pro
24717,anti
90955,pro
10199,pro
239158,pro
91603,anti
190717,pro
124599,pro
167199,pro
193446,pro
28215,anti
162749,anti
162741,anti
65990,anti
65993,pro
248370,pro
214325,anti
65997,anti
213505,pro
190861,pro
103543,anti
112153,anti
112405,pro
92806,pro
92801,pro
147105,pro
102157,pro
128873,pro
49718,anti
49714,pro
248195,anti
248193,pro
49242,anti
13466,anti
87944,pro
67592,pro
72635,pro
13646,anti
13642,anti
25432,pro
131033,anti
25124,anti
173017,pro
150273,pro
150279,anti
188349,anti
59872,pro
91591,anti
150057,anti
90187,pro
124299,anti
185487,pro
201439,pro
88264,anti
248134,pro
117315,anti
9914,pro
167055,pro
9919,anti
242103,pro
105937,anti
128591,pro
108331,anti
124439,pro
248017,anti
129233,anti
92121,pro
92126,anti
112363,pro
129239,anti
201047,anti
185879,pro
163197,pro
166902,anti
106945,pro
90475,anti
115555,pro
26389,anti
245451,pro
214407,anti
90745,anti
67167,pro
93296,pro
113411,anti
146997,pro
201957,pro
110809,anti
131939,pro
13878,anti
13870,anti
220625,pro
92231,anti
219202,anti
149979,pro
115811,anti
185671,pro
118323,pro
128603,pro
97579,pro
189773,pro
111313,anti
130907,anti
185011,pro
185014,pro
131201,pro
188314,pro
112195,anti
166227,pro
187887,pro
187735,pro
213177,anti
124609,pro
90979,pro
26730,pro
90973,pro
14186,anti
193460,pro
143540,pro
162767,anti
162761,pro
240770,pro
248358,pro
248355,anti
248354,pro
248423,pro
248350,pro
248353,pro
92826,anti
92821,pro
236647,pro
221499,pro
128855,pro
129725,anti
87964,pro
247992,anti
247996,anti
247997,pro
247994,pro
247995,pro
162837,pro
163419,pro
93086,pro
213997,pro
119155,anti
91027,anti
91021,anti
131051,anti
25410,pro
188365,pro
185247,pro
130895,anti
28435,anti
239995,anti
220832,anti
130097,pro
130091,anti
92596,anti
92591,anti
116931,anti
166344,anti
186639,pro
117331,pro
30652,anti
30872,anti
238166,pro
118947,anti
92106,pro
125099,anti
143550,pro
91537,anti
163173,pro
194286,pro
107071,pro
213341,anti
93311,pro
108037,anti
205657,anti
107617,pro
49038,anti
93271,pro
115651,anti
32228,anti
123829,pro
91819,anti
219048,pro
219046,pro
219044,pro
219042,anti
220602,pro
25069,pro
49694,pro
112111,anti
114307,anti
149775,anti
128621,pro
88012,anti
185383,pro
115875,pro
185032,pro
118163,pro
185038,pro
246381,pro
131261,pro
131267,pro
130793,pro
130799,pro
105349,pro
173606,pro
173602,pro
191085,pro
27951,anti
202195,pro
150159,anti
116211,anti
187719,pro
10054,anti
124629,anti
27489,pro
28809,anti
91645,pro
106063,pro
28259,anti
129371,anti
147327,anti
162787,pro
162785,anti
107449,anti
72675,pro
248409,pro
248401,pro
248403,pro
248404,pro
248407,pro
103585,anti
92841,pro
190829,pro
112447,pro
92846,anti
13938,pro
13934,anti
9974,anti
13930,anti
87900,pro
163435,pro
163433,pro
214366,pro
247978,anti
247979,pro
247975,pro
247976,anti
67082,anti
247970,anti
247971,pro
247972,pro
