1_neg_1	0.27127371883
1_neg_2	0.225713499863
1_neg_3	0.541219929791
1_neg_4	0.201847830473
1_neg_5	0.421456843868
1_neg_6	0.330836580117
1_neg_7	0.460301680793
1_neg_8	0.651756183905
1_neg_9	0.6158820617230001
1_neg_10	0.759477971082
1_neg_11	0.601938472169
1_neg_12	0.646755889503
1_neg_13	0.7519857380149999
1_neg_14	0.587285533711
1_neg_15	0.209488816315
1_neg_16	0.221050547461
1_neg_17	0.5875267634019999
1_neg_18	0.280234871303
1_neg_19	0.425322341416
1_neg_20	0.46159437645400003
1_neg_21	0.454943508152
1_neg_22	0.590974112524
1_neg_23	0.650624975258
1_neg_24	0.546186042914
1_neg_25	0.59814004134
1_neg_26	0.700744636616
1_neg_27	0.62835092452
1_neg_28	0.684737014947
1_neg_29	0.775773845939
1_neg_30	0.349738750334
1_neg_31	0.325208245742
1_neg_32	0.671748831091
1_neg_33	0.37345073513300003
1_neg_34	0.45894545056
1_neg_35	0.314051369854
1_neg_36	0.333201282753
1_neg_37	0.644941611499
1_neg_38	0.452377331814
1_neg_39	0.143879810857
1_neg_40	0.316069296386
1_neg_41	0.589688905508
1_neg_42	0.282698191304
1_neg_43	0.15142784739600001
1_neg_44	0.102297353127
1_neg_45	0.181387890341
1_neg_46	0.308734876082
1_neg_47	0.780286944562
1_neg_48	0.300709315118
1_neg_49	0.7633200752179999
1_neg_50	0.43167896781000004
1_neg_51	0.7563510731990001
1_neg_52	0.637098434386
1_neg_53	0.55692218172
1_neg_54	0.113472151118
1_neg_55	0.6142393612120001
1_neg_56	0.29607666011100003
2_pos_1	0.001
2_pos_2	0.001
2_pos_3	0.001
2_pos_4	0.001
2_pos_5	0.001
2_pos_6	0.001
2_pos_7	0.001
2_pos_8	0.001
2_pos_9	0.001
2_pos_10	0.001
2_pos_11	0.001
2_pos_12	0.001
2_pos_13	0.001
2_pos_14	0.001
2_pos_15	0.001
2_pos_16	0.001
2_pos_17	0.001
2_pos_18	0.001
2_pos_19	0.001
2_pos_20	0.001
2_pos_21	0.001
2_pos_22	0.001
2_pos_23	0.001
2_pos_24	0.001
2_pos_25	0.001
2_pos_26	0.001
2_pos_27	0.001
2_pos_28	0.001
2_pos_29	0.001
2_pos_30	0.001
2_pos_31	0.001
2_pos_32	0.001
2_pos_33	0.001
2_pos_34	0.001
2_pos_35	0.001
2_pos_36	0.001
2_pos_37	0.001
2_pos_38	0.001
2_pos_39	0.001
2_pos_40	0.001
2_pos_41	0.001
2_pos_42	0.001
2_pos_43	0.001
2_pos_44	0.001
2_pos_45	0.001
2_pos_46	0.001
2_pos_47	0.001
2_pos_48	0.001
2_pos_49	0.001
2_pos_50	0.001
2_pos_51	0.001
2_pos_52	0.001
2_pos_53	0.001
2_pos_54	0.001
2_pos_55	0.001
2_pos_56	0.001
2_pos_57	0.001
2_pos_58	0.001
2_pos_59	0.001
2_pos_60	0.001
2_pos_61	0.001
2_pos_62	0.001
2_pos_63	0.001
2_pos_64	0.001
2_pos_65	0.001
3_neg_1	0.135401375974
3_neg_2	0.7577132654100001
3_neg_3	0.480509893723
3_neg_4	0.160159585184
3_neg_5	0.27576965093
3_neg_6	0.366255172367
3_neg_7	0.28453924108399997
3_neg_8	0.640332190062
3_neg_9	0.31845464875999996
3_neg_10	0.33664670347900005
3_neg_11	0.6071352080529999
3_neg_12	0.24158307680500002
3_neg_13	0.384066493282
3_neg_14	0.104696933135
3_neg_15	0.6144237582850001
3_neg_16	0.38417806454899994
3_neg_17	0.41173748758900003
3_neg_18	0.740372547702
3_neg_19	0.543655072065
3_neg_20	0.24189033612
3_neg_21	0.118359642387
3_neg_22	0.222390486464
3_neg_23	0.570169479306
3_neg_24	0.356652945559
3_neg_25	0.647250144916
3_neg_26	0.322368541994
3_neg_27	0.7435044191410001
3_neg_28	0.223211930506
3_neg_29	0.29457680179400003
3_neg_30	0.34380277672799997
3_neg_31	0.7039966800830001
3_neg_32	0.46660053262900003
3_neg_33	0.179857317746
3_neg_34	0.43157701034900003
3_neg_35	0.7036122013060001
3_neg_36	0.533500833088
3_neg_37	0.291228275371
3_neg_38	0.12242370152999998
3_neg_39	0.7056611388609999
3_neg_40	0.20915624173099998
3_neg_41	0.169008252586
3_neg_42	0.208960475211
3_neg_43	0.478698145379
3_neg_44	0.7565100156929999
3_neg_45	0.432160741854
3_neg_46	0.693964533345
3_neg_47	0.420172946142
3_neg_48	0.509879138461
3_neg_49	0.652194462108
3_neg_50	0.547422810377
3_neg_51	0.50413179842
3_neg_52	0.7431542676139999
3_neg_53	0.32943069189199997
3_neg_54	0.165097001414
3_neg_55	0.501813753276
3_neg_56	0.196095296349
3_neg_57	0.509782544167
3_neg_58	0.45652433541299997
3_neg_59	0.68168627408
3_neg_60	0.201454238621
3_neg_61	0.574572533975
4_pos_1	0.001
4_pos_2	0.001
4_pos_3	0.001
4_pos_4	0.001
4_pos_5	0.001
4_pos_6	0.001
4_pos_7	0.001
4_pos_8	0.001
4_pos_9	0.001
4_pos_10	0.001
4_pos_11	0.001
4_pos_12	0.001
4_pos_13	0.001
4_pos_14	0.001
4_pos_15	0.001
4_pos_16	0.001
4_pos_17	0.001
4_pos_18	0.001
4_pos_19	0.001
4_pos_20	0.001
4_pos_21	0.001
4_pos_22	0.001
4_pos_23	0.001
4_pos_24	0.001
4_pos_25	0.001
4_pos_26	0.001
4_pos_27	0.001
4_pos_28	0.001
4_pos_29	0.001
4_pos_30	0.001
4_pos_31	0.001
4_pos_32	0.001
4_pos_33	0.001
4_pos_34	0.001
4_pos_35	0.001
4_pos_36	0.001
4_pos_37	0.001
4_pos_38	0.001
4_pos_39	0.001
4_pos_40	0.001
4_pos_41	0.001
4_pos_42	0.001
4_pos_43	0.001
4_pos_44	0.001
4_pos_45	0.001
4_pos_46	0.001
4_pos_47	0.001
4_pos_48	0.001
4_pos_49	0.001
4_pos_50	0.001
4_pos_51	0.001
4_pos_52	0.001
4_pos_53	0.001
4_pos_54	0.001
4_pos_55	0.001
4_pos_56	0.001
4_pos_57	0.001
4_pos_58	0.001
4_pos_59	0.001
4_pos_60	0.001
4_pos_61	0.001
4_pos_62	0.001
4_pos_63	0.001
4_pos_64	0.001
4_pos_65	0.001
4_pos_66	0.001
4_pos_67	0.001
4_pos_68	0.001
4_pos_69	0.001
4_pos_70	0.001
4_pos_71	0.001
4_pos_72	0.001
4_pos_73	0.001
4_pos_74	0.001
4_pos_75	0.001
4_pos_76	0.001
5_neg_1	0.415725829754
5_neg_2	0.21392599593199998
5_neg_3	0.206129117249
5_neg_4	0.559899387556
5_neg_5	0.683027202887
5_neg_6	0.7953041723309999
5_neg_7	0.22428312659000002
5_neg_8	0.791001527163
5_neg_9	0.36700945886299996
5_neg_10	0.7269930730259999
5_neg_11	0.536746411717
5_neg_12	0.32710366644
5_neg_13	0.425100700481
5_neg_14	0.606713829052
5_neg_15	0.596054710918
5_neg_16	0.285548495176
5_neg_17	0.651122792777
5_neg_18	0.35259490152500006
5_neg_19	0.351858416041
5_neg_20	0.451248960754
5_neg_21	0.42809123014899997
5_neg_22	0.675131517588
5_neg_23	0.297326389289
5_neg_24	0.608953935213
5_neg_25	0.251622288547
5_neg_26	0.372197355329
5_neg_27	0.7789947946789999
5_neg_28	0.645065785186
5_neg_29	0.260914116061
5_neg_30	0.656736482627
5_neg_31	0.49203827213600004
5_neg_32	0.426930226133
5_neg_33	0.743124756724
5_neg_34	0.30637459921300003
5_neg_35	0.637978464814
5_neg_36	0.172651342896
5_neg_37	0.718252668295
5_neg_38	0.569503591176
5_neg_39	0.768054430018
5_neg_40	0.576961151549
5_neg_41	0.33671462248899997
5_neg_42	0.572168558807
5_neg_43	0.759678472326
5_neg_44	0.167483015709
5_neg_45	0.330403760245
5_neg_46	0.20659256277
5_neg_47	0.235901056781
5_neg_48	0.374065249636
5_neg_49	0.54922095165
5_neg_50	0.328224690066
5_neg_51	0.7490641122
5_neg_52	0.301732022507
5_neg_53	0.212508782741
5_neg_54	0.535689055422
5_neg_55	0.445040657871
5_neg_56	0.235076947466
5_neg_57	0.43995228239699996
5_neg_58	0.362111161788
5_neg_59	0.416643406057
5_neg_60	0.6949504835420001
5_neg_61	0.37846137311899997
5_neg_62	0.327834142253
5_neg_63	0.5928709137520001
5_neg_64	0.179925307425
5_neg_65	0.514614442679
5_neg_66	0.11121765582000001
5_neg_67	0.742819081843
6_pos_1	0.001
6_pos_2	0.001
6_pos_3	0.001
6_pos_4	0.001
6_pos_5	0.001
6_pos_6	0.001
6_pos_7	0.001
6_pos_8	0.001
6_pos_9	0.001
6_pos_10	0.001
6_pos_11	0.001
6_pos_12	0.001
6_pos_13	0.001
6_pos_14	0.001
6_pos_15	0.001
6_pos_16	0.001
6_pos_17	0.001
6_pos_18	0.001
6_pos_19	0.001
6_pos_20	0.001
6_pos_21	0.001
6_pos_22	0.001
6_pos_23	0.001
6_pos_24	0.001
6_pos_25	0.001
6_pos_26	0.001
6_pos_27	0.001
6_pos_28	0.001
6_pos_29	0.001
6_pos_30	0.001
6_pos_31	0.001
6_pos_32	0.001
6_pos_33	0.001
6_pos_34	0.001
6_pos_35	0.001
6_pos_36	0.001
6_pos_37	0.001
6_pos_38	0.001
6_pos_39	0.001
6_pos_40	0.001
6_pos_41	0.001
6_pos_42	0.001
6_pos_43	0.001
6_pos_44	0.001
6_pos_45	0.001
6_pos_46	0.001
6_pos_47	0.001
6_pos_48	0.001
6_pos_49	0.001
6_pos_50	0.001
6_pos_51	0.001
6_pos_52	0.001
6_pos_53	0.001
6_pos_54	0.001
6_pos_55	0.001
6_pos_56	0.001
6_pos_57	0.001
6_pos_58	0.001
6_pos_59	0.001
6_pos_60	0.001
6_pos_61	0.001
6_pos_62	0.001
6_pos_63	0.001
6_pos_64	0.001
6_pos_65	0.001
6_pos_66	0.001
6_pos_67	0.001
6_pos_68	0.001
6_pos_69	0.001
6_pos_70	0.001
6_pos_71	0.001
6_pos_72	0.001
6_pos_73	0.001
7_neg_1	0.331038504794
7_neg_2	0.109355296679
7_neg_3	0.678519579786
7_neg_4	0.444419094021
7_neg_5	0.507879316421
7_neg_6	0.524404546806
7_neg_7	0.6667300252480001
7_neg_8	0.378693684541
7_neg_9	0.691009536731
7_neg_10	0.568050883908
7_neg_11	0.271720681427
7_neg_12	0.356588996321
7_neg_13	0.10511657717900001
7_neg_14	0.321998764415
7_neg_15	0.20398865349
7_neg_16	0.5927203564019999
7_neg_17	0.797713688067
7_neg_18	0.147052438155
7_neg_19	0.6743615771029999
7_neg_20	0.639847993366
7_neg_21	0.378598590373
7_neg_22	0.7795845190809999
7_neg_23	0.679558596468
7_neg_24	0.5242454126199999
7_neg_25	0.478812970063
7_neg_26	0.309333461956
7_neg_27	0.48952588382600004
7_neg_28	0.650573705541
7_neg_29	0.49295424114200004
7_neg_30	0.707128768195
7_neg_31	0.7001833393670001
7_neg_32	0.55413122047
7_neg_33	0.214887798913
7_neg_34	0.17228098267099998
7_neg_35	0.48446398695
7_neg_36	0.32116713397
7_neg_37	0.283492927675
7_neg_38	0.573400497238
7_neg_39	0.18702042780900002
7_neg_40	0.6449357057289999
7_neg_41	0.692926799491
7_neg_42	0.6714964187829999
7_neg_43	0.745564766774
7_neg_44	0.467097784116
7_neg_45	0.42101369252899995
7_neg_46	0.30143937026
7_neg_47	0.48997154107100005
7_neg_48	0.658945842254
7_neg_49	0.7353797212459999
7_neg_50	0.46652722791400003
7_neg_51	0.125021251337
7_neg_52	0.491371154607
8_pos_1	0.001
8_pos_2	0.001
8_pos_3	0.001
8_pos_4	0.001
8_pos_5	0.001
8_pos_6	0.001
8_pos_7	0.001
8_pos_8	0.001
8_pos_9	0.001
8_pos_10	0.001
8_pos_11	0.001
8_pos_12	0.001
8_pos_13	0.001
8_pos_14	0.001
8_pos_15	0.001
8_pos_16	0.001
8_pos_17	0.001
8_pos_18	0.001
8_pos_19	0.001
8_pos_20	0.001
8_pos_21	0.001
8_pos_22	0.001
8_pos_23	0.001
8_pos_24	0.001
8_pos_25	0.001
8_pos_26	0.001
8_pos_27	0.001
8_pos_28	0.001
8_pos_29	0.001
8_pos_30	0.001
8_pos_31	0.001
8_pos_32	0.001
8_pos_33	0.001
8_pos_34	0.001
8_pos_35	0.001
8_pos_36	0.001
8_pos_37	0.001
8_pos_38	0.001
8_pos_39	0.001
8_pos_40	0.001
8_pos_41	0.001
8_pos_42	0.001
8_pos_43	0.001
8_pos_44	0.001
8_pos_45	0.001
8_pos_46	0.001
8_pos_47	0.001
8_pos_48	0.001
8_pos_49	0.001
8_pos_50	0.001
9_neg_1	0.39157662323
9_neg_2	0.42278221439900004
9_neg_3	0.5962708861420001
9_neg_4	0.562626623186
9_neg_5	0.263713653326
9_neg_6	0.38163541302799997
9_neg_7	0.126267541792
9_neg_8	0.5128002632540001
9_neg_9	0.6089032659929999
9_neg_10	0.694622443013
9_neg_11	0.706576077941
9_neg_12	0.686344684675
9_neg_13	0.651275428432
9_neg_14	0.422991143487
9_neg_15	0.544555146617
9_neg_16	0.23115122755399997
9_neg_17	0.327288505854
9_neg_18	0.509652552208
9_neg_19	0.580687990188
9_neg_20	0.737691057399
9_neg_21	0.4302178724399999
9_neg_22	0.119753451349
9_neg_23	0.226174244737
9_neg_24	0.128239150191
9_neg_25	0.665999237386
9_neg_26	0.681609551653
9_neg_27	0.546907563936
9_neg_28	0.340093828387
9_neg_29	0.376453121957
9_neg_30	0.684019030617
9_neg_31	0.21499357499299998
9_neg_32	0.43536496515
9_neg_33	0.5131267265389999
9_neg_34	0.6573406434269999
9_neg_35	0.251910574381
9_neg_36	0.38083748928800004
9_neg_37	0.293143893655
9_neg_38	0.629805987474
9_neg_39	0.301609123444
9_neg_40	0.29092754953600003
9_neg_41	0.755023835806
9_neg_42	0.5667253045840001
9_neg_43	0.37269588209700005
9_neg_44	0.355672008606
9_neg_45	0.7592544133499999
9_neg_46	0.249828178192
9_neg_47	0.6394663294080001
9_neg_48	0.236048091645
9_neg_49	0.220221085671
9_neg_50	0.22076212895599998
9_neg_51	0.326477671047
9_neg_52	0.47280648925700003
9_neg_53	0.47038802268299995
9_neg_54	0.78360108896
9_neg_55	0.362228884032
9_neg_56	0.516426204459
9_neg_57	0.5350295467180001
9_neg_58	0.514593267485
9_neg_59	0.172292391232
9_neg_60	0.286342016943
9_neg_61	0.287866198789
9_neg_62	0.33783246966200003
9_neg_63	0.63414447877
9_neg_64	0.38829799944700005
9_neg_65	0.10078515460200001
9_neg_66	0.321338919589
9_neg_67	0.275636142703
9_neg_68	0.324495375657
9_neg_69	0.570251890515
9_neg_70	0.132817403899
9_neg_71	0.630926951033
9_neg_72	0.139663775626
9_neg_73	0.35959169232500005
9_neg_74	0.407213525178
9_neg_75	0.129590693059
9_neg_76	0.35256061276699996
10_pos_1	0.001
10_pos_2	0.001
10_pos_3	0.001
10_pos_4	0.001
10_pos_5	0.001
10_pos_6	0.001
10_pos_7	0.001
10_pos_8	0.001
10_pos_9	0.001
10_pos_10	0.001
10_pos_11	0.001
10_pos_12	0.001
10_pos_13	0.001
10_pos_14	0.001
10_pos_15	0.001
10_pos_16	0.001
10_pos_17	0.001
10_pos_18	0.001
10_pos_19	0.001
10_pos_20	0.001
10_pos_21	0.001
10_pos_22	0.001
10_pos_23	0.001
10_pos_24	0.001
10_pos_25	0.001
10_pos_26	0.001
10_pos_27	0.001
10_pos_28	0.001
10_pos_29	0.001
10_pos_30	0.001
10_pos_31	0.001
10_pos_32	0.001
10_pos_33	0.001
10_pos_34	0.001
10_pos_35	0.001
10_pos_36	0.001
10_pos_37	0.001
10_pos_38	0.001
10_pos_39	0.001
10_pos_40	0.001
10_pos_41	0.001
10_pos_42	0.001
10_pos_43	0.001
10_pos_44	0.001
10_pos_45	0.001
10_pos_46	0.001
10_pos_47	0.001
10_pos_48	0.001
10_pos_49	0.001
10_pos_50	0.001
10_pos_51	0.001
10_pos_52	0.001
10_pos_53	0.001
10_pos_54	0.001
10_pos_55	0.001
10_pos_56	0.001
10_pos_57	0.001
10_pos_58	0.001
10_pos_59	0.001
10_pos_60	0.001
10_pos_61	0.001
10_pos_62	0.001
10_pos_63	0.001
10_pos_64	0.001
10_pos_65	0.001
10_pos_66	0.001
11_neg_1	0.5571038192450001
11_neg_2	0.568056346737
11_neg_3	0.231311753825
11_neg_4	0.31267359786
11_neg_5	0.313947584987
11_neg_6	0.130473595438
11_neg_7	0.260396681518
11_neg_8	0.43709299713699995
11_neg_9	0.22408635429200002
11_neg_10	0.6785854246780001
11_neg_11	0.494774771045
11_neg_12	0.732204032248
11_neg_13	0.141333855986
11_neg_14	0.729804229796
11_neg_15	0.17127305000100002
11_neg_16	0.289944614943
11_neg_17	0.5816123277340001
11_neg_18	0.7861009331300001
11_neg_19	0.554253387212
11_neg_20	0.486780701629
11_neg_21	0.38707630094800005
11_neg_22	0.54885085518
11_neg_23	0.570848675291
11_neg_24	0.22865054042599997
11_neg_25	0.413076567309
11_neg_26	0.6620758647689999
11_neg_27	0.583766663994
11_neg_28	0.54525798605
11_neg_29	0.706273247273
11_neg_30	0.514435908955
11_neg_31	0.7927387706389999
11_neg_32	0.21271507363400002
11_neg_33	0.637335906849
11_neg_34	0.559114468773
11_neg_35	0.662127865629
11_neg_36	0.581557268857
11_neg_37	0.182283291271
11_neg_38	0.6347340336289999
11_neg_39	0.632530138406
11_neg_40	0.24015627609999998
11_neg_41	0.753249136346
11_neg_42	0.563103455364
11_neg_43	0.471617951599
11_neg_44	0.527531208257
11_neg_45	0.46070627291500005
11_neg_46	0.760665225477
11_neg_47	0.771801943248
11_neg_48	0.720604169989
11_neg_49	0.7046130218359999
11_neg_50	0.107073150038
11_neg_51	0.362152458866
11_neg_52	0.786402903601
11_neg_53	0.728668428678
11_neg_54	0.250666344828
11_neg_55	0.418041362705
11_neg_56	0.11826745979100001
11_neg_57	0.453033213948
11_neg_58	0.36223469337499997
11_neg_59	0.6791947219329999
11_neg_60	0.32504304888700003
11_neg_61	0.227544405963
11_neg_62	0.622147237209
11_neg_63	0.756738772263
11_neg_64	0.258163596241
11_neg_65	0.24948597906599998
11_neg_66	0.25544280788199997
11_neg_67	0.505674618734
11_neg_68	0.291251452862
11_neg_69	0.10575420168199999
11_neg_70	0.241337226793
11_neg_71	0.47530727779700005
11_neg_72	0.72104792075
11_neg_73	0.310405594027
11_neg_74	0.619763275776
11_neg_75	0.150842332691
11_neg_76	0.757863312017
11_neg_77	0.43977438516500006
11_neg_78	0.396902506688
11_neg_79	0.636764646655
11_neg_80	0.7037861014069999
11_neg_81	0.526634041893
11_neg_82	0.756010373959
11_neg_83	0.39307075773100003
12_pos_1	0.001
12_pos_2	0.001
12_pos_3	0.001
12_pos_4	0.001
12_pos_5	0.001
12_pos_6	0.001
12_pos_7	0.001
12_pos_8	0.001
12_pos_9	0.001
12_pos_10	0.001
12_pos_11	0.001
12_pos_12	0.001
12_pos_13	0.001
12_pos_14	0.001
12_pos_15	0.001
12_pos_16	0.001
12_pos_17	0.001
12_pos_18	0.001
12_pos_19	0.001
12_pos_20	0.001
12_pos_21	0.001
12_pos_22	0.001
12_pos_23	0.001
12_pos_24	0.001
12_pos_25	0.001
12_pos_26	0.001
12_pos_27	0.001
12_pos_28	0.001
12_pos_29	0.001
12_pos_30	0.001
12_pos_31	0.001
12_pos_32	0.001
12_pos_33	0.001
12_pos_34	0.001
12_pos_35	0.001
12_pos_36	0.001
12_pos_37	0.001
12_pos_38	0.001
12_pos_39	0.001
12_pos_40	0.001
12_pos_41	0.001
12_pos_42	0.001
12_pos_43	0.001
12_pos_44	0.001
12_pos_45	0.001
12_pos_46	0.001
12_pos_47	0.001
12_pos_48	0.001
12_pos_49	0.001
12_pos_50	0.001
12_pos_51	0.001
12_pos_52	0.001
12_pos_53	0.001
12_pos_54	0.001
12_pos_55	0.001
12_pos_56	0.001
12_pos_57	0.001
12_pos_58	0.001
12_pos_59	0.001
12_pos_60	0.001
12_pos_61	0.001
12_pos_62	0.001
12_pos_63	0.001
12_pos_64	0.001
12_pos_65	0.001
12_pos_66	0.001
12_pos_67	0.001
12_pos_68	0.001
12_pos_69	0.001
12_pos_70	0.001
12_pos_71	0.001
12_pos_72	0.001
12_pos_73	0.001
12_pos_74	0.001
12_pos_75	0.001
12_pos_76	0.001
12_pos_77	0.001
12_pos_78	0.001
12_pos_79	0.001
12_pos_80	0.001
12_pos_81	0.001
12_pos_82	0.001
12_pos_83	0.001
12_pos_84	0.001
12_pos_85	0.001
12_pos_86	0.001
12_pos_87	0.001
13_neg_1	0.44934731224200003
13_neg_2	0.34323226109
13_neg_3	0.324697732359
13_neg_4	0.476460249007
13_neg_5	0.188867584512
13_neg_6	0.7587135532829999
13_neg_7	0.269851174993
13_neg_8	0.141299654241
13_neg_9	0.22293958641800002
13_neg_10	0.49813347242
13_neg_11	0.22139933860599997
13_neg_12	0.413942823037
13_neg_13	0.408374390409
13_neg_14	0.474631360291
13_neg_15	0.402106800701
13_neg_16	0.394315560197
13_neg_17	0.542398492656
13_neg_18	0.317633151896
13_neg_19	0.400379359837
13_neg_20	0.7085096001919999
13_neg_21	0.593763848596
13_neg_22	0.255906322068
13_neg_23	0.594368902911
13_neg_24	0.282941764916
13_neg_25	0.295869933307
13_neg_26	0.50622443556
13_neg_27	0.41787205641900005
13_neg_28	0.5002832907670001
13_neg_29	0.644338087658
13_neg_30	0.23113515505899998
13_neg_31	0.37661095684600004
13_neg_32	0.299990761246
13_neg_33	0.611046192231
13_neg_34	0.7531996581929999
13_neg_35	0.6270225234660001
13_neg_36	0.364259104996
13_neg_37	0.509625950536
13_neg_38	0.48710615841300003
13_neg_39	0.518626360939
13_neg_40	0.797582338166
13_neg_41	0.544737328088
13_neg_42	0.694466929065
13_neg_43	0.434566685796
13_neg_44	0.259940258276
13_neg_45	0.486600000222
13_neg_46	0.306844514694
13_neg_47	0.397035101813
13_neg_48	0.258094766992
13_neg_49	0.13684748631100002
13_neg_50	0.511365611777
13_neg_51	0.20820055153900002
13_neg_52	0.635164599701
13_neg_53	0.707507330611
13_neg_54	0.647569288215
13_neg_55	0.327528485099
13_neg_56	0.370622628534
13_neg_57	0.7378795879350001
13_neg_58	0.48985735788
13_neg_59	0.48649602585100005
13_neg_60	0.360786457011
13_neg_61	0.44734893693000005
13_neg_62	0.16118049427300002
13_neg_63	0.672240517535
13_neg_64	0.342577486443
13_neg_65	0.664096135891
13_neg_66	0.21756968201699997
13_neg_67	0.74340322378
13_neg_68	0.658624020817
13_neg_69	0.100216583339
13_neg_70	0.287011584516
13_neg_71	0.263762256479
13_neg_72	0.134534374455
13_neg_73	0.116624843716
13_neg_74	0.36417930327799997
13_neg_75	0.106031601122
13_neg_76	0.407035704606
13_neg_77	0.396168782517
13_neg_78	0.415302803455
13_neg_79	0.629649619057
13_neg_80	0.645829665461
13_neg_81	0.352103435333
13_neg_82	0.40149561684600005
13_neg_83	0.21151378014000002
13_neg_84	0.523840140085
13_neg_85	0.250990038988
13_neg_86	0.274573525847
13_neg_87	0.61982368317
13_neg_88	0.43313109943000005
13_neg_89	0.553078590473
13_neg_90	0.43199476893399996
13_neg_91	0.248032676277
14_pos_1	0.001
14_pos_2	0.001
14_pos_3	0.001
14_pos_4	0.001
14_pos_5	0.001
14_pos_6	0.001
14_pos_7	0.001
14_pos_8	0.001
14_pos_9	0.001
14_pos_10	0.001
14_pos_11	0.001
14_pos_12	0.001
14_pos_13	0.001
14_pos_14	0.001
14_pos_15	0.001
14_pos_16	0.001
14_pos_17	0.001
14_pos_18	0.001
14_pos_19	0.001
14_pos_20	0.001
14_pos_21	0.001
14_pos_22	0.001
14_pos_23	0.001
14_pos_24	0.001
14_pos_25	0.001
14_pos_26	0.001
14_pos_27	0.001
14_pos_28	0.001
14_pos_29	0.001
14_pos_30	0.001
14_pos_31	0.001
14_pos_32	0.001
14_pos_33	0.001
14_pos_34	0.001
14_pos_35	0.001
14_pos_36	0.001
14_pos_37	0.001
14_pos_38	0.001
14_pos_39	0.001
14_pos_40	0.001
14_pos_41	0.001
14_pos_42	0.001
14_pos_43	0.001
14_pos_44	0.001
14_pos_45	0.001
14_pos_46	0.001
14_pos_47	0.001
14_pos_48	0.001
14_pos_49	0.001
14_pos_50	0.001
14_pos_51	0.001
14_pos_52	0.001
14_pos_53	0.001
14_pos_54	0.001
14_pos_55	0.001
14_pos_56	0.001
14_pos_57	0.001
14_pos_58	0.001
14_pos_59	0.001
14_pos_60	0.001
14_pos_61	0.001
14_pos_62	0.001
14_pos_63	0.001
14_pos_64	0.001
14_pos_65	0.001
14_pos_66	0.001
14_pos_67	0.001
15_neg_1	0.753546847532
15_neg_2	0.693473779438
15_neg_3	0.754650683901
15_neg_4	0.49522804430600004
15_neg_5	0.176585979765
15_neg_6	0.107554635023
15_neg_7	0.596136324612
15_neg_8	0.213313772683
15_neg_9	0.202632198068
15_neg_10	0.187246511739
15_neg_11	0.29759793775800003
15_neg_12	0.706932968451
15_neg_13	0.43426554694700004
15_neg_14	0.35004221053
15_neg_15	0.539862378448
15_neg_16	0.611482382016
15_neg_17	0.628360877158
15_neg_18	0.66006521881
15_neg_19	0.729843904197
15_neg_20	0.58442616384
15_neg_21	0.128744532193
15_neg_22	0.6779386234810001
15_neg_23	0.588825917822
15_neg_24	0.269576785765
15_neg_25	0.41443685696000004
15_neg_26	0.493677988596
15_neg_27	0.143110609606
15_neg_28	0.32256317244000005
15_neg_29	0.6210999085660001
15_neg_30	0.20867699692400002
15_neg_31	0.645156228203
15_neg_32	0.699989296874
15_neg_33	0.7720734977249999
15_neg_34	0.169968163922
15_neg_35	0.291812531652
15_neg_36	0.592079569007
15_neg_37	0.204394178808
15_neg_38	0.62651006853
15_neg_39	0.7398122804989999
15_neg_40	0.7939944826980001
15_neg_41	0.537485650868
15_neg_42	0.341269488208
15_neg_43	0.162042534104
15_neg_44	0.6213998096369999
15_neg_45	0.48820041452699997
15_neg_46	0.746532695932
15_neg_47	0.7275112222460001
15_neg_48	0.5341823169
15_neg_49	0.694692485666
15_neg_50	0.5205961358160001
15_neg_51	0.259819838643
15_neg_52	0.431522721781
15_neg_53	0.766101326594
15_neg_54	0.5295841578989999
15_neg_55	0.14509577019099998
15_neg_56	0.372823526607
15_neg_57	0.785749232025
15_neg_58	0.411918570652
15_neg_59	0.756349389684
15_neg_60	0.429206882808
15_neg_61	0.278723596277
15_neg_62	0.20874730247
15_neg_63	0.152522294467
15_neg_64	0.7314918241030001
15_neg_65	0.383038231757
15_neg_66	0.746990721349
15_neg_67	0.30638800957
15_neg_68	0.429858566427
15_neg_69	0.288851758472
15_neg_70	0.70201963345
15_neg_71	0.6353086786609999
15_neg_72	0.517462528546
15_neg_73	0.563058896963
16_pos_1	0.001
16_pos_2	0.001
16_pos_3	0.001
16_pos_4	0.001
16_pos_5	0.001
16_pos_6	0.001
16_pos_7	0.001
16_pos_8	0.001
16_pos_9	0.001
16_pos_10	0.001
16_pos_11	0.001
16_pos_12	0.001
16_pos_13	0.001
16_pos_14	0.001
16_pos_15	0.001
16_pos_16	0.001
16_pos_17	0.001
16_pos_18	0.001
16_pos_19	0.001
16_pos_20	0.001
16_pos_21	0.001
16_pos_22	0.001
16_pos_23	0.001
16_pos_24	0.001
16_pos_25	0.001
16_pos_26	0.001
16_pos_27	0.001
16_pos_28	0.001
16_pos_29	0.001
16_pos_30	0.001
16_pos_31	0.001
16_pos_32	0.001
16_pos_33	0.001
16_pos_34	0.001
16_pos_35	0.001
16_pos_36	0.001
16_pos_37	0.001
16_pos_38	0.001
16_pos_39	0.001
16_pos_40	0.001
16_pos_41	0.001
16_pos_42	0.001
16_pos_43	0.001
16_pos_44	0.001
16_pos_45	0.001
16_pos_46	0.001
16_pos_47	0.001
16_pos_48	0.001
16_pos_49	0.001
16_pos_50	0.001
16_pos_51	0.001
16_pos_52	0.001
16_pos_53	0.001
16_pos_54	0.001
16_pos_55	0.001
16_pos_56	0.001
16_pos_57	0.001
16_pos_58	0.001
16_pos_59	0.001
16_pos_60	0.001
16_pos_61	0.001
16_pos_62	0.001
16_pos_63	0.001
16_pos_64	0.001
16_pos_65	0.001
17_neg_1	0.367531595898
17_neg_2	0.285687794751
17_neg_3	0.789594974524
17_neg_4	0.5748825904370001
17_neg_5	0.735520815026
17_neg_6	0.285803669578
17_neg_7	0.37043863714100006
17_neg_8	0.623085708974
17_neg_9	0.615439024887
17_neg_10	0.269592616776
17_neg_11	0.109808161192
17_neg_12	0.448285050475
17_neg_13	0.40110594318899995
17_neg_14	0.66065362026
17_neg_15	0.275647861542
17_neg_16	0.634692562097
17_neg_17	0.705390743399
17_neg_18	0.437938634593
17_neg_19	0.531343848751
17_neg_20	0.152975875688
17_neg_21	0.24505057847199999
17_neg_22	0.7656700209020001
17_neg_23	0.719864568701
17_neg_24	0.625590995638
17_neg_25	0.259785417284
17_neg_26	0.43057969418799996
17_neg_27	0.7876986262960001
17_neg_28	0.6600995486110001
17_neg_29	0.517383019895
17_neg_30	0.37350194111
17_neg_31	0.625972184591
17_neg_32	0.530554094996
17_neg_33	0.128101982375
17_neg_34	0.687291095024
17_neg_35	0.726298480012
17_neg_36	0.16954869742800002
17_neg_37	0.478133776099
17_neg_38	0.5590785105330001
17_neg_39	0.47068912159599996
17_neg_40	0.69567853846
17_neg_41	0.771043320223
17_neg_42	0.629115184026
17_neg_43	0.6773386514849999
17_neg_44	0.230917515229
17_neg_45	0.31591938850699997
17_neg_46	0.508084571891
17_neg_47	0.642017204383
17_neg_48	0.274912327365
17_neg_49	0.523036999626
17_neg_50	0.48061509916199996
17_neg_51	0.148853389413
17_neg_52	0.670738270785
17_neg_53	0.33815073316600003
17_neg_54	0.37769269119300003
17_neg_55	0.38642968407899997
17_neg_56	0.47492040141
17_neg_57	0.47285234562899997
17_neg_58	0.535990930272
17_neg_59	0.107291327762
17_neg_60	0.15092286764
17_neg_61	0.527120698784
17_neg_62	0.782610634825
17_neg_63	0.777032925239
17_neg_64	0.141634386049
18_pos_1	0.001
18_pos_2	0.001
18_pos_3	0.001
18_pos_4	0.001
18_pos_5	0.001
18_pos_6	0.001
18_pos_7	0.001
18_pos_8	0.001
18_pos_9	0.001
18_pos_10	0.001
18_pos_11	0.001
18_pos_12	0.001
18_pos_13	0.001
18_pos_14	0.001
18_pos_15	0.001
18_pos_16	0.001
18_pos_17	0.001
18_pos_18	0.001
18_pos_19	0.001
18_pos_20	0.001
18_pos_21	0.001
18_pos_22	0.001
18_pos_23	0.001
18_pos_24	0.001
18_pos_25	0.001
18_pos_26	0.001
18_pos_27	0.001
18_pos_28	0.001
18_pos_29	0.001
18_pos_30	0.001
18_pos_31	0.001
18_pos_32	0.001
18_pos_33	0.001
18_pos_34	0.001
18_pos_35	0.001
18_pos_36	0.001
18_pos_37	0.001
18_pos_38	0.001
18_pos_39	0.001
18_pos_40	0.001
18_pos_41	0.001
18_pos_42	0.001
18_pos_43	0.001
18_pos_44	0.001
18_pos_45	0.001
18_pos_46	0.001
18_pos_47	0.001
18_pos_48	0.001
18_pos_49	0.001
18_pos_50	0.001
18_pos_51	0.001
18_pos_52	0.001
18_pos_53	0.001
18_pos_54	0.001
18_pos_55	0.001
18_pos_56	0.001
18_pos_57	0.001
18_pos_58	0.001
18_pos_59	0.001
18_pos_60	0.001
18_pos_61	0.001
18_pos_62	0.001
18_pos_63	0.001
18_pos_64	0.001
18_pos_65	0.001
18_pos_66	0.001
18_pos_67	0.001
18_pos_68	0.001
18_pos_69	0.001
18_pos_70	0.001
18_pos_71	0.001
18_pos_72	0.001
18_pos_73	0.001
18_pos_74	0.001
18_pos_75	0.001
18_pos_76	0.001
18_pos_77	0.001
18_pos_78	0.001
18_pos_79	0.001
18_pos_80	0.001
18_pos_81	0.001
18_pos_82	0.001
19_neg_1	0.341106535308
19_neg_2	0.43059865730700003
19_neg_3	0.17357498285300002
19_neg_4	0.787519722966
19_neg_5	0.73184652971
19_neg_6	0.483651009686
19_neg_7	0.591195617298
19_neg_8	0.218051522636
19_neg_9	0.55701190185
19_neg_10	0.39726676557499996
19_neg_11	0.569059997089
19_neg_12	0.41894192343099995
19_neg_13	0.161331559892
19_neg_14	0.602334455851
19_neg_15	0.557718000747
19_neg_16	0.47195241196599996
19_neg_17	0.317785426777
19_neg_18	0.743116342291
19_neg_19	0.42497063487400005
19_neg_20	0.270427816669
19_neg_21	0.44833816595299997
19_neg_22	0.18940964197700003
19_neg_23	0.380120931685
19_neg_24	0.167102735712
19_neg_25	0.7670900567579999
19_neg_26	0.649321993487
19_neg_27	0.7777146912369999
19_neg_28	0.284493319246
19_neg_29	0.596183883654
19_neg_30	0.258329415306
19_neg_31	0.472198645062
19_neg_32	0.22768586436299998
19_neg_33	0.628708564579
19_neg_34	0.442253682131
19_neg_35	0.402194519172
19_neg_36	0.7922194988789999
19_neg_37	0.242765968851
19_neg_38	0.709760667749
19_neg_39	0.611763789565
19_neg_40	0.21576473413400002
19_neg_41	0.435946880634
19_neg_42	0.40800727094300004
19_neg_43	0.472299757488
19_neg_44	0.622031963851
19_neg_45	0.32127210026299996
19_neg_46	0.19818887760200002
19_neg_47	0.537744510931
19_neg_48	0.653350551495
19_neg_49	0.374966569458
19_neg_50	0.6460421419210001
19_neg_51	0.595817156489
20_pos_1	0.001
20_pos_2	0.001
20_pos_3	0.001
20_pos_4	0.001
20_pos_5	0.001
20_pos_6	0.001
20_pos_7	0.001
20_pos_8	0.001
20_pos_9	0.001
20_pos_10	0.001
20_pos_11	0.001
20_pos_12	0.001
20_pos_13	0.001
20_pos_14	0.001
20_pos_15	0.001
20_pos_16	0.001
20_pos_17	0.001
20_pos_18	0.001
20_pos_19	0.001
20_pos_20	0.001
20_pos_21	0.001
20_pos_22	0.001
20_pos_23	0.001
20_pos_24	0.001
20_pos_25	0.001
20_pos_26	0.001
20_pos_27	0.001
20_pos_28	0.001
20_pos_29	0.001
20_pos_30	0.001
20_pos_31	0.001
20_pos_32	0.001
20_pos_33	0.001
20_pos_34	0.001
20_pos_35	0.001
20_pos_36	0.001
20_pos_37	0.001
20_pos_38	0.001
20_pos_39	0.001
20_pos_40	0.001
20_pos_41	0.001
20_pos_42	0.001
20_pos_43	0.001
20_pos_44	0.001
20_pos_45	0.001
20_pos_46	0.001
20_pos_47	0.001
20_pos_48	0.001
20_pos_49	0.001
20_pos_50	0.001
20_pos_51	0.001
20_pos_52	0.001
20_pos_53	0.001
20_pos_54	0.001
20_pos_55	0.001
20_pos_56	0.001
20_pos_57	0.001
20_pos_58	0.001
20_pos_59	0.001
20_pos_60	0.001
20_pos_61	0.001
20_pos_62	0.001
20_pos_63	0.001
20_pos_64	0.001
20_pos_65	0.001
20_pos_66	0.001
20_pos_67	0.001
20_pos_68	0.001
20_pos_69	0.001
20_pos_70	0.001
20_pos_71	0.001
20_pos_72	0.001
20_pos_73	0.001
20_pos_74	0.001
20_pos_75	0.001
20_pos_76	0.001
20_pos_77	0.001
20_pos_78	0.001
20_pos_79	0.001
20_pos_80	0.001
20_pos_81	0.001
20_pos_82	0.001
20_pos_83	0.001
20_pos_84	0.001
20_pos_85	0.001
20_pos_86	0.001
20_pos_87	0.001
20_pos_88	0.001
20_pos_89	0.001
20_pos_90	0.001
20_pos_91	0.001
20_pos_92	0.001
20_pos_93	0.001
21_neg_1	0.570661062822
21_neg_2	0.466447785445
21_neg_3	0.5951707451129999
21_neg_4	0.521970623694
21_neg_5	0.536444410082
21_neg_6	0.795954225228
21_neg_7	0.7720010348630001
21_neg_8	0.33932855245300003
21_neg_9	0.474692578254
21_neg_10	0.345949373677
21_neg_11	0.49729615977499997
21_neg_12	0.192363362755
21_neg_13	0.133069687156
21_neg_14	0.698841040935
21_neg_15	0.626285322813
21_neg_16	0.7633614500079999
21_neg_17	0.157318554375
21_neg_18	0.714864114771
21_neg_19	0.435361698647
21_neg_20	0.748520743174
21_neg_21	0.319413498365
21_neg_22	0.614041219631
21_neg_23	0.158474365605
21_neg_24	0.644775916431
21_neg_25	0.10292900421399999
21_neg_26	0.45095896590400003
21_neg_27	0.556589871502
21_neg_28	0.684165826434
21_neg_29	0.325621085392
21_neg_30	0.7457430891940001
21_neg_31	0.35217176740199996
21_neg_32	0.261790208877
21_neg_33	0.615763241979
21_neg_34	0.694018955833
21_neg_35	0.305720504796
21_neg_36	0.229045417355
21_neg_37	0.303379086546
21_neg_38	0.35213304348700003
21_neg_39	0.440651744253
21_neg_40	0.31747853106199997
21_neg_41	0.170275949098
21_neg_42	0.6785024802420001
21_neg_43	0.397528520189
21_neg_44	0.320804136811
21_neg_45	0.22934185691
21_neg_46	0.12276062534900001
21_neg_47	0.650473035964
21_neg_48	0.6084833296600001
21_neg_49	0.5070258728029999
21_neg_50	0.4920144982
21_neg_51	0.172431684399
21_neg_52	0.511285641464
21_neg_53	0.273129287355
21_neg_54	0.261167851796
21_neg_55	0.74776588102
21_neg_56	0.115861842405
21_neg_57	0.11020435182499999
21_neg_58	0.31012497283199997
21_neg_59	0.7935124067020001
21_neg_60	0.6874745267010001
21_neg_61	0.787499824656
22_pos_1	0.001
22_pos_2	0.001
22_pos_3	0.001
22_pos_4	0.001
22_pos_5	0.001
22_pos_6	0.001
22_pos_7	0.001
22_pos_8	0.001
22_pos_9	0.001
22_pos_10	0.001
22_pos_11	0.001
22_pos_12	0.001
22_pos_13	0.001
22_pos_14	0.001
22_pos_15	0.001
22_pos_16	0.001
22_pos_17	0.001
22_pos_18	0.001
22_pos_19	0.001
22_pos_20	0.001
22_pos_21	0.001
22_pos_22	0.001
22_pos_23	0.001
22_pos_24	0.001
22_pos_25	0.001
22_pos_26	0.001
22_pos_27	0.001
22_pos_28	0.001
22_pos_29	0.001
22_pos_30	0.001
22_pos_31	0.001
22_pos_32	0.001
22_pos_33	0.001
22_pos_34	0.001
22_pos_35	0.001
22_pos_36	0.001
22_pos_37	0.001
22_pos_38	0.001
22_pos_39	0.001
22_pos_40	0.001
22_pos_41	0.001
22_pos_42	0.001
22_pos_43	0.001
22_pos_44	0.001
22_pos_45	0.001
22_pos_46	0.001
22_pos_47	0.001
22_pos_48	0.001
22_pos_49	0.001
22_pos_50	0.001
22_pos_51	0.001
22_pos_52	0.001
22_pos_53	0.001
22_pos_54	0.001
22_pos_55	0.001
22_pos_56	0.001
22_pos_57	0.001
22_pos_58	0.001
22_pos_59	0.001
22_pos_60	0.001
23_neg_1	0.418128259973
23_neg_2	0.24821395242400002
23_neg_3	0.46177081913900003
23_neg_4	0.43256646140199995
23_neg_5	0.413872246911
23_neg_6	0.525724055348
23_neg_7	0.51376451403
23_neg_8	0.136504086492
23_neg_9	0.330893846525
23_neg_10	0.451152134313
23_neg_11	0.610376287527
23_neg_12	0.49247939715800004
23_neg_13	0.760226959352
23_neg_14	0.550689597009
23_neg_15	0.441148303728
23_neg_16	0.709755755326
23_neg_17	0.7576386840710001
23_neg_18	0.258237877765
23_neg_19	0.210185674573
23_neg_20	0.404876352242
23_neg_21	0.797805376749
23_neg_22	0.287230288522
23_neg_23	0.577147719058
23_neg_24	0.7789004168870001
23_neg_25	0.367341690847
23_neg_26	0.259462202692
23_neg_27	0.6938893449060001
23_neg_28	0.171417049107
23_neg_29	0.594798498841
23_neg_30	0.353374853075
23_neg_31	0.5177283313100001
23_neg_32	0.42572117826899997
23_neg_33	0.461667327294
23_neg_34	0.71621845269
23_neg_35	0.214768857746
23_neg_36	0.6362104305799999
23_neg_37	0.718527723899
23_neg_38	0.37226167023900003
23_neg_39	0.7486668458600001
23_neg_40	0.7664001490979999
23_neg_41	0.336794836816
23_neg_42	0.6406516332559999
23_neg_43	0.34261169528700003
23_neg_44	0.17371581593899998
23_neg_45	0.171516093517
23_neg_46	0.556728115366
23_neg_47	0.362403599869
23_neg_48	0.424034351515
23_neg_49	0.583229669795
23_neg_50	0.298330918814
23_neg_51	0.17532127805199998
23_neg_52	0.373109808547
23_neg_53	0.42759499744900004
23_neg_54	0.45827686167
23_neg_55	0.625288841394
23_neg_56	0.188676196302
23_neg_57	0.6257276272919999
23_neg_58	0.139744687705
23_neg_59	0.17758278461
23_neg_60	0.7539715275069999
23_neg_61	0.40834319372199995
23_neg_62	0.376040455075
23_neg_63	0.34459704103200006
23_neg_64	0.49679349470299994
23_neg_65	0.44165274583999997
23_neg_66	0.19587963889600002
24_pos_1	0.001
24_pos_2	0.001
24_pos_3	0.001
24_pos_4	0.001
24_pos_5	0.001
24_pos_6	0.001
24_pos_7	0.001
24_pos_8	0.001
24_pos_9	0.001
24_pos_10	0.001
24_pos_11	0.001
24_pos_12	0.001
24_pos_13	0.001
24_pos_14	0.001
24_pos_15	0.001
24_pos_16	0.001
24_pos_17	0.001
24_pos_18	0.001
24_pos_19	0.001
24_pos_20	0.001
24_pos_21	0.001
24_pos_22	0.001
24_pos_23	0.001
24_pos_24	0.001
24_pos_25	0.001
24_pos_26	0.001
24_pos_27	0.001
24_pos_28	0.001
24_pos_29	0.001
24_pos_30	0.001
24_pos_31	0.001
24_pos_32	0.001
24_pos_33	0.001
24_pos_34	0.001
24_pos_35	0.001
24_pos_36	0.001
24_pos_37	0.001
24_pos_38	0.001
24_pos_39	0.001
24_pos_40	0.001
24_pos_41	0.001
24_pos_42	0.001
24_pos_43	0.001
24_pos_44	0.001
24_pos_45	0.001
24_pos_46	0.001
24_pos_47	0.001
24_pos_48	0.001
24_pos_49	0.001
24_pos_50	0.001
24_pos_51	0.001
24_pos_52	0.001
24_pos_53	0.001
24_pos_54	0.001
24_pos_55	0.001
24_pos_56	0.001
24_pos_57	0.001
24_pos_58	0.001
24_pos_59	0.001
24_pos_60	0.001
24_pos_61	0.001
24_pos_62	0.001
24_pos_63	0.001
24_pos_64	0.001
24_pos_65	0.001
24_pos_66	0.001
24_pos_67	0.001
24_pos_68	0.001
24_pos_69	0.001
24_pos_70	0.001
24_pos_71	0.001
24_pos_72	0.001
25_neg_1	0.245393481253
25_neg_2	0.422253131937
25_neg_3	0.769183315525
25_neg_4	0.394464323766
25_neg_5	0.419306235347
25_neg_6	0.40723003848899997
25_neg_7	0.44944117488000007
25_neg_8	0.526749904715
25_neg_9	0.521199654763
25_neg_10	0.652413585106
25_neg_11	0.340054936262
25_neg_12	0.6944444364129999
25_neg_13	0.348762961004
25_neg_14	0.290425266499
25_neg_15	0.6097761042859999
25_neg_16	0.269717800539
25_neg_17	0.622703519659
25_neg_18	0.324110965363
25_neg_19	0.152038895038
25_neg_20	0.177456427156
25_neg_21	0.292080961764
25_neg_22	0.7221845546310001
25_neg_23	0.144672277981
25_neg_24	0.203112373288
25_neg_25	0.750046172739
25_neg_26	0.531447713774
25_neg_27	0.167263648581
25_neg_28	0.22265122329999998
25_neg_29	0.501079003937
25_neg_30	0.18958934881099998
25_neg_31	0.26047421315200003
25_neg_32	0.173321903247
25_neg_33	0.143510576301
25_neg_34	0.539776388989
25_neg_35	0.40853316166500003
25_neg_36	0.717053624707
25_neg_37	0.280529884038
25_neg_38	0.265061234391
25_neg_39	0.715031450987
25_neg_40	0.16690345121
25_neg_41	0.620245138324
25_neg_42	0.286184401815
25_neg_43	0.591299246721
25_neg_44	0.46870553194
25_neg_45	0.5813537353630001
25_neg_46	0.789803642341
25_neg_47	0.35729342306699996
25_neg_48	0.429780798155
25_neg_49	0.7943661642350001
25_neg_50	0.45582769324600003
25_neg_51	0.48738992273599996
25_neg_52	0.150147161192
25_neg_53	0.717169189253
25_neg_54	0.40850116912
25_neg_55	0.145235494646
25_neg_56	0.502980657027
25_neg_57	0.35655829220299995
25_neg_58	0.609879489771
26_pos_1	0.001
26_pos_2	0.001
26_pos_3	0.001
26_pos_4	0.001
26_pos_5	0.001
26_pos_6	0.001
26_pos_7	0.001
26_pos_8	0.001
26_pos_9	0.001
26_pos_10	0.001
26_pos_11	0.001
26_pos_12	0.001
26_pos_13	0.001
26_pos_14	0.001
26_pos_15	0.001
26_pos_16	0.001
26_pos_17	0.001
26_pos_18	0.001
26_pos_19	0.001
26_pos_20	0.001
26_pos_21	0.001
26_pos_22	0.001
26_pos_23	0.001
26_pos_24	0.001
26_pos_25	0.001
26_pos_26	0.001
26_pos_27	0.001
26_pos_28	0.001
26_pos_29	0.001
26_pos_30	0.001
26_pos_31	0.001
26_pos_32	0.001
26_pos_33	0.001
26_pos_34	0.001
26_pos_35	0.001
26_pos_36	0.001
26_pos_37	0.001
26_pos_38	0.001
26_pos_39	0.001
26_pos_40	0.001
26_pos_41	0.001
26_pos_42	0.001
26_pos_43	0.001
26_pos_44	0.001
26_pos_45	0.001
26_pos_46	0.001
26_pos_47	0.001
26_pos_48	0.001
26_pos_49	0.001
26_pos_50	0.001
26_pos_51	0.001
27_neg_1	0.110404840184
27_neg_2	0.29958849275800004
27_neg_3	0.133304464999
27_neg_4	0.140892949952
27_neg_5	0.729375002372
27_neg_6	0.580508517874
27_neg_7	0.136901165669
27_neg_8	0.696008716557
27_neg_9	0.22697216446199997
27_neg_10	0.372031511321
27_neg_11	0.486060426334
27_neg_12	0.10142806640100001
27_neg_13	0.517214099332
27_neg_14	0.20373970072500003
27_neg_15	0.672533483859
27_neg_16	0.5660936651349999
27_neg_17	0.461125838854
27_neg_18	0.689997089455
27_neg_19	0.436655740478
27_neg_20	0.7911732798890001
27_neg_21	0.26529639583799997
27_neg_22	0.14357462740399998
27_neg_23	0.314585356569
27_neg_24	0.18070854373700002
27_neg_25	0.360378416836
27_neg_26	0.659501760997
27_neg_27	0.591585338562
27_neg_28	0.6868724291670001
27_neg_29	0.47550726947
27_neg_30	0.505673390538
27_neg_31	0.683834121518
27_neg_32	0.403798103424
27_neg_33	0.56611299861
27_neg_34	0.30751315994399997
27_neg_35	0.369944157447
27_neg_36	0.271998971221
27_neg_37	0.732130403792
27_neg_38	0.775103313896
27_neg_39	0.503504009085
27_neg_40	0.47849088814900004
27_neg_41	0.307871124556
27_neg_42	0.778417508164
27_neg_43	0.417058511894
27_neg_44	0.125383111939
27_neg_45	0.492699776376
27_neg_46	0.24093195377300003
27_neg_47	0.36655941795
27_neg_48	0.167973465555
27_neg_49	0.35489931196999996
27_neg_50	0.7235346962870001
28_pos_1	0.001
28_pos_2	0.001
28_pos_3	0.001
28_pos_4	0.001
28_pos_5	0.001
28_pos_6	0.001
28_pos_7	0.001
28_pos_8	0.001
28_pos_9	0.001
28_pos_10	0.001
28_pos_11	0.001
28_pos_12	0.001
28_pos_13	0.001
28_pos_14	0.001
28_pos_15	0.001
28_pos_16	0.001
28_pos_17	0.001
28_pos_18	0.001
28_pos_19	0.001
28_pos_20	0.001
28_pos_21	0.001
28_pos_22	0.001
28_pos_23	0.001
28_pos_24	0.001
28_pos_25	0.001
28_pos_26	0.001
28_pos_27	0.001
28_pos_28	0.001
28_pos_29	0.001
28_pos_30	0.001
28_pos_31	0.001
28_pos_32	0.001
28_pos_33	0.001
28_pos_34	0.001
28_pos_35	0.001
28_pos_36	0.001
28_pos_37	0.001
28_pos_38	0.001
28_pos_39	0.001
28_pos_40	0.001
28_pos_41	0.001
28_pos_42	0.001
28_pos_43	0.001
28_pos_44	0.001
28_pos_45	0.001
28_pos_46	0.001
28_pos_47	0.001
28_pos_48	0.001
28_pos_49	0.001
28_pos_50	0.001
28_pos_51	0.001
28_pos_52	0.001
28_pos_53	0.001
28_pos_54	0.001
28_pos_55	0.001
28_pos_56	0.001
28_pos_57	0.001
28_pos_58	0.001
28_pos_59	0.001
28_pos_60	0.001
28_pos_61	0.001
28_pos_62	0.001
28_pos_63	0.001
28_pos_64	0.001
28_pos_65	0.001
28_pos_66	0.001
28_pos_67	0.001
28_pos_68	0.001
28_pos_69	0.001
28_pos_70	0.001
28_pos_71	0.001
28_pos_72	0.001
28_pos_73	0.001
28_pos_74	0.001
28_pos_75	0.001
28_pos_76	0.001
28_pos_77	0.001
28_pos_78	0.001
28_pos_79	0.001
28_pos_80	0.001
28_pos_81	0.001
28_pos_82	0.001
28_pos_83	0.001
28_pos_84	0.001
28_pos_85	0.001
28_pos_86	0.001
28_pos_87	0.001
28_pos_88	0.001
28_pos_89	0.001
28_pos_90	0.001
28_pos_91	0.001
28_pos_92	0.001
28_pos_93	0.001
28_pos_94	0.001
28_pos_95	0.001
28_pos_96	0.001
29_neg_1	0.628724688212
29_neg_2	0.5742937349130001
29_neg_3	0.20002901384
29_neg_4	0.169291130205
29_neg_5	0.29839403188999997
29_neg_6	0.448245661107
29_neg_7	0.622889637412
29_neg_8	0.286596701523
29_neg_9	0.766719691032
29_neg_10	0.106265765183
29_neg_11	0.12403204283
29_neg_12	0.7673611276010001
29_neg_13	0.7506736226180001
29_neg_14	0.6871124856759999
29_neg_15	0.346006766854
29_neg_16	0.442743815399
29_neg_17	0.462040598996
29_neg_18	0.481699734428
29_neg_19	0.45130998663099997
29_neg_20	0.10685168066400001
29_neg_21	0.173698106677
29_neg_22	0.608100787232
29_neg_23	0.663575322321
29_neg_24	0.204822772899
29_neg_25	0.17061785135699997
29_neg_26	0.670139997715
29_neg_27	0.42860223660999996
29_neg_28	0.6508795001550001
29_neg_29	0.518766833123
29_neg_30	0.776850681096
29_neg_31	0.605173851863
29_neg_32	0.444018676497
29_neg_33	0.640910625251
29_neg_34	0.535835311243
29_neg_35	0.416732044146
29_neg_36	0.792962864551
29_neg_37	0.383456939656
29_neg_38	0.577050363894
29_neg_39	0.17997378419500001
29_neg_40	0.371320156944
29_neg_41	0.139098003115
29_neg_42	0.6087005906899999
29_neg_43	0.638272458532
29_neg_44	0.40941961925
29_neg_45	0.233665129886
29_neg_46	0.6182091540079999
29_neg_47	0.500072317393
29_neg_48	0.317919354141
29_neg_49	0.699129953641
29_neg_50	0.729128889611
29_neg_51	0.559655575215
29_neg_52	0.23923468417399998
29_neg_53	0.399826537685
29_neg_54	0.42427192397299995
29_neg_55	0.635979998397
29_neg_56	0.517370713253
29_neg_57	0.67009852401
29_neg_58	0.167780818146
29_neg_59	0.279181283569
29_neg_60	0.558167614478
29_neg_61	0.10936143575200001
29_neg_62	0.594332186042
29_neg_63	0.40816754519500004
29_neg_64	0.7105467446729999
29_neg_65	0.43791292460299996
29_neg_66	0.120478424539
29_neg_67	0.479911462567
29_neg_68	0.7936974678759999
29_neg_69	0.766414244807
29_neg_70	0.537896268041
29_neg_71	0.48095663234999997
29_neg_72	0.43454501669600004
29_neg_73	0.44025903117200005
29_neg_74	0.442457407689
29_neg_75	0.226592105177
29_neg_76	0.5901550923569999
29_neg_77	0.11879861354699998
29_neg_78	0.150205777761
29_neg_79	0.668290293837
29_neg_80	0.24824694102400002
29_neg_81	0.10029607207999999
29_neg_82	0.347458404946
29_neg_83	0.705828303917
29_neg_84	0.5750776989549999
29_neg_85	0.463414135374
29_neg_86	0.45854851965800003
29_neg_87	0.422376395058
29_neg_88	0.494863623552
30_pos_1	0.001
30_pos_2	0.001
30_pos_3	0.001
30_pos_4	0.001
30_pos_5	0.001
30_pos_6	0.001
30_pos_7	0.001
30_pos_8	0.001
30_pos_9	0.001
30_pos_10	0.001
30_pos_11	0.001
30_pos_12	0.001
30_pos_13	0.001
30_pos_14	0.001
30_pos_15	0.001
30_pos_16	0.001
30_pos_17	0.001
30_pos_18	0.001
30_pos_19	0.001
30_pos_20	0.001
30_pos_21	0.001
30_pos_22	0.001
30_pos_23	0.001
30_pos_24	0.001
30_pos_25	0.001
30_pos_26	0.001
30_pos_27	0.001
30_pos_28	0.001
30_pos_29	0.001
30_pos_30	0.001
30_pos_31	0.001
30_pos_32	0.001
30_pos_33	0.001
30_pos_34	0.001
30_pos_35	0.001
30_pos_36	0.001
30_pos_37	0.001
30_pos_38	0.001
30_pos_39	0.001
30_pos_40	0.001
30_pos_41	0.001
30_pos_42	0.001
30_pos_43	0.001
30_pos_44	0.001
30_pos_45	0.001
30_pos_46	0.001
30_pos_47	0.001
30_pos_48	0.001
30_pos_49	0.001
30_pos_50	0.001
30_pos_51	0.001
30_pos_52	0.001
30_pos_53	0.001
30_pos_54	0.001
30_pos_55	0.001
30_pos_56	0.001
30_pos_57	0.001
30_pos_58	0.001
30_pos_59	0.001
30_pos_60	0.001
30_pos_61	0.001
30_pos_62	0.001
30_pos_63	0.001
30_pos_64	0.001
31_neg_1	0.10425142538200001
31_neg_2	0.15439925353800002
31_neg_3	0.286211813381
31_neg_4	0.45835974329499996
31_neg_5	0.533135217204
31_neg_6	0.788763899711
31_neg_7	0.60768815208
31_neg_8	0.59968112031
31_neg_9	0.277007477231
31_neg_10	0.29601375737
31_neg_11	0.23418096719099998
31_neg_12	0.233709516898
31_neg_13	0.6863172111720001
31_neg_14	0.221451580722
31_neg_15	0.187754061109
31_neg_16	0.311319385129
31_neg_17	0.341565692977
31_neg_18	0.468549142102
31_neg_19	0.389701753099
31_neg_20	0.297259111032
31_neg_21	0.42611283595
31_neg_22	0.374063667576
31_neg_23	0.302757165514
31_neg_24	0.420761777536
31_neg_25	0.7029648681559999
31_neg_26	0.47214681459200003
31_neg_27	0.36368788821000003
31_neg_28	0.465586811236
31_neg_29	0.416463402598
31_neg_30	0.126362624343
31_neg_31	0.725455345904
31_neg_32	0.10450088821499999
31_neg_33	0.332157317249
31_neg_34	0.40839365755
31_neg_35	0.10796592578099999
31_neg_36	0.10339851966399999
31_neg_37	0.419845463569
31_neg_38	0.719021453
31_neg_39	0.19118475162999998
31_neg_40	0.451318365286
31_neg_41	0.336596642396
31_neg_42	0.385445057747
31_neg_43	0.187702235625
31_neg_44	0.505944896549
31_neg_45	0.35900630680600004
31_neg_46	0.488231079039
31_neg_47	0.597383907502
31_neg_48	0.28781568008
31_neg_49	0.751213744371
31_neg_50	0.17914247081700002
31_neg_51	0.5937406174300001
31_neg_52	0.407308315807
31_neg_53	0.505354029926
31_neg_54	0.632676861878
31_neg_55	0.121157374726
31_neg_56	0.691278086233
31_neg_57	0.656989616859
31_neg_58	0.104019888085
31_neg_59	0.324095152128
31_neg_60	0.254949461965
31_neg_61	0.673218752927
31_neg_62	0.552935325632
31_neg_63	0.530577555572
31_neg_64	0.6251180199949999
31_neg_65	0.641077479417
31_neg_66	0.287113384491
31_neg_67	0.447104825283
31_neg_68	0.46817920859300005
31_neg_69	0.26065975671
31_neg_70	0.278616502445
31_neg_71	0.42221135232600004
31_neg_72	0.313430498519
31_neg_73	0.671256914683
31_neg_74	0.221061662518
31_neg_75	0.524422095764
31_neg_76	0.242572157986
31_neg_77	0.7089747745180001
31_neg_78	0.41162085699400003
31_neg_79	0.32160059563099996
31_neg_80	0.42756011812399997
31_neg_81	0.392310961542
31_neg_82	0.293879124341
31_neg_83	0.126461341077
31_neg_84	0.380432117612
31_neg_85	0.793143241039
31_neg_86	0.7657485353839999
31_neg_87	0.64152252581
31_neg_88	0.532199330143
31_neg_89	0.131442507678
31_neg_90	0.252308583222
31_neg_91	0.6775875201520001
32_pos_1	0.001
32_pos_2	0.001
32_pos_3	0.001
32_pos_4	0.001
32_pos_5	0.001
32_pos_6	0.001
32_pos_7	0.001
32_pos_8	0.001
32_pos_9	0.001
32_pos_10	0.001
32_pos_11	0.001
32_pos_12	0.001
32_pos_13	0.001
32_pos_14	0.001
32_pos_15	0.001
32_pos_16	0.001
32_pos_17	0.001
32_pos_18	0.001
32_pos_19	0.001
32_pos_20	0.001
32_pos_21	0.001
32_pos_22	0.001
32_pos_23	0.001
32_pos_24	0.001
32_pos_25	0.001
32_pos_26	0.001
32_pos_27	0.001
32_pos_28	0.001
32_pos_29	0.001
32_pos_30	0.001
32_pos_31	0.001
32_pos_32	0.001
32_pos_33	0.001
32_pos_34	0.001
32_pos_35	0.001
32_pos_36	0.001
32_pos_37	0.001
32_pos_38	0.001
32_pos_39	0.001
32_pos_40	0.001
32_pos_41	0.001
32_pos_42	0.001
32_pos_43	0.001
32_pos_44	0.001
32_pos_45	0.001
32_pos_46	0.001
32_pos_47	0.001
32_pos_48	0.001
32_pos_49	0.001
32_pos_50	0.001
32_pos_51	0.001
32_pos_52	0.001
32_pos_53	0.001
32_pos_54	0.001
32_pos_55	0.001
32_pos_56	0.001
32_pos_57	0.001
32_pos_58	0.001
32_pos_59	0.001
32_pos_60	0.001
32_pos_61	0.001
32_pos_62	0.001
32_pos_63	0.001
32_pos_64	0.001
32_pos_65	0.001
32_pos_66	0.001
32_pos_67	0.001
32_pos_68	0.001
32_pos_69	0.001
32_pos_70	0.001
32_pos_71	0.001
32_pos_72	0.001
32_pos_73	0.001
32_pos_74	0.001
32_pos_75	0.001
32_pos_76	0.001
32_pos_77	0.001
32_pos_78	0.001
32_pos_79	0.001
32_pos_80	0.001
32_pos_81	0.001
32_pos_82	0.001
32_pos_83	0.001
32_pos_84	0.001
32_pos_85	0.001
32_pos_86	0.001
32_pos_87	0.001
32_pos_88	0.001
32_pos_89	0.001
32_pos_90	0.001
32_pos_91	0.001
32_pos_92	0.001
32_pos_93	0.001
32_pos_94	0.001
32_pos_95	0.001
32_pos_96	0.001
32_pos_97	0.001
33_neg_1	0.59586171289
33_neg_2	0.468968637278
33_neg_3	0.7442602293199999
33_neg_4	0.34516510598399996
33_neg_5	0.159209310952
33_neg_6	0.120705221842
33_neg_7	0.158680536918
33_neg_8	0.747441210642
33_neg_9	0.154486441309
33_neg_10	0.446037173779
33_neg_11	0.6437826412600001
33_neg_12	0.7032728963889999
33_neg_13	0.40906917107100005
33_neg_14	0.5776452304999999
33_neg_15	0.490486860033
33_neg_16	0.341640298803
33_neg_17	0.196805594245
33_neg_18	0.5280791248800001
33_neg_19	0.149521438031
33_neg_20	0.573219850227
33_neg_21	0.37843360411
33_neg_22	0.481069953336
33_neg_23	0.7792549751369999
33_neg_24	0.568573790551
33_neg_25	0.126812720338
33_neg_26	0.279723085857
33_neg_27	0.399086080669
33_neg_28	0.175138035959
33_neg_29	0.392976746483
33_neg_30	0.776658379894
33_neg_31	0.524666464825
33_neg_32	0.5223353790349999
33_neg_33	0.146427227764
33_neg_34	0.553578576639
33_neg_35	0.769248214808
33_neg_36	0.6962086429359999
33_neg_37	0.234628838009
33_neg_38	0.525238318365
33_neg_39	0.697795408104
33_neg_40	0.229178761177
33_neg_41	0.39095783324
33_neg_42	0.172364063752
33_neg_43	0.45819168151199996
33_neg_44	0.43969602317699996
33_neg_45	0.319649591071
33_neg_46	0.199751695412
33_neg_47	0.156900830069
33_neg_48	0.31585402269
33_neg_49	0.553717155265
33_neg_50	0.33742667039000007
33_neg_51	0.533416455193
33_neg_52	0.5591655238350001
33_neg_53	0.659749420508
33_neg_54	0.353719449066
33_neg_55	0.22948599238000003
33_neg_56	0.210364686927
33_neg_57	0.134909676959
33_neg_58	0.699867503227
33_neg_59	0.5952951039100001
33_neg_60	0.200845560647
33_neg_61	0.346816780911
33_neg_62	0.485250024334
33_neg_63	0.718084208126
33_neg_64	0.491487962465
33_neg_65	0.258011160115
33_neg_66	0.2656858751
33_neg_67	0.120728435305
33_neg_68	0.264155704125
33_neg_69	0.626367436012
33_neg_70	0.127358664066
33_neg_71	0.714960634107
33_neg_72	0.113616819502
33_neg_73	0.408434382596
33_neg_74	0.676301915343
34_pos_1	0.001
34_pos_2	0.001
34_pos_3	0.001
34_pos_4	0.001
34_pos_5	0.001
34_pos_6	0.001
34_pos_7	0.001
34_pos_8	0.001
34_pos_9	0.001
34_pos_10	0.001
34_pos_11	0.001
34_pos_12	0.001
34_pos_13	0.001
34_pos_14	0.001
34_pos_15	0.001
34_pos_16	0.001
34_pos_17	0.001
34_pos_18	0.001
34_pos_19	0.001
34_pos_20	0.001
34_pos_21	0.001
34_pos_22	0.001
34_pos_23	0.001
34_pos_24	0.001
34_pos_25	0.001
34_pos_26	0.001
34_pos_27	0.001
34_pos_28	0.001
34_pos_29	0.001
34_pos_30	0.001
34_pos_31	0.001
34_pos_32	0.001
34_pos_33	0.001
34_pos_34	0.001
34_pos_35	0.001
34_pos_36	0.001
34_pos_37	0.001
34_pos_38	0.001
34_pos_39	0.001
34_pos_40	0.001
34_pos_41	0.001
34_pos_42	0.001
34_pos_43	0.001
34_pos_44	0.001
34_pos_45	0.001
34_pos_46	0.001
34_pos_47	0.001
34_pos_48	0.001
34_pos_49	0.001
34_pos_50	0.001
34_pos_51	0.001
34_pos_52	0.001
34_pos_53	0.001
34_pos_54	0.001
34_pos_55	0.001
34_pos_56	0.001
34_pos_57	0.001
34_pos_58	0.001
34_pos_59	0.001
34_pos_60	0.001
34_pos_61	0.001
34_pos_62	0.001
34_pos_63	0.001
34_pos_64	0.001
34_pos_65	0.001
34_pos_66	0.001
34_pos_67	0.001
34_pos_68	0.001
34_pos_69	0.001
34_pos_70	0.001
34_pos_71	0.001
34_pos_72	0.001
35_neg_1	0.7998699486740001
35_neg_2	0.264781909333
35_neg_3	0.37281227475199996
35_neg_4	0.5434803265470001
35_neg_5	0.546685022542
35_neg_6	0.457240790058
35_neg_7	0.103812700666
35_neg_8	0.665041625929
35_neg_9	0.324597513126
35_neg_10	0.4775297002100001
35_neg_11	0.17487716796100003
35_neg_12	0.29059418768
35_neg_13	0.168556566912
35_neg_14	0.436904014822
35_neg_15	0.350070781409
35_neg_16	0.426241756895
35_neg_17	0.106832052026
35_neg_18	0.639578576072
35_neg_19	0.379107640164
35_neg_20	0.396031013117
35_neg_21	0.528653129937
35_neg_22	0.679207859294
35_neg_23	0.326485601485
35_neg_24	0.751090276874
35_neg_25	0.572928575787
35_neg_26	0.656761500193
35_neg_27	0.50399281788
35_neg_28	0.504232821375
35_neg_29	0.523240618314
35_neg_30	0.69931715628
35_neg_31	0.164564543023
35_neg_32	0.581306597605
35_neg_33	0.610200680734
35_neg_34	0.5081501227090001
35_neg_35	0.729163807608
35_neg_36	0.5782101992459999
35_neg_37	0.7484821417899999
35_neg_38	0.31856383824400003
35_neg_39	0.793786696356
35_neg_40	0.380992126444
35_neg_41	0.126444646765
35_neg_42	0.297003626021
35_neg_43	0.6664887588399999
35_neg_44	0.303333556521
35_neg_45	0.6881899251010001
35_neg_46	0.128304896504
35_neg_47	0.670450273834
35_neg_48	0.386095506416
35_neg_49	0.41423413982100005
35_neg_50	0.587994737938
35_neg_51	0.539571372665
35_neg_52	0.119437391414
35_neg_53	0.340531204005
35_neg_54	0.44802295083000004
35_neg_55	0.38793918543300004
35_neg_56	0.36580787166100004
35_neg_57	0.593381448919
35_neg_58	0.252669658847
35_neg_59	0.36517544609700003
35_neg_60	0.549270469523
35_neg_61	0.32246529330400003
35_neg_62	0.5333540562219999
35_neg_63	0.553059643
35_neg_64	0.27683809752
35_neg_65	0.125336462515
35_neg_66	0.45628669375500003
35_neg_67	0.219767136898
35_neg_68	0.337427814336
36_pos_1	0.001
36_pos_2	0.001
36_pos_3	0.001
36_pos_4	0.001
36_pos_5	0.001
36_pos_6	0.001
36_pos_7	0.001
36_pos_8	0.001
36_pos_9	0.001
36_pos_10	0.001
36_pos_11	0.001
36_pos_12	0.001
36_pos_13	0.001
36_pos_14	0.001
36_pos_15	0.001
36_pos_16	0.001
36_pos_17	0.001
36_pos_18	0.001
36_pos_19	0.001
36_pos_20	0.001
36_pos_21	0.001
36_pos_22	0.001
36_pos_23	0.001
36_pos_24	0.001
36_pos_25	0.001
36_pos_26	0.001
36_pos_27	0.001
36_pos_28	0.001
36_pos_29	0.001
36_pos_30	0.001
36_pos_31	0.001
36_pos_32	0.001
36_pos_33	0.001
36_pos_34	0.001
36_pos_35	0.001
36_pos_36	0.001
36_pos_37	0.001
36_pos_38	0.001
36_pos_39	0.001
36_pos_40	0.001
36_pos_41	0.001
36_pos_42	0.001
36_pos_43	0.001
36_pos_44	0.001
36_pos_45	0.001
36_pos_46	0.001
36_pos_47	0.001
36_pos_48	0.001
36_pos_49	0.001
36_pos_50	0.001
36_pos_51	0.001
36_pos_52	0.001
36_pos_53	0.001
36_pos_54	0.001
36_pos_55	0.001
36_pos_56	0.001
36_pos_57	0.001
36_pos_58	0.001
36_pos_59	0.001
36_pos_60	0.001
36_pos_61	0.001
36_pos_62	0.001
36_pos_63	0.001
36_pos_64	0.001
36_pos_65	0.001
36_pos_66	0.001
36_pos_67	0.001
36_pos_68	0.001
36_pos_69	0.001
36_pos_70	0.001
36_pos_71	0.001
36_pos_72	0.001
36_pos_73	0.001
36_pos_74	0.001
36_pos_75	0.001
37_neg_1	0.681271940806
37_neg_2	0.244431509775
37_neg_3	0.395755047646
37_neg_4	0.741356575852
37_neg_5	0.425464891618
37_neg_6	0.703989560228
37_neg_7	0.326064235089
37_neg_8	0.6441652212269999
37_neg_9	0.167656796457
37_neg_10	0.742961592579
37_neg_11	0.7058899051629999
37_neg_12	0.23285509382199998
37_neg_13	0.18398845540999997
37_neg_14	0.122112333593
37_neg_15	0.577270589017
37_neg_16	0.4369790613600001
37_neg_17	0.440194271747
37_neg_18	0.45309078921
37_neg_19	0.672551653892
37_neg_20	0.567511988306
37_neg_21	0.420609139285
37_neg_22	0.7247111406199999
37_neg_23	0.712608191738
37_neg_24	0.320047434149
37_neg_25	0.634933120709
37_neg_26	0.7427620751139999
37_neg_27	0.270424239395
37_neg_28	0.633610202384
37_neg_29	0.483716526478
37_neg_30	0.640348478693
37_neg_31	0.708740914796
37_neg_32	0.405727891342
37_neg_33	0.727339691706
37_neg_34	0.471481025537
37_neg_35	0.134269106458
37_neg_36	0.389048654569
37_neg_37	0.347068466581
37_neg_38	0.35038967409
37_neg_39	0.46298094776500004
37_neg_40	0.580673557948
37_neg_41	0.510713544598
37_neg_42	0.616454196299
37_neg_43	0.5250490130100001
37_neg_44	0.516286166907
37_neg_45	0.576309920959
37_neg_46	0.44060760988200004
37_neg_47	0.65264639376
37_neg_48	0.368465618143
37_neg_49	0.505828620691
37_neg_50	0.772077699241
37_neg_51	0.560394979992
37_neg_52	0.7898754676540001
37_neg_53	0.36708068494499996
37_neg_54	0.581076463152
37_neg_55	0.7362753338779999
37_neg_56	0.544673575047
37_neg_57	0.307597885001
37_neg_58	0.36693240727
37_neg_59	0.41635148964900004
37_neg_60	0.253642497291
37_neg_61	0.715326504874
37_neg_62	0.545258654085
37_neg_63	0.40772735927599996
37_neg_64	0.352017747914
37_neg_65	0.27076953164
37_neg_66	0.299301085982
37_neg_67	0.693635881898
37_neg_68	0.653923078403
37_neg_69	0.7498923086370001
37_neg_70	0.789504357572
37_neg_71	0.10768818046499999
37_neg_72	0.363492374234
37_neg_73	0.5619175160540001
38_pos_1	0.001
38_pos_2	0.001
38_pos_3	0.001
38_pos_4	0.001
38_pos_5	0.001
38_pos_6	0.001
38_pos_7	0.001
38_pos_8	0.001
38_pos_9	0.001
38_pos_10	0.001
38_pos_11	0.001
38_pos_12	0.001
38_pos_13	0.001
38_pos_14	0.001
38_pos_15	0.001
38_pos_16	0.001
38_pos_17	0.001
38_pos_18	0.001
38_pos_19	0.001
38_pos_20	0.001
38_pos_21	0.001
38_pos_22	0.001
38_pos_23	0.001
38_pos_24	0.001
38_pos_25	0.001
38_pos_26	0.001
38_pos_27	0.001
38_pos_28	0.001
38_pos_29	0.001
38_pos_30	0.001
38_pos_31	0.001
38_pos_32	0.001
38_pos_33	0.001
38_pos_34	0.001
38_pos_35	0.001
38_pos_36	0.001
38_pos_37	0.001
38_pos_38	0.001
38_pos_39	0.001
38_pos_40	0.001
38_pos_41	0.001
38_pos_42	0.001
38_pos_43	0.001
38_pos_44	0.001
38_pos_45	0.001
38_pos_46	0.001
38_pos_47	0.001
38_pos_48	0.001
38_pos_49	0.001
38_pos_50	0.001
38_pos_51	0.001
38_pos_52	0.001
38_pos_53	0.001
38_pos_54	0.001
38_pos_55	0.001
38_pos_56	0.001
38_pos_57	0.001
38_pos_58	0.001
38_pos_59	0.001
38_pos_60	0.001
38_pos_61	0.001
38_pos_62	0.001
38_pos_63	0.001
38_pos_64	0.001
38_pos_65	0.001
38_pos_66	0.001
38_pos_67	0.001
38_pos_68	0.001
38_pos_69	0.001
38_pos_70	0.001
38_pos_71	0.001
38_pos_72	0.001
38_pos_73	0.001
38_pos_74	0.001
38_pos_75	0.001
38_pos_76	0.001
38_pos_77	0.001
39_neg_1	0.756325108499
39_neg_2	0.485123913604
39_neg_3	0.540653554083
39_neg_4	0.297400577054
39_neg_5	0.229075429672
39_neg_6	0.185354070093
39_neg_7	0.18105783503400003
39_neg_8	0.6266751838579999
39_neg_9	0.41268262604999995
39_neg_10	0.657160690926
39_neg_11	0.486652744821
39_neg_12	0.720551349125
39_neg_13	0.398113927152
39_neg_14	0.44825164732600004
39_neg_15	0.17480830006099998
39_neg_16	0.38558581503399997
39_neg_17	0.471835397623
39_neg_18	0.728447531357
39_neg_19	0.6503177443
39_neg_20	0.305301121781
39_neg_21	0.65468162784
39_neg_22	0.363823390744
39_neg_23	0.347786441666
39_neg_24	0.647026903011
39_neg_25	0.44092602296899996
39_neg_26	0.267447692561
39_neg_27	0.62179838568
39_neg_28	0.20975799909600001
39_neg_29	0.45474682104099995
39_neg_30	0.161855585543
39_neg_31	0.11248216437400001
39_neg_32	0.665545833993
39_neg_33	0.313314189695
39_neg_34	0.692689597438
39_neg_35	0.5951039191749999
39_neg_36	0.128657011187
39_neg_37	0.635648108065
39_neg_38	0.6503514858439999
39_neg_39	0.33787303392499995
39_neg_40	0.17503005124600002
39_neg_41	0.7663945368940001
39_neg_42	0.460062834863
39_neg_43	0.126421033232
39_neg_44	0.384199373512
39_neg_45	0.613781903692
39_neg_46	0.289864492386
39_neg_47	0.468808085489
39_neg_48	0.130159349457
39_neg_49	0.640641004358
39_neg_50	0.677923554541
39_neg_51	0.233315228856
39_neg_52	0.18562127547
39_neg_53	0.27265454634799996
39_neg_54	0.42669358677100006
39_neg_55	0.10058692863
39_neg_56	0.492677451845
39_neg_57	0.48756349450400005
39_neg_58	0.464222293584
39_neg_59	0.434393058803
39_neg_60	0.186858366475
39_neg_61	0.524596317688
39_neg_62	0.120894366733
39_neg_63	0.31508599963399997
39_neg_64	0.670207845572
39_neg_65	0.5383504062
39_neg_66	0.299909717752
39_neg_67	0.611071286392
39_neg_68	0.11351244779400001
39_neg_69	0.6703093477440001
39_neg_70	0.223773646593
39_neg_71	0.147759446012
39_neg_72	0.655044296444
39_neg_73	0.6185959455960001
39_neg_74	0.26423611777399997
39_neg_75	0.16923568033
39_neg_76	0.263362670172
39_neg_77	0.649369936966
39_neg_78	0.191553827892
39_neg_79	0.7090596983059999
39_neg_80	0.571221673269
39_neg_81	0.645084827087
39_neg_82	0.286846809595
39_neg_83	0.656621986636
39_neg_84	0.345573245308
39_neg_85	0.205741353313
39_neg_86	0.283621023598
39_neg_87	0.633434594496
