1_neg_1	0.512485884739
1_neg_2	0.725301381706
1_neg_3	0.130432645912
1_neg_4	0.794715580147
1_neg_5	0.331026268126
1_neg_6	0.32656212561000003
1_neg_7	0.514810257559
1_neg_8	0.685926417045
1_neg_9	0.652229681171
1_neg_10	0.699048889918
1_neg_11	0.330084185711
1_neg_12	0.12763762863199998
1_neg_13	0.7740682633310001
1_neg_14	0.41059762916000003
1_neg_15	0.703019793174
1_neg_16	0.701825145458
1_neg_17	0.287274049413
1_neg_18	0.19361849013799998
1_neg_19	0.3869343249
1_neg_20	0.262035156627
1_neg_21	0.250587763934
1_neg_22	0.24948585409000001
1_neg_23	0.24781080114700002
1_neg_24	0.29472019508999997
1_neg_25	0.7542394837109999
1_neg_26	0.137092498413
1_neg_27	0.348580668408
1_neg_28	0.23189229538000003
1_neg_29	0.667854071205
1_neg_30	0.380453629002
1_neg_31	0.669450987452
1_neg_32	0.46767578606399995
1_neg_33	0.509770824589
1_neg_34	0.68461958227
1_neg_35	0.43422443568999997
1_neg_36	0.7644025414200001
1_neg_37	0.456960565172
1_neg_38	0.10932183711400001
1_neg_39	0.5086866164370001
1_neg_40	0.327625961595
1_neg_41	0.721015139643
1_neg_42	0.7685516401629999
1_neg_43	0.701271212734
1_neg_44	0.19396204058
1_neg_45	0.414567113253
1_neg_46	0.387256393586
1_neg_47	0.48856141881399995
1_neg_48	0.265049697441
1_neg_49	0.5670324071989999
1_neg_50	0.454964212746
1_neg_51	0.636402245866
1_neg_52	0.29971161414
1_neg_53	0.5637125167979999
1_neg_54	0.62819435789
1_neg_55	0.108737330636
1_neg_56	0.419371382736
2_pos_1	0.001
2_pos_2	0.001
2_pos_3	0.001
2_pos_4	0.001
2_pos_5	0.001
2_pos_6	0.001
2_pos_7	0.001
2_pos_8	0.001
2_pos_9	0.001
2_pos_10	0.001
2_pos_11	0.001
2_pos_12	0.001
2_pos_13	0.001
2_pos_14	0.001
2_pos_15	0.001
2_pos_16	0.001
2_pos_17	0.001
2_pos_18	0.001
2_pos_19	0.001
2_pos_20	0.001
2_pos_21	0.001
2_pos_22	0.001
2_pos_23	0.001
2_pos_24	0.001
2_pos_25	0.001
2_pos_26	0.001
2_pos_27	0.001
2_pos_28	0.001
2_pos_29	0.001
2_pos_30	0.001
2_pos_31	0.001
2_pos_32	0.001
2_pos_33	0.001
2_pos_34	0.001
2_pos_35	0.001
2_pos_36	0.001
2_pos_37	0.001
2_pos_38	0.001
2_pos_39	0.001
2_pos_40	0.001
2_pos_41	0.001
2_pos_42	0.001
2_pos_43	0.001
2_pos_44	0.001
2_pos_45	0.001
2_pos_46	0.001
2_pos_47	0.001
2_pos_48	0.001
2_pos_49	0.001
2_pos_50	0.001
2_pos_51	0.001
2_pos_52	0.001
2_pos_53	0.001
2_pos_54	0.001
2_pos_55	0.001
2_pos_56	0.001
2_pos_57	0.001
2_pos_58	0.001
2_pos_59	0.001
2_pos_60	0.001
2_pos_61	0.001
2_pos_62	0.001
2_pos_63	0.001
2_pos_64	0.001
2_pos_65	0.001
3_neg_1	0.545594502655
3_neg_2	0.31638262978500004
3_neg_3	0.46215953563600004
3_neg_4	0.341953461858
3_neg_5	0.418613570982
3_neg_6	0.5440700139519999
3_neg_7	0.35911698800499997
3_neg_8	0.327630448398
3_neg_9	0.22265535209100001
3_neg_10	0.37631252867
3_neg_11	0.638997404371
3_neg_12	0.170149723574
3_neg_13	0.58365113968
3_neg_14	0.411702810453
3_neg_15	0.385633919085
3_neg_16	0.48370168528499996
3_neg_17	0.378695900036
3_neg_18	0.11632302489
3_neg_19	0.411820536866
3_neg_20	0.667350726286
3_neg_21	0.278163998187
3_neg_22	0.691640986116
3_neg_23	0.291718820963
3_neg_24	0.777738323573
3_neg_25	0.315089255457
3_neg_26	0.7287898014540001
3_neg_27	0.351715850222
3_neg_28	0.492953526645
3_neg_29	0.581604920933
3_neg_30	0.756687093488
3_neg_31	0.12157015323100001
3_neg_32	0.22035637522799997
3_neg_33	0.409118391344
3_neg_34	0.583933317342
3_neg_35	0.260316559961
3_neg_36	0.13559829638499998
3_neg_37	0.69886822315
3_neg_38	0.541426368937
3_neg_39	0.164464254204
3_neg_40	0.737552816576
3_neg_41	0.16890000863
3_neg_42	0.25803336545600003
3_neg_43	0.291836069381
3_neg_44	0.427200990355
3_neg_45	0.418719734992
3_neg_46	0.19585364144
3_neg_47	0.334559835898
3_neg_48	0.403369495386
3_neg_49	0.33995032260200003
3_neg_50	0.546341957427
3_neg_51	0.497750557839
3_neg_52	0.325794120358
3_neg_53	0.6436939375590001
3_neg_54	0.322491950541
3_neg_55	0.7653791643089999
3_neg_56	0.587093839427
3_neg_57	0.33637226602799997
3_neg_58	0.707494738761
3_neg_59	0.395289984164
3_neg_60	0.608947181748
3_neg_61	0.558667227367
4_pos_1	0.001
4_pos_2	0.001
4_pos_3	0.001
4_pos_4	0.001
4_pos_5	0.001
4_pos_6	0.001
4_pos_7	0.001
4_pos_8	0.001
4_pos_9	0.001
4_pos_10	0.001
4_pos_11	0.001
4_pos_12	0.001
4_pos_13	0.001
4_pos_14	0.001
4_pos_15	0.001
4_pos_16	0.001
4_pos_17	0.001
4_pos_18	0.001
4_pos_19	0.001
4_pos_20	0.001
4_pos_21	0.001
4_pos_22	0.001
4_pos_23	0.001
4_pos_24	0.001
4_pos_25	0.001
4_pos_26	0.001
4_pos_27	0.001
4_pos_28	0.001
4_pos_29	0.001
4_pos_30	0.001
4_pos_31	0.001
4_pos_32	0.001
4_pos_33	0.001
4_pos_34	0.001
4_pos_35	0.001
4_pos_36	0.001
4_pos_37	0.001
4_pos_38	0.001
4_pos_39	0.001
4_pos_40	0.001
4_pos_41	0.001
4_pos_42	0.001
4_pos_43	0.001
4_pos_44	0.001
4_pos_45	0.001
4_pos_46	0.001
4_pos_47	0.001
4_pos_48	0.001
4_pos_49	0.001
4_pos_50	0.001
4_pos_51	0.001
4_pos_52	0.001
4_pos_53	0.001
4_pos_54	0.001
4_pos_55	0.001
4_pos_56	0.001
4_pos_57	0.001
4_pos_58	0.001
4_pos_59	0.001
4_pos_60	0.001
4_pos_61	0.001
4_pos_62	0.001
4_pos_63	0.001
4_pos_64	0.001
4_pos_65	0.001
4_pos_66	0.001
4_pos_67	0.001
4_pos_68	0.001
4_pos_69	0.001
4_pos_70	0.001
4_pos_71	0.001
4_pos_72	0.001
4_pos_73	0.001
4_pos_74	0.001
4_pos_75	0.001
4_pos_76	0.001
5_neg_1	0.641042150565
5_neg_2	0.748760203688
5_neg_3	0.685308045133
5_neg_4	0.559453783244
5_neg_5	0.631598641484
5_neg_6	0.638940128512
5_neg_7	0.6062832731669999
5_neg_8	0.22488393589699998
5_neg_9	0.466937177924
5_neg_10	0.369972851755
5_neg_11	0.416970811369
5_neg_12	0.654321840694
5_neg_13	0.14600081769099998
5_neg_14	0.628770794639
5_neg_15	0.6914140959639999
5_neg_16	0.14602408706599998
5_neg_17	0.7341568813889999
5_neg_18	0.7085224099070001
5_neg_19	0.194291415986
5_neg_20	0.375228653724
5_neg_21	0.271230233584
5_neg_22	0.740782501662
5_neg_23	0.33473320065
5_neg_24	0.580827393203
5_neg_25	0.6830114464899999
5_neg_26	0.5891612009430001
5_neg_27	0.631077477462
5_neg_28	0.754772672255
5_neg_29	0.529294705084
5_neg_30	0.12438359781099999
5_neg_31	0.407874312898
5_neg_32	0.461388711998
5_neg_33	0.279336701648
5_neg_34	0.110095388666
5_neg_35	0.511998663413
5_neg_36	0.462341111255
5_neg_37	0.682702177862
5_neg_38	0.128495393561
5_neg_39	0.167725544152
5_neg_40	0.442964001387
5_neg_41	0.721289403153
5_neg_42	0.642582307165
5_neg_43	0.5017989615439999
5_neg_44	0.431488863869
5_neg_45	0.5998872024840001
5_neg_46	0.331063867946
5_neg_47	0.536009583663
5_neg_48	0.181478516965
5_neg_49	0.6779930768119999
5_neg_50	0.478757018662
5_neg_51	0.7970512928669999
5_neg_52	0.104922353565
5_neg_53	0.272413018382
5_neg_54	0.6191227717109999
5_neg_55	0.49037668582599997
5_neg_56	0.203928811406
5_neg_57	0.584019711572
5_neg_58	0.140175450925
5_neg_59	0.6546577973309999
5_neg_60	0.782086786498
5_neg_61	0.693008922905
5_neg_62	0.269127321913
5_neg_63	0.273483463946
5_neg_64	0.64301143273
5_neg_65	0.508574807546
5_neg_66	0.734786178247
5_neg_67	0.135056472608
6_pos_1	0.001
6_pos_2	0.001
6_pos_3	0.001
6_pos_4	0.001
6_pos_5	0.001
6_pos_6	0.001
6_pos_7	0.001
6_pos_8	0.001
6_pos_9	0.001
6_pos_10	0.001
6_pos_11	0.001
6_pos_12	0.001
6_pos_13	0.001
6_pos_14	0.001
6_pos_15	0.001
6_pos_16	0.001
6_pos_17	0.001
6_pos_18	0.001
6_pos_19	0.001
6_pos_20	0.001
6_pos_21	0.001
6_pos_22	0.001
6_pos_23	0.001
6_pos_24	0.001
6_pos_25	0.001
6_pos_26	0.001
6_pos_27	0.001
6_pos_28	0.001
6_pos_29	0.001
6_pos_30	0.001
6_pos_31	0.001
6_pos_32	0.001
6_pos_33	0.001
6_pos_34	0.001
6_pos_35	0.001
6_pos_36	0.001
6_pos_37	0.001
6_pos_38	0.001
6_pos_39	0.001
6_pos_40	0.001
6_pos_41	0.001
6_pos_42	0.001
6_pos_43	0.001
6_pos_44	0.001
6_pos_45	0.001
6_pos_46	0.001
6_pos_47	0.001
6_pos_48	0.001
6_pos_49	0.001
6_pos_50	0.001
6_pos_51	0.001
6_pos_52	0.001
6_pos_53	0.001
6_pos_54	0.001
6_pos_55	0.001
6_pos_56	0.001
6_pos_57	0.001
6_pos_58	0.001
6_pos_59	0.001
6_pos_60	0.001
6_pos_61	0.001
6_pos_62	0.001
6_pos_63	0.001
6_pos_64	0.001
6_pos_65	0.001
6_pos_66	0.001
6_pos_67	0.001
6_pos_68	0.001
6_pos_69	0.001
6_pos_70	0.001
6_pos_71	0.001
6_pos_72	0.001
6_pos_73	0.001
7_neg_1	0.488734159568
7_neg_2	0.563399389231
7_neg_3	0.570999563426
7_neg_4	0.365725011166
7_neg_5	0.656184298433
7_neg_6	0.18247772318
7_neg_7	0.344313895597
7_neg_8	0.13029634279000002
7_neg_9	0.507656107009
7_neg_10	0.629750466196
7_neg_11	0.614948520439
7_neg_12	0.684127612449
7_neg_13	0.629637478031
7_neg_14	0.473359965775
7_neg_15	0.342358893408
7_neg_16	0.320770320953
7_neg_17	0.293553989088
7_neg_18	0.19980398165999996
7_neg_19	0.285951671034
7_neg_20	0.40691188315800003
7_neg_21	0.40972037681100004
7_neg_22	0.316056687455
7_neg_23	0.645937664851
7_neg_24	0.48309393281199997
7_neg_25	0.201005242772
7_neg_26	0.765656307089
7_neg_27	0.7653611671289999
7_neg_28	0.14150652526
7_neg_29	0.700338132576
7_neg_30	0.6243680689450001
7_neg_31	0.721632790871
7_neg_32	0.355647177103
7_neg_33	0.18690758550500003
7_neg_34	0.46647724994999995
7_neg_35	0.7013563010439999
7_neg_36	0.167311286038
7_neg_37	0.431111184817
7_neg_38	0.28731660714699997
7_neg_39	0.22123892901099998
7_neg_40	0.335123917923
7_neg_41	0.321987458098
7_neg_42	0.207823681052
7_neg_43	0.41598986681
7_neg_44	0.154167828609
7_neg_45	0.10072409856799999
7_neg_46	0.346113837506
7_neg_47	0.346900859037
7_neg_48	0.613400762351
7_neg_49	0.408323625488
7_neg_50	0.10695839983899999
7_neg_51	0.20140995893
7_neg_52	0.581123311517
8_pos_1	0.001
8_pos_2	0.001
8_pos_3	0.001
8_pos_4	0.001
8_pos_5	0.001
8_pos_6	0.001
8_pos_7	0.001
8_pos_8	0.001
8_pos_9	0.001
8_pos_10	0.001
8_pos_11	0.001
8_pos_12	0.001
8_pos_13	0.001
8_pos_14	0.001
8_pos_15	0.001
8_pos_16	0.001
8_pos_17	0.001
8_pos_18	0.001
8_pos_19	0.001
8_pos_20	0.001
8_pos_21	0.001
8_pos_22	0.001
8_pos_23	0.001
8_pos_24	0.001
8_pos_25	0.001
8_pos_26	0.001
8_pos_27	0.001
8_pos_28	0.001
8_pos_29	0.001
8_pos_30	0.001
8_pos_31	0.001
8_pos_32	0.001
8_pos_33	0.001
8_pos_34	0.001
8_pos_35	0.001
8_pos_36	0.001
8_pos_37	0.001
8_pos_38	0.001
8_pos_39	0.001
8_pos_40	0.001
8_pos_41	0.001
8_pos_42	0.001
8_pos_43	0.001
8_pos_44	0.001
8_pos_45	0.001
8_pos_46	0.001
8_pos_47	0.001
8_pos_48	0.001
8_pos_49	0.001
8_pos_50	0.001
9_neg_1	0.7161970315430001
9_neg_2	0.651524555926
9_neg_3	0.715502228477
9_neg_4	0.412274313867
9_neg_5	0.730051413188
9_neg_6	0.163860002105
9_neg_7	0.22703846616999998
9_neg_8	0.29381049578
9_neg_9	0.5594501479249999
9_neg_10	0.33122770303800003
9_neg_11	0.642387744018
9_neg_12	0.538088355742
9_neg_13	0.266004788732
9_neg_14	0.403006057978
9_neg_15	0.424239716193
9_neg_16	0.372023063012
9_neg_17	0.409566921791
9_neg_18	0.48198015511799996
9_neg_19	0.326134405004
9_neg_20	0.227487336417
9_neg_21	0.20645230716600002
9_neg_22	0.335259775913
9_neg_23	0.704137890088
9_neg_24	0.508086421388
9_neg_25	0.508814034628
9_neg_26	0.245546060792
9_neg_27	0.7202189389470001
9_neg_28	0.538545527471
9_neg_29	0.23574013811
9_neg_30	0.41028979580499997
9_neg_31	0.6808086327089999
9_neg_32	0.335088377258
9_neg_33	0.5827005524600001
9_neg_34	0.135152825673
9_neg_35	0.35680308117799997
9_neg_36	0.706426681438
9_neg_37	0.147881588107
9_neg_38	0.783117038317
9_neg_39	0.319127258132
9_neg_40	0.6922599361990001
9_neg_41	0.394780954747
9_neg_42	0.4304607286399999
9_neg_43	0.507202071541
9_neg_44	0.111767406392
9_neg_45	0.5105176356660001
9_neg_46	0.12311560169199999
9_neg_47	0.418279990286
9_neg_48	0.716681979413
9_neg_49	0.179315284597
9_neg_50	0.48411981794200004
9_neg_51	0.510100484777
9_neg_52	0.235504270834
9_neg_53	0.22116059900600002
9_neg_54	0.76290002252
9_neg_55	0.7818771865180001
9_neg_56	0.361467562931
9_neg_57	0.281490826788
9_neg_58	0.424537674546
9_neg_59	0.16416220055400002
9_neg_60	0.7492017644429999
9_neg_61	0.131064587446
9_neg_62	0.37821656110299995
9_neg_63	0.22271081666099998
9_neg_64	0.43152011509800003
9_neg_65	0.605054439918
9_neg_66	0.145921330817
9_neg_67	0.263004909125
9_neg_68	0.522150295626
9_neg_69	0.754069198733
9_neg_70	0.318222686638
9_neg_71	0.42298197245700003
9_neg_72	0.677084906253
9_neg_73	0.19101482178399998
9_neg_74	0.251931689165
9_neg_75	0.741401620801
9_neg_76	0.220188471667
10_pos_1	0.001
10_pos_2	0.001
10_pos_3	0.001
10_pos_4	0.001
10_pos_5	0.001
10_pos_6	0.001
10_pos_7	0.001
10_pos_8	0.001
10_pos_9	0.001
10_pos_10	0.001
10_pos_11	0.001
10_pos_12	0.001
10_pos_13	0.001
10_pos_14	0.001
10_pos_15	0.001
10_pos_16	0.001
10_pos_17	0.001
10_pos_18	0.001
10_pos_19	0.001
10_pos_20	0.001
10_pos_21	0.001
10_pos_22	0.001
10_pos_23	0.001
10_pos_24	0.001
10_pos_25	0.001
10_pos_26	0.001
10_pos_27	0.001
10_pos_28	0.001
10_pos_29	0.001
10_pos_30	0.001
10_pos_31	0.001
10_pos_32	0.001
10_pos_33	0.001
10_pos_34	0.001
10_pos_35	0.001
10_pos_36	0.001
10_pos_37	0.001
10_pos_38	0.001
10_pos_39	0.001
10_pos_40	0.001
10_pos_41	0.001
10_pos_42	0.001
10_pos_43	0.001
10_pos_44	0.001
10_pos_45	0.001
10_pos_46	0.001
10_pos_47	0.001
10_pos_48	0.001
10_pos_49	0.001
10_pos_50	0.001
10_pos_51	0.001
10_pos_52	0.001
10_pos_53	0.001
10_pos_54	0.001
10_pos_55	0.001
10_pos_56	0.001
10_pos_57	0.001
10_pos_58	0.001
10_pos_59	0.001
10_pos_60	0.001
10_pos_61	0.001
10_pos_62	0.001
10_pos_63	0.001
10_pos_64	0.001
10_pos_65	0.001
10_pos_66	0.001
11_neg_1	0.621465605206
11_neg_2	0.491396294661
11_neg_3	0.19085262008900003
11_neg_4	0.237154255033
11_neg_5	0.327098916993
11_neg_6	0.10903123676200001
11_neg_7	0.11048368746500001
11_neg_8	0.472771696603
11_neg_9	0.302874459147
11_neg_10	0.58567807607
11_neg_11	0.653371422308
11_neg_12	0.436319755
11_neg_13	0.425530122655
11_neg_14	0.45651643412
11_neg_15	0.22179509325
11_neg_16	0.14391202876599998
11_neg_17	0.592330464472
11_neg_18	0.368173542456
11_neg_19	0.115973102661
11_neg_20	0.267700647097
11_neg_21	0.372638161788
11_neg_22	0.541738833304
11_neg_23	0.542565490712
11_neg_24	0.70474207887
11_neg_25	0.7338218972759999
11_neg_26	0.11441087821399999
11_neg_27	0.279495419006
11_neg_28	0.501998478796
11_neg_29	0.532327769009
11_neg_30	0.5989434578689999
11_neg_31	0.538048196051
11_neg_32	0.347257930989
11_neg_33	0.109902213439
11_neg_34	0.242489152894
11_neg_35	0.590233211511
11_neg_36	0.706878613696
11_neg_37	0.7612933794519999
11_neg_38	0.597642337672
11_neg_39	0.614509598091
11_neg_40	0.202618127543
11_neg_41	0.260100883647
11_neg_42	0.5591742705089999
11_neg_43	0.731009801011
11_neg_44	0.406414194071
11_neg_45	0.716574077041
11_neg_46	0.44403175809199996
11_neg_47	0.306555282602
11_neg_48	0.139489589176
11_neg_49	0.7266118048360001
11_neg_50	0.426112286826
11_neg_51	0.410261468837
11_neg_52	0.418768963146
11_neg_53	0.548303971886
11_neg_54	0.259548351987
11_neg_55	0.19497228575199999
11_neg_56	0.6959286153190001
11_neg_57	0.420376606484
11_neg_58	0.7944601146699999
11_neg_59	0.271345702319
11_neg_60	0.21019495185800002
11_neg_61	0.624427840746
11_neg_62	0.400225330474
11_neg_63	0.379403895546
11_neg_64	0.19189796442600002
11_neg_65	0.504804678584
11_neg_66	0.46002105775799995
11_neg_67	0.667296224671
11_neg_68	0.162022075013
11_neg_69	0.43929985818800005
11_neg_70	0.6273290830520001
11_neg_71	0.715259887893
11_neg_72	0.273682440719
11_neg_73	0.346138291083
11_neg_74	0.273522355689
11_neg_75	0.776701049587
11_neg_76	0.162186672809
11_neg_77	0.13525992334200002
11_neg_78	0.33341951457400004
11_neg_79	0.263047615016
11_neg_80	0.44139993664399996
11_neg_81	0.51948584345
11_neg_82	0.661921812562
11_neg_83	0.33753464127800004
12_pos_1	0.001
12_pos_2	0.001
12_pos_3	0.001
12_pos_4	0.001
12_pos_5	0.001
12_pos_6	0.001
12_pos_7	0.001
12_pos_8	0.001
12_pos_9	0.001
12_pos_10	0.001
12_pos_11	0.001
12_pos_12	0.001
12_pos_13	0.001
12_pos_14	0.001
12_pos_15	0.001
12_pos_16	0.001
12_pos_17	0.001
12_pos_18	0.001
12_pos_19	0.001
12_pos_20	0.001
12_pos_21	0.001
12_pos_22	0.001
12_pos_23	0.001
12_pos_24	0.001
12_pos_25	0.001
12_pos_26	0.001
12_pos_27	0.001
12_pos_28	0.001
12_pos_29	0.001
12_pos_30	0.001
12_pos_31	0.001
12_pos_32	0.001
12_pos_33	0.001
12_pos_34	0.001
12_pos_35	0.001
12_pos_36	0.001
12_pos_37	0.001
12_pos_38	0.001
12_pos_39	0.001
12_pos_40	0.001
12_pos_41	0.001
12_pos_42	0.001
12_pos_43	0.001
12_pos_44	0.001
12_pos_45	0.001
12_pos_46	0.001
12_pos_47	0.001
12_pos_48	0.001
12_pos_49	0.001
12_pos_50	0.001
12_pos_51	0.001
12_pos_52	0.001
12_pos_53	0.001
12_pos_54	0.001
12_pos_55	0.001
12_pos_56	0.001
12_pos_57	0.001
12_pos_58	0.001
12_pos_59	0.001
12_pos_60	0.001
12_pos_61	0.001
12_pos_62	0.001
12_pos_63	0.001
12_pos_64	0.001
12_pos_65	0.001
12_pos_66	0.001
12_pos_67	0.001
12_pos_68	0.001
12_pos_69	0.001
12_pos_70	0.001
12_pos_71	0.001
12_pos_72	0.001
12_pos_73	0.001
12_pos_74	0.001
12_pos_75	0.001
12_pos_76	0.001
12_pos_77	0.001
12_pos_78	0.001
12_pos_79	0.001
12_pos_80	0.001
12_pos_81	0.001
12_pos_82	0.001
12_pos_83	0.001
12_pos_84	0.001
12_pos_85	0.001
12_pos_86	0.001
12_pos_87	0.001
13_neg_1	0.7557490846100001
13_neg_2	0.116312526493
13_neg_3	0.139893535342
13_neg_4	0.307356013453
13_neg_5	0.168357905797
13_neg_6	0.162498921893
13_neg_7	0.530257686771
13_neg_8	0.602156900344
13_neg_9	0.297669194834
13_neg_10	0.35853074696599996
13_neg_11	0.32740643161
13_neg_12	0.570549583138
13_neg_13	0.730742838575
13_neg_14	0.7032056672849999
13_neg_15	0.493764397953
13_neg_16	0.740926929368
13_neg_17	0.435159251377
13_neg_18	0.7709605574339999
13_neg_19	0.72365217404
13_neg_20	0.273090431199
13_neg_21	0.670477676522
13_neg_22	0.36808753780500003
13_neg_23	0.161354037914
13_neg_24	0.288494050828
13_neg_25	0.578994978043
13_neg_26	0.691451073527
13_neg_27	0.752041618679
13_neg_28	0.33841672269699996
13_neg_29	0.366643140397
13_neg_30	0.488193608319
13_neg_31	0.6772130620450001
13_neg_32	0.48682457986999994
13_neg_33	0.555923795562
13_neg_34	0.283362588933
13_neg_35	0.628898519467
13_neg_36	0.107039584852
13_neg_37	0.154535518056
13_neg_38	0.497182359562
13_neg_39	0.7939188901790001
13_neg_40	0.567814954424
13_neg_41	0.438576473965
13_neg_42	0.752491199319
13_neg_43	0.7155149954369999
13_neg_44	0.776977627163
13_neg_45	0.224883384521
13_neg_46	0.748187561333
13_neg_47	0.399410374792
13_neg_48	0.482417520251
13_neg_49	0.517008529452
13_neg_50	0.723235041245
13_neg_51	0.304359262831
13_neg_52	0.593618135064
13_neg_53	0.24629790088599998
13_neg_54	0.774500776912
13_neg_55	0.645712984411
13_neg_56	0.39718192202200003
13_neg_57	0.60397094164
13_neg_58	0.266499910119
13_neg_59	0.607882462097
13_neg_60	0.399580150286
13_neg_61	0.516257029593
13_neg_62	0.11197912495
13_neg_63	0.353828295946
13_neg_64	0.40069767617200003
13_neg_65	0.332710842028
13_neg_66	0.616687045554
13_neg_67	0.648178543174
13_neg_68	0.43435094453100004
13_neg_69	0.6356639151219999
13_neg_70	0.222681767972
13_neg_71	0.6352406289620001
13_neg_72	0.7764162136980001
13_neg_73	0.176309689166
13_neg_74	0.24979771848299998
13_neg_75	0.6262872406109999
13_neg_76	0.650478426627
13_neg_77	0.429117734536
13_neg_78	0.610664390501
13_neg_79	0.111557348552
13_neg_80	0.799323263112
13_neg_81	0.332526244361
13_neg_82	0.19831493385899998
13_neg_83	0.7215125978929999
13_neg_84	0.294776613002
13_neg_85	0.25509623741500004
13_neg_86	0.7564675519949999
13_neg_87	0.7712473453479999
13_neg_88	0.494462442663
13_neg_89	0.205784913138
13_neg_90	0.25136177766199996
13_neg_91	0.176284373356
14_pos_1	0.001
14_pos_2	0.001
14_pos_3	0.001
14_pos_4	0.001
14_pos_5	0.001
14_pos_6	0.001
14_pos_7	0.001
14_pos_8	0.001
14_pos_9	0.001
14_pos_10	0.001
14_pos_11	0.001
14_pos_12	0.001
14_pos_13	0.001
14_pos_14	0.001
14_pos_15	0.001
14_pos_16	0.001
14_pos_17	0.001
14_pos_18	0.001
14_pos_19	0.001
14_pos_20	0.001
14_pos_21	0.001
14_pos_22	0.001
14_pos_23	0.001
14_pos_24	0.001
14_pos_25	0.001
14_pos_26	0.001
14_pos_27	0.001
14_pos_28	0.001
14_pos_29	0.001
14_pos_30	0.001
14_pos_31	0.001
14_pos_32	0.001
14_pos_33	0.001
14_pos_34	0.001
14_pos_35	0.001
14_pos_36	0.001
14_pos_37	0.001
14_pos_38	0.001
14_pos_39	0.001
14_pos_40	0.001
14_pos_41	0.001
14_pos_42	0.001
14_pos_43	0.001
14_pos_44	0.001
14_pos_45	0.001
14_pos_46	0.001
14_pos_47	0.001
14_pos_48	0.001
14_pos_49	0.001
14_pos_50	0.001
14_pos_51	0.001
14_pos_52	0.001
14_pos_53	0.001
14_pos_54	0.001
14_pos_55	0.001
14_pos_56	0.001
14_pos_57	0.001
14_pos_58	0.001
14_pos_59	0.001
14_pos_60	0.001
14_pos_61	0.001
14_pos_62	0.001
14_pos_63	0.001
14_pos_64	0.001
14_pos_65	0.001
14_pos_66	0.001
14_pos_67	0.001
15_neg_1	0.6447818369839999
15_neg_2	0.729483638417
15_neg_3	0.5934670986389999
15_neg_4	0.269380099318
15_neg_5	0.790344862312
15_neg_6	0.777155484058
15_neg_7	0.148713930558
15_neg_8	0.23711528384
15_neg_9	0.17884071924000003
15_neg_10	0.19022529019499998
15_neg_11	0.6217093501340001
15_neg_12	0.603915743097
15_neg_13	0.184471932588
15_neg_14	0.35802349624200003
15_neg_15	0.278433685814
15_neg_16	0.10883288912999999
15_neg_17	0.6575527569030001
15_neg_18	0.64429022679
15_neg_19	0.523311365548
15_neg_20	0.6264250143729999
15_neg_21	0.724855671944
15_neg_22	0.797534152502
15_neg_23	0.631568455904
15_neg_24	0.260604037298
15_neg_25	0.691377445697
15_neg_26	0.633783496383
15_neg_27	0.409768497863
15_neg_28	0.101476363436
15_neg_29	0.293257407099
15_neg_30	0.580204561951
15_neg_31	0.285269190449
15_neg_32	0.466829847782
15_neg_33	0.571568404637
15_neg_34	0.6333084123439999
15_neg_35	0.102996416465
15_neg_36	0.220980313334
15_neg_37	0.37888650802
15_neg_38	0.38747878601999997
15_neg_39	0.14818015826
15_neg_40	0.178531966685
15_neg_41	0.227821803531
15_neg_42	0.539076297003
15_neg_43	0.49367188004600004
15_neg_44	0.168537443771
15_neg_45	0.688413106169
15_neg_46	0.204036124585
15_neg_47	0.280615840348
15_neg_48	0.667075219386
15_neg_49	0.565909608007
15_neg_50	0.657547736835
15_neg_51	0.190598538926
15_neg_52	0.272514938472
15_neg_53	0.202908757517
15_neg_54	0.24145270064399998
15_neg_55	0.315132422595
15_neg_56	0.17618630716400002
15_neg_57	0.313786774928
15_neg_58	0.157151238557
15_neg_59	0.116315428247
15_neg_60	0.596023813795
15_neg_61	0.108914204375
15_neg_62	0.550415479875
15_neg_63	0.717420379877
15_neg_64	0.385642740567
15_neg_65	0.307428191898
15_neg_66	0.418394119815
15_neg_67	0.787893211128
15_neg_68	0.718608679513
15_neg_69	0.44058441456200004
15_neg_70	0.494226076922
15_neg_71	0.766476662378
15_neg_72	0.184714559791
15_neg_73	0.30594767711
16_pos_1	0.001
16_pos_2	0.001
16_pos_3	0.001
16_pos_4	0.001
16_pos_5	0.001
16_pos_6	0.001
16_pos_7	0.001
16_pos_8	0.001
16_pos_9	0.001
16_pos_10	0.001
16_pos_11	0.001
16_pos_12	0.001
16_pos_13	0.001
16_pos_14	0.001
16_pos_15	0.001
16_pos_16	0.001
16_pos_17	0.001
16_pos_18	0.001
16_pos_19	0.001
16_pos_20	0.001
16_pos_21	0.001
16_pos_22	0.001
16_pos_23	0.001
16_pos_24	0.001
16_pos_25	0.001
16_pos_26	0.001
16_pos_27	0.001
16_pos_28	0.001
16_pos_29	0.001
16_pos_30	0.001
16_pos_31	0.001
16_pos_32	0.001
16_pos_33	0.001
16_pos_34	0.001
16_pos_35	0.001
16_pos_36	0.001
16_pos_37	0.001
16_pos_38	0.001
16_pos_39	0.001
16_pos_40	0.001
16_pos_41	0.001
16_pos_42	0.001
16_pos_43	0.001
16_pos_44	0.001
16_pos_45	0.001
16_pos_46	0.001
16_pos_47	0.001
16_pos_48	0.001
16_pos_49	0.001
16_pos_50	0.001
16_pos_51	0.001
16_pos_52	0.001
16_pos_53	0.001
16_pos_54	0.001
16_pos_55	0.001
16_pos_56	0.001
16_pos_57	0.001
16_pos_58	0.001
16_pos_59	0.001
16_pos_60	0.001
16_pos_61	0.001
16_pos_62	0.001
16_pos_63	0.001
16_pos_64	0.001
16_pos_65	0.001
17_neg_1	0.584884986198
17_neg_2	0.1137625233
17_neg_3	0.619491811139
17_neg_4	0.726009218735
17_neg_5	0.251561619213
17_neg_6	0.132727153416
17_neg_7	0.5979133271029999
17_neg_8	0.46235968735399996
17_neg_9	0.197848289476
17_neg_10	0.663018731662
17_neg_11	0.507523076181
17_neg_12	0.486179823658
17_neg_13	0.276841321759
17_neg_14	0.53337711244
17_neg_15	0.26567053591999995
17_neg_16	0.503339120718
17_neg_17	0.674791846743
17_neg_18	0.532347688792
17_neg_19	0.385770655836
17_neg_20	0.49885945621100003
17_neg_21	0.790593829074
17_neg_22	0.428727929101
17_neg_23	0.7334754545919999
17_neg_24	0.589421444069
17_neg_25	0.523595776254
17_neg_26	0.599338532591
17_neg_27	0.120712647049
17_neg_28	0.5758922910100001
17_neg_29	0.349434433622
17_neg_30	0.694404220602
17_neg_31	0.714836650113
17_neg_32	0.553639414317
17_neg_33	0.419982536544
17_neg_34	0.309405509899
17_neg_35	0.728713804341
17_neg_36	0.5849408692620001
17_neg_37	0.463632072851
17_neg_38	0.445607716034
17_neg_39	0.599125108075
17_neg_40	0.46702342502
17_neg_41	0.461053890247
17_neg_42	0.259016537658
17_neg_43	0.790637470548
17_neg_44	0.399314983568
17_neg_45	0.515318253402
17_neg_46	0.534348914589
17_neg_47	0.718538955784
17_neg_48	0.380844091461
17_neg_49	0.660494090047
17_neg_50	0.20501990138700002
17_neg_51	0.662890230961
17_neg_52	0.631046528174
17_neg_53	0.594649275078
17_neg_54	0.336602275727
17_neg_55	0.22540667332199998
17_neg_56	0.796747165111
17_neg_57	0.7069626048800001
17_neg_58	0.196687612965
17_neg_59	0.49717956222099996
17_neg_60	0.5480823554909999
17_neg_61	0.511629176853
17_neg_62	0.7014560189460001
17_neg_63	0.119553763056
17_neg_64	0.726428307227
18_pos_1	0.001
18_pos_2	0.001
18_pos_3	0.001
18_pos_4	0.001
18_pos_5	0.001
18_pos_6	0.001
18_pos_7	0.001
18_pos_8	0.001
18_pos_9	0.001
18_pos_10	0.001
18_pos_11	0.001
18_pos_12	0.001
18_pos_13	0.001
18_pos_14	0.001
18_pos_15	0.001
18_pos_16	0.001
18_pos_17	0.001
18_pos_18	0.001
18_pos_19	0.001
18_pos_20	0.001
18_pos_21	0.001
18_pos_22	0.001
18_pos_23	0.001
18_pos_24	0.001
18_pos_25	0.001
18_pos_26	0.001
18_pos_27	0.001
18_pos_28	0.001
18_pos_29	0.001
18_pos_30	0.001
18_pos_31	0.001
18_pos_32	0.001
18_pos_33	0.001
18_pos_34	0.001
18_pos_35	0.001
18_pos_36	0.001
18_pos_37	0.001
18_pos_38	0.001
18_pos_39	0.001
18_pos_40	0.001
18_pos_41	0.001
18_pos_42	0.001
18_pos_43	0.001
18_pos_44	0.001
18_pos_45	0.001
18_pos_46	0.001
18_pos_47	0.001
18_pos_48	0.001
18_pos_49	0.001
18_pos_50	0.001
18_pos_51	0.001
18_pos_52	0.001
18_pos_53	0.001
18_pos_54	0.001
18_pos_55	0.001
18_pos_56	0.001
18_pos_57	0.001
18_pos_58	0.001
18_pos_59	0.001
18_pos_60	0.001
18_pos_61	0.001
18_pos_62	0.001
18_pos_63	0.001
18_pos_64	0.001
18_pos_65	0.001
18_pos_66	0.001
18_pos_67	0.001
18_pos_68	0.001
18_pos_69	0.001
18_pos_70	0.001
18_pos_71	0.001
18_pos_72	0.001
18_pos_73	0.001
18_pos_74	0.001
18_pos_75	0.001
18_pos_76	0.001
18_pos_77	0.001
18_pos_78	0.001
18_pos_79	0.001
18_pos_80	0.001
18_pos_81	0.001
18_pos_82	0.001
19_neg_1	0.106578587337
19_neg_2	0.128074600033
19_neg_3	0.692416331751
19_neg_4	0.652386133237
19_neg_5	0.39098282242399995
19_neg_6	0.6047744303279999
19_neg_7	0.24698421704999998
19_neg_8	0.24758851067899998
19_neg_9	0.243169356071
19_neg_10	0.353097161215
19_neg_11	0.11864697849400001
19_neg_12	0.680229005843
19_neg_13	0.628537370622
19_neg_14	0.16524091447
19_neg_15	0.6927751553110001
19_neg_16	0.290894418326
19_neg_17	0.493757194199
19_neg_18	0.179044986812
19_neg_19	0.309155275691
19_neg_20	0.444191131867
19_neg_21	0.608051242232
19_neg_22	0.7799210371690001
19_neg_23	0.738932101206
19_neg_24	0.608656552589
19_neg_25	0.39403467722400004
19_neg_26	0.542421780206
19_neg_27	0.614598218362
19_neg_28	0.661747516284
19_neg_29	0.306615126513
19_neg_30	0.144809995029
19_neg_31	0.48712372747
19_neg_32	0.274961774967
19_neg_33	0.527653299243
19_neg_34	0.7500445773960001
19_neg_35	0.510796177861
19_neg_36	0.22157849857200002
19_neg_37	0.360331621332
19_neg_38	0.146330284899
19_neg_39	0.39574247285400005
19_neg_40	0.430522228117
19_neg_41	0.518063248678
19_neg_42	0.136500084869
19_neg_43	0.157327709689
19_neg_44	0.790557975244
19_neg_45	0.716083361004
19_neg_46	0.564202101298
19_neg_47	0.375677814723
19_neg_48	0.27466684983899997
19_neg_49	0.29444650070399997
19_neg_50	0.49035338570500003
19_neg_51	0.561171266109
20_pos_1	0.001
20_pos_2	0.001
20_pos_3	0.001
20_pos_4	0.001
20_pos_5	0.001
20_pos_6	0.001
20_pos_7	0.001
20_pos_8	0.001
20_pos_9	0.001
20_pos_10	0.001
20_pos_11	0.001
20_pos_12	0.001
20_pos_13	0.001
20_pos_14	0.001
20_pos_15	0.001
20_pos_16	0.001
20_pos_17	0.001
20_pos_18	0.001
20_pos_19	0.001
20_pos_20	0.001
20_pos_21	0.001
20_pos_22	0.001
20_pos_23	0.001
20_pos_24	0.001
20_pos_25	0.001
20_pos_26	0.001
20_pos_27	0.001
20_pos_28	0.001
20_pos_29	0.001
20_pos_30	0.001
20_pos_31	0.001
20_pos_32	0.001
20_pos_33	0.001
20_pos_34	0.001
20_pos_35	0.001
20_pos_36	0.001
20_pos_37	0.001
20_pos_38	0.001
20_pos_39	0.001
20_pos_40	0.001
20_pos_41	0.001
20_pos_42	0.001
20_pos_43	0.001
20_pos_44	0.001
20_pos_45	0.001
20_pos_46	0.001
20_pos_47	0.001
20_pos_48	0.001
20_pos_49	0.001
20_pos_50	0.001
20_pos_51	0.001
20_pos_52	0.001
20_pos_53	0.001
20_pos_54	0.001
20_pos_55	0.001
20_pos_56	0.001
20_pos_57	0.001
20_pos_58	0.001
20_pos_59	0.001
20_pos_60	0.001
20_pos_61	0.001
20_pos_62	0.001
20_pos_63	0.001
20_pos_64	0.001
20_pos_65	0.001
20_pos_66	0.001
20_pos_67	0.001
20_pos_68	0.001
20_pos_69	0.001
20_pos_70	0.001
20_pos_71	0.001
20_pos_72	0.001
20_pos_73	0.001
20_pos_74	0.001
20_pos_75	0.001
20_pos_76	0.001
20_pos_77	0.001
20_pos_78	0.001
20_pos_79	0.001
20_pos_80	0.001
20_pos_81	0.001
20_pos_82	0.001
20_pos_83	0.001
20_pos_84	0.001
20_pos_85	0.001
20_pos_86	0.001
20_pos_87	0.001
20_pos_88	0.001
20_pos_89	0.001
20_pos_90	0.001
20_pos_91	0.001
20_pos_92	0.001
20_pos_93	0.001
21_neg_1	0.277248368997
21_neg_2	0.721372032584
21_neg_3	0.131571000643
21_neg_4	0.6586195645
21_neg_5	0.628774262535
21_neg_6	0.684465219877
21_neg_7	0.43756661148500003
21_neg_8	0.333449556551
21_neg_9	0.198827475638
21_neg_10	0.357875652341
21_neg_11	0.543197810281
21_neg_12	0.176714243321
21_neg_13	0.694576636884
21_neg_14	0.669495301582
21_neg_15	0.628593259253
21_neg_16	0.543449081447
21_neg_17	0.59422163682
21_neg_18	0.7116149236560001
21_neg_19	0.337150111347
21_neg_20	0.683114362647
21_neg_21	0.143750084323
21_neg_22	0.77386142925
21_neg_23	0.406242265832
21_neg_24	0.143001114452
21_neg_25	0.668411416796
21_neg_26	0.44050108592
21_neg_27	0.251274138634
21_neg_28	0.6871774374609999
21_neg_29	0.646618308467
21_neg_30	0.654123810325
21_neg_31	0.601110549259
21_neg_32	0.7430059932459999
21_neg_33	0.355578302223
21_neg_34	0.35856371006899995
21_neg_35	0.7620092683580001
21_neg_36	0.633859545418
21_neg_37	0.492020297028
21_neg_38	0.6736226964759999
21_neg_39	0.266219724647
21_neg_40	0.325677916149
21_neg_41	0.139572493596
21_neg_42	0.629778432712
21_neg_43	0.516439092898
21_neg_44	0.20768251794
21_neg_45	0.147285647338
21_neg_46	0.40881883363899996
21_neg_47	0.707388806727
21_neg_48	0.476182246308
21_neg_49	0.106255065111
21_neg_50	0.466856928824
21_neg_51	0.7789380860709999
21_neg_52	0.39207387430699997
21_neg_53	0.5831899383510001
21_neg_54	0.329715643956
21_neg_55	0.143250427609
21_neg_56	0.634961438247
21_neg_57	0.7192686097059999
21_neg_58	0.148267876089
21_neg_59	0.33041944922899996
21_neg_60	0.648994678842
21_neg_61	0.462197447451
22_pos_1	0.001
22_pos_2	0.001
22_pos_3	0.001
22_pos_4	0.001
22_pos_5	0.001
22_pos_6	0.001
22_pos_7	0.001
22_pos_8	0.001
22_pos_9	0.001
22_pos_10	0.001
22_pos_11	0.001
22_pos_12	0.001
22_pos_13	0.001
22_pos_14	0.001
22_pos_15	0.001
22_pos_16	0.001
22_pos_17	0.001
22_pos_18	0.001
22_pos_19	0.001
22_pos_20	0.001
22_pos_21	0.001
22_pos_22	0.001
22_pos_23	0.001
22_pos_24	0.001
22_pos_25	0.001
22_pos_26	0.001
22_pos_27	0.001
22_pos_28	0.001
22_pos_29	0.001
22_pos_30	0.001
22_pos_31	0.001
22_pos_32	0.001
22_pos_33	0.001
22_pos_34	0.001
22_pos_35	0.001
22_pos_36	0.001
22_pos_37	0.001
22_pos_38	0.001
22_pos_39	0.001
22_pos_40	0.001
22_pos_41	0.001
22_pos_42	0.001
22_pos_43	0.001
22_pos_44	0.001
22_pos_45	0.001
22_pos_46	0.001
22_pos_47	0.001
22_pos_48	0.001
22_pos_49	0.001
22_pos_50	0.001
22_pos_51	0.001
22_pos_52	0.001
22_pos_53	0.001
22_pos_54	0.001
22_pos_55	0.001
22_pos_56	0.001
22_pos_57	0.001
22_pos_58	0.001
22_pos_59	0.001
22_pos_60	0.001
23_neg_1	0.44141639754199996
23_neg_2	0.231888830412
23_neg_3	0.7033747800769999
23_neg_4	0.325252432064
23_neg_5	0.213989674626
23_neg_6	0.6107069364500001
23_neg_7	0.7920255740000001
23_neg_8	0.249431173318
23_neg_9	0.31181619795800003
23_neg_10	0.26609346817699997
23_neg_11	0.699472385361
23_neg_12	0.502982404552
23_neg_13	0.233853866527
23_neg_14	0.5559066240789999
23_neg_15	0.590207871561
23_neg_16	0.61395772721
23_neg_17	0.4569838996
23_neg_18	0.153999120043
23_neg_19	0.559038400191
23_neg_20	0.10624655785800001
23_neg_21	0.605929460982
23_neg_22	0.210858951046
23_neg_23	0.213745580988
23_neg_24	0.5737689707020001
23_neg_25	0.46943239750200005
23_neg_26	0.284053132419
23_neg_27	0.12061061570800001
23_neg_28	0.453128168326
23_neg_29	0.297243874364
23_neg_30	0.676527540455
23_neg_31	0.412422358718
23_neg_32	0.10712725689099999
23_neg_33	0.14310590819900001
23_neg_34	0.43846760129600004
23_neg_35	0.17981144453499998
23_neg_36	0.577164608407
23_neg_37	0.6713590939219999
23_neg_38	0.6118022642809999
23_neg_39	0.28204314116
23_neg_40	0.651828954709
23_neg_41	0.22542452107500002
23_neg_42	0.251424395084
23_neg_43	0.5642932927809999
23_neg_44	0.7076127866590001
23_neg_45	0.7938375482089999
23_neg_46	0.303312882212
23_neg_47	0.621579057947
23_neg_48	0.507537212271
23_neg_49	0.365419680693
23_neg_50	0.7880790966500001
23_neg_51	0.67867590264
23_neg_52	0.694939767524
23_neg_53	0.216958142683
23_neg_54	0.352710727648
23_neg_55	0.566254239568
23_neg_56	0.233813794381
23_neg_57	0.14813774778
23_neg_58	0.259191643347
23_neg_59	0.698840517069
23_neg_60	0.244473841467
23_neg_61	0.18118101319200003
23_neg_62	0.15789454860500002
23_neg_63	0.456330939353
23_neg_64	0.6838735372720001
23_neg_65	0.255729869194
23_neg_66	0.45930650923
24_pos_1	0.001
24_pos_2	0.001
24_pos_3	0.001
24_pos_4	0.001
24_pos_5	0.001
24_pos_6	0.001
24_pos_7	0.001
24_pos_8	0.001
24_pos_9	0.001
24_pos_10	0.001
24_pos_11	0.001
24_pos_12	0.001
24_pos_13	0.001
24_pos_14	0.001
24_pos_15	0.001
24_pos_16	0.001
24_pos_17	0.001
24_pos_18	0.001
24_pos_19	0.001
24_pos_20	0.001
24_pos_21	0.001
24_pos_22	0.001
24_pos_23	0.001
24_pos_24	0.001
24_pos_25	0.001
24_pos_26	0.001
24_pos_27	0.001
24_pos_28	0.001
24_pos_29	0.001
24_pos_30	0.001
24_pos_31	0.001
24_pos_32	0.001
24_pos_33	0.001
24_pos_34	0.001
24_pos_35	0.001
24_pos_36	0.001
24_pos_37	0.001
24_pos_38	0.001
24_pos_39	0.001
24_pos_40	0.001
24_pos_41	0.001
24_pos_42	0.001
24_pos_43	0.001
24_pos_44	0.001
24_pos_45	0.001
24_pos_46	0.001
24_pos_47	0.001
24_pos_48	0.001
24_pos_49	0.001
24_pos_50	0.001
24_pos_51	0.001
24_pos_52	0.001
24_pos_53	0.001
24_pos_54	0.001
24_pos_55	0.001
24_pos_56	0.001
24_pos_57	0.001
24_pos_58	0.001
24_pos_59	0.001
24_pos_60	0.001
24_pos_61	0.001
24_pos_62	0.001
24_pos_63	0.001
24_pos_64	0.001
24_pos_65	0.001
24_pos_66	0.001
24_pos_67	0.001
24_pos_68	0.001
24_pos_69	0.001
24_pos_70	0.001
24_pos_71	0.001
24_pos_72	0.001
25_neg_1	0.509765935818
25_neg_2	0.702793007179
25_neg_3	0.25327058818500003
25_neg_4	0.45276934755599996
25_neg_5	0.391070815881
25_neg_6	0.60719547292
25_neg_7	0.71436550093
25_neg_8	0.5780450247469999
25_neg_9	0.127846650466
25_neg_10	0.691372748009
25_neg_11	0.28366692537599997
25_neg_12	0.280231823748
25_neg_13	0.650514895946
25_neg_14	0.7582926904870001
25_neg_15	0.211626076233
25_neg_16	0.593158185105
25_neg_17	0.358671133254
25_neg_18	0.256037673712
25_neg_19	0.280713704469
25_neg_20	0.147950933824
25_neg_21	0.129695406242
25_neg_22	0.323569860645
25_neg_23	0.349428543333
25_neg_24	0.12238374219
25_neg_25	0.30244632454
25_neg_26	0.128241938108
25_neg_27	0.19554483200800002
25_neg_28	0.106799276206
25_neg_29	0.35865896237899997
25_neg_30	0.220108595508
25_neg_31	0.166407282808
25_neg_32	0.681291792512
25_neg_33	0.327538125871
25_neg_34	0.43935874863200003
25_neg_35	0.795704180089
25_neg_36	0.437823952056
25_neg_37	0.134134913801
25_neg_38	0.361157876231
25_neg_39	0.27953490264
25_neg_40	0.308565198963
25_neg_41	0.453525131756
25_neg_42	0.531131235348
25_neg_43	0.229935189847
25_neg_44	0.5870102107680001
25_neg_45	0.342470085945
25_neg_46	0.7350286491949999
25_neg_47	0.38596232893
25_neg_48	0.62227000499
25_neg_49	0.35677708971999994
25_neg_50	0.418788987716
25_neg_51	0.26181415145500003
25_neg_52	0.714618544499
25_neg_53	0.336301117028
25_neg_54	0.330958355857
25_neg_55	0.7547908111239999
25_neg_56	0.28802755909600003
25_neg_57	0.30836591911899996
25_neg_58	0.378828427782
26_pos_1	0.001
26_pos_2	0.001
26_pos_3	0.001
26_pos_4	0.001
26_pos_5	0.001
26_pos_6	0.001
26_pos_7	0.001
26_pos_8	0.001
26_pos_9	0.001
26_pos_10	0.001
26_pos_11	0.001
26_pos_12	0.001
26_pos_13	0.001
26_pos_14	0.001
26_pos_15	0.001
26_pos_16	0.001
26_pos_17	0.001
26_pos_18	0.001
26_pos_19	0.001
26_pos_20	0.001
26_pos_21	0.001
26_pos_22	0.001
26_pos_23	0.001
26_pos_24	0.001
26_pos_25	0.001
26_pos_26	0.001
26_pos_27	0.001
26_pos_28	0.001
26_pos_29	0.001
26_pos_30	0.001
26_pos_31	0.001
26_pos_32	0.001
26_pos_33	0.001
26_pos_34	0.001
26_pos_35	0.001
26_pos_36	0.001
26_pos_37	0.001
26_pos_38	0.001
26_pos_39	0.001
26_pos_40	0.001
26_pos_41	0.001
26_pos_42	0.001
26_pos_43	0.001
26_pos_44	0.001
26_pos_45	0.001
26_pos_46	0.001
26_pos_47	0.001
26_pos_48	0.001
26_pos_49	0.001
26_pos_50	0.001
26_pos_51	0.001
27_neg_1	0.232407534064
27_neg_2	0.258013001325
27_neg_3	0.44236984498599996
27_neg_4	0.337590740446
27_neg_5	0.546407725446
27_neg_6	0.5692253270000001
27_neg_7	0.382173509378
27_neg_8	0.389348878685
27_neg_9	0.7038602922339999
27_neg_10	0.630090041868
27_neg_11	0.16943936006700003
27_neg_12	0.762387481934
27_neg_13	0.41312916328500005
27_neg_14	0.311749352023
27_neg_15	0.518919517615
27_neg_16	0.488804043231
27_neg_17	0.795891865719
27_neg_18	0.687464705739
27_neg_19	0.144841155129
27_neg_20	0.646579702033
27_neg_21	0.280738291439
27_neg_22	0.317043107575
27_neg_23	0.35658702434100004
27_neg_24	0.6227371077139999
27_neg_25	0.794964484628
27_neg_26	0.121989555595
27_neg_27	0.483571613385
27_neg_28	0.719415923839
27_neg_29	0.200043881655
27_neg_30	0.21081071785500002
27_neg_31	0.47930181249799997
27_neg_32	0.605743202639
27_neg_33	0.6468170947699999
27_neg_34	0.164360761689
27_neg_35	0.313331967852
27_neg_36	0.634982946103
27_neg_37	0.34285588751699997
27_neg_38	0.309243212599
27_neg_39	0.592080005252
27_neg_40	0.605195612882
27_neg_41	0.22333046042
27_neg_42	0.257157491627
27_neg_43	0.509645335561
27_neg_44	0.44100400671000006
27_neg_45	0.32495876488000003
27_neg_46	0.648874756306
27_neg_47	0.622065771536
27_neg_48	0.77402427337
27_neg_49	0.414641963875
27_neg_50	0.18709483096299998
28_pos_1	0.001
28_pos_2	0.001
28_pos_3	0.001
28_pos_4	0.001
28_pos_5	0.001
28_pos_6	0.001
28_pos_7	0.001
28_pos_8	0.001
28_pos_9	0.001
28_pos_10	0.001
28_pos_11	0.001
28_pos_12	0.001
28_pos_13	0.001
28_pos_14	0.001
28_pos_15	0.001
28_pos_16	0.001
28_pos_17	0.001
28_pos_18	0.001
28_pos_19	0.001
28_pos_20	0.001
28_pos_21	0.001
28_pos_22	0.001
28_pos_23	0.001
28_pos_24	0.001
28_pos_25	0.001
28_pos_26	0.001
28_pos_27	0.001
28_pos_28	0.001
28_pos_29	0.001
28_pos_30	0.001
28_pos_31	0.001
28_pos_32	0.001
28_pos_33	0.001
28_pos_34	0.001
28_pos_35	0.001
28_pos_36	0.001
28_pos_37	0.001
28_pos_38	0.001
28_pos_39	0.001
28_pos_40	0.001
28_pos_41	0.001
28_pos_42	0.001
28_pos_43	0.001
28_pos_44	0.001
28_pos_45	0.001
28_pos_46	0.001
28_pos_47	0.001
28_pos_48	0.001
28_pos_49	0.001
28_pos_50	0.001
28_pos_51	0.001
28_pos_52	0.001
28_pos_53	0.001
28_pos_54	0.001
28_pos_55	0.001
28_pos_56	0.001
28_pos_57	0.001
28_pos_58	0.001
28_pos_59	0.001
28_pos_60	0.001
28_pos_61	0.001
28_pos_62	0.001
28_pos_63	0.001
28_pos_64	0.001
28_pos_65	0.001
28_pos_66	0.001
28_pos_67	0.001
28_pos_68	0.001
28_pos_69	0.001
28_pos_70	0.001
28_pos_71	0.001
28_pos_72	0.001
28_pos_73	0.001
28_pos_74	0.001
28_pos_75	0.001
28_pos_76	0.001
28_pos_77	0.001
28_pos_78	0.001
28_pos_79	0.001
28_pos_80	0.001
28_pos_81	0.001
28_pos_82	0.001
28_pos_83	0.001
28_pos_84	0.001
28_pos_85	0.001
28_pos_86	0.001
28_pos_87	0.001
28_pos_88	0.001
28_pos_89	0.001
28_pos_90	0.001
28_pos_91	0.001
28_pos_92	0.001
28_pos_93	0.001
28_pos_94	0.001
28_pos_95	0.001
28_pos_96	0.001
29_neg_1	0.39581801602300004
29_neg_2	0.755889703733
29_neg_3	0.606066440726
29_neg_4	0.355828734553
29_neg_5	0.241257587934
29_neg_6	0.587990783324
29_neg_7	0.7169636683949999
29_neg_8	0.372542653746
29_neg_9	0.202821816866
29_neg_10	0.399473589057
29_neg_11	0.703328504772
29_neg_12	0.652056812117
29_neg_13	0.442149482896
29_neg_14	0.324178749439
29_neg_15	0.439096775473
29_neg_16	0.469202737144
29_neg_17	0.159628034154
29_neg_18	0.381407707636
29_neg_19	0.735810379667
29_neg_20	0.430837941078
29_neg_21	0.128822164081
29_neg_22	0.257926077483
29_neg_23	0.114666165374
29_neg_24	0.446022193472
29_neg_25	0.775161590974
29_neg_26	0.278745675094
29_neg_27	0.7960999942300001
29_neg_28	0.338739406726
29_neg_29	0.788584834476
29_neg_30	0.780460355971
29_neg_31	0.722286001448
29_neg_32	0.597701548133
29_neg_33	0.393117910956
29_neg_34	0.502702491313
29_neg_35	0.548481950632
29_neg_36	0.489678414081
29_neg_37	0.500804377129
29_neg_38	0.555269942619
29_neg_39	0.524642742953
29_neg_40	0.115902454875
29_neg_41	0.17153761304
29_neg_42	0.651535981151
29_neg_43	0.663447901451
29_neg_44	0.788701907788
29_neg_45	0.103331106722
29_neg_46	0.164187625411
29_neg_47	0.252121330233
29_neg_48	0.6526596845889999
29_neg_49	0.746434471253
29_neg_50	0.555855960627
29_neg_51	0.315172872441
29_neg_52	0.372976031238
29_neg_53	0.430114997247
29_neg_54	0.32160435161999995
29_neg_55	0.525941299515
29_neg_56	0.751572870338
29_neg_57	0.729899636319
29_neg_58	0.792172079132
29_neg_59	0.415825816595
29_neg_60	0.568156805328
29_neg_61	0.243535378206
29_neg_62	0.6989830033810001
29_neg_63	0.7518779984110001
29_neg_64	0.203916765282
29_neg_65	0.330493908614
29_neg_66	0.7541865022759999
29_neg_67	0.137362866586
29_neg_68	0.723916308811
29_neg_69	0.26647843075100003
29_neg_70	0.212553390314
29_neg_71	0.322205018272
29_neg_72	0.155378621647
29_neg_73	0.5034469183820001
29_neg_74	0.402699420881
29_neg_75	0.7629048247329999
29_neg_76	0.551629355722
29_neg_77	0.7346675199930001
29_neg_78	0.716249758589
29_neg_79	0.6821248212800001
29_neg_80	0.409516464575
29_neg_81	0.749045626129
29_neg_82	0.35772422315499997
29_neg_83	0.694223451367
29_neg_84	0.351862703456
29_neg_85	0.6367272234610001
29_neg_86	0.5901468146100001
29_neg_87	0.7268635146879999
29_neg_88	0.260783194366
30_pos_1	0.001
30_pos_2	0.001
30_pos_3	0.001
30_pos_4	0.001
30_pos_5	0.001
30_pos_6	0.001
30_pos_7	0.001
30_pos_8	0.001
30_pos_9	0.001
30_pos_10	0.001
30_pos_11	0.001
30_pos_12	0.001
30_pos_13	0.001
30_pos_14	0.001
30_pos_15	0.001
30_pos_16	0.001
30_pos_17	0.001
30_pos_18	0.001
30_pos_19	0.001
30_pos_20	0.001
30_pos_21	0.001
30_pos_22	0.001
30_pos_23	0.001
30_pos_24	0.001
30_pos_25	0.001
30_pos_26	0.001
30_pos_27	0.001
30_pos_28	0.001
30_pos_29	0.001
30_pos_30	0.001
30_pos_31	0.001
30_pos_32	0.001
30_pos_33	0.001
30_pos_34	0.001
30_pos_35	0.001
30_pos_36	0.001
30_pos_37	0.001
30_pos_38	0.001
30_pos_39	0.001
30_pos_40	0.001
30_pos_41	0.001
30_pos_42	0.001
30_pos_43	0.001
30_pos_44	0.001
30_pos_45	0.001
30_pos_46	0.001
30_pos_47	0.001
30_pos_48	0.001
30_pos_49	0.001
30_pos_50	0.001
30_pos_51	0.001
30_pos_52	0.001
30_pos_53	0.001
30_pos_54	0.001
30_pos_55	0.001
30_pos_56	0.001
30_pos_57	0.001
30_pos_58	0.001
30_pos_59	0.001
30_pos_60	0.001
30_pos_61	0.001
30_pos_62	0.001
30_pos_63	0.001
30_pos_64	0.001
31_neg_1	0.129071124544
31_neg_2	0.703521800971
31_neg_3	0.34461479231299996
31_neg_4	0.304545699387
31_neg_5	0.416364112265
31_neg_6	0.214973927031
31_neg_7	0.727744659805
31_neg_8	0.6979928114899999
31_neg_9	0.468505819674
31_neg_10	0.5627882783479999
31_neg_11	0.570519620809
31_neg_12	0.367061164473
31_neg_13	0.293329159068
31_neg_14	0.41162899257700003
31_neg_15	0.765646833779
31_neg_16	0.640413611667
31_neg_17	0.651979964101
31_neg_18	0.266619811895
31_neg_19	0.156782931489
31_neg_20	0.575548047571
31_neg_21	0.557838089106
31_neg_22	0.212322698326
31_neg_23	0.44497073648
31_neg_24	0.48699155583000003
31_neg_25	0.20716526753400002
31_neg_26	0.290272735185
31_neg_27	0.5886160455
31_neg_28	0.797808496584
31_neg_29	0.685125416314
31_neg_30	0.798354668276
31_neg_31	0.399194280321
31_neg_32	0.132269486046
31_neg_33	0.381794498529
31_neg_34	0.45858116142300004
31_neg_35	0.252339085779
31_neg_36	0.21607263210799998
31_neg_37	0.5290011025460001
31_neg_38	0.178926134263
31_neg_39	0.118827990355
31_neg_40	0.534901160661
31_neg_41	0.143113174492
31_neg_42	0.588104418779
31_neg_43	0.691951944411
31_neg_44	0.43949142657300005
31_neg_45	0.597420208188
31_neg_46	0.10224134893999999
31_neg_47	0.32555244855300003
31_neg_48	0.412280413666
31_neg_49	0.21168184544799998
31_neg_50	0.385080881144
31_neg_51	0.606376426762
31_neg_52	0.381423672547
31_neg_53	0.799451348344
31_neg_54	0.423927637048
31_neg_55	0.471803728452
31_neg_56	0.313680200447
31_neg_57	0.772958871452
31_neg_58	0.40993776185
31_neg_59	0.649160814615
31_neg_60	0.606477536827
31_neg_61	0.686970902499
31_neg_62	0.7386124981190001
31_neg_63	0.23765100435199998
31_neg_64	0.7226488723610001
31_neg_65	0.344338310359
31_neg_66	0.16586572139699998
31_neg_67	0.250751811703
31_neg_68	0.500804248695
31_neg_69	0.527265765134
31_neg_70	0.7383096244380001
31_neg_71	0.327780419267
31_neg_72	0.552668049151
31_neg_73	0.209718856354
31_neg_74	0.7242655718009999
31_neg_75	0.20319803370900003
31_neg_76	0.235079963026
31_neg_77	0.481262505464
31_neg_78	0.727710633634
31_neg_79	0.470680999675
31_neg_80	0.108035307843
31_neg_81	0.257227089168
31_neg_82	0.535271673908
31_neg_83	0.607193950229
31_neg_84	0.143837394999
31_neg_85	0.48228348129299997
31_neg_86	0.643011871672
31_neg_87	0.534562615837
31_neg_88	0.21926368300299998
31_neg_89	0.34913940620300005
31_neg_90	0.20588189758699998
31_neg_91	0.164688057856
32_pos_1	0.001
32_pos_2	0.001
32_pos_3	0.001
32_pos_4	0.001
32_pos_5	0.001
32_pos_6	0.001
32_pos_7	0.001
32_pos_8	0.001
32_pos_9	0.001
32_pos_10	0.001
32_pos_11	0.001
32_pos_12	0.001
32_pos_13	0.001
32_pos_14	0.001
32_pos_15	0.001
32_pos_16	0.001
32_pos_17	0.001
32_pos_18	0.001
32_pos_19	0.001
32_pos_20	0.001
32_pos_21	0.001
32_pos_22	0.001
32_pos_23	0.001
32_pos_24	0.001
32_pos_25	0.001
32_pos_26	0.001
32_pos_27	0.001
32_pos_28	0.001
32_pos_29	0.001
32_pos_30	0.001
32_pos_31	0.001
32_pos_32	0.001
32_pos_33	0.001
32_pos_34	0.001
32_pos_35	0.001
32_pos_36	0.001
32_pos_37	0.001
32_pos_38	0.001
32_pos_39	0.001
32_pos_40	0.001
32_pos_41	0.001
32_pos_42	0.001
32_pos_43	0.001
32_pos_44	0.001
32_pos_45	0.001
32_pos_46	0.001
32_pos_47	0.001
32_pos_48	0.001
32_pos_49	0.001
32_pos_50	0.001
32_pos_51	0.001
32_pos_52	0.001
32_pos_53	0.001
32_pos_54	0.001
32_pos_55	0.001
32_pos_56	0.001
32_pos_57	0.001
32_pos_58	0.001
32_pos_59	0.001
32_pos_60	0.001
32_pos_61	0.001
32_pos_62	0.001
32_pos_63	0.001
32_pos_64	0.001
32_pos_65	0.001
32_pos_66	0.001
32_pos_67	0.001
32_pos_68	0.001
32_pos_69	0.001
32_pos_70	0.001
32_pos_71	0.001
32_pos_72	0.001
32_pos_73	0.001
32_pos_74	0.001
32_pos_75	0.001
32_pos_76	0.001
32_pos_77	0.001
32_pos_78	0.001
32_pos_79	0.001
32_pos_80	0.001
32_pos_81	0.001
32_pos_82	0.001
32_pos_83	0.001
32_pos_84	0.001
32_pos_85	0.001
32_pos_86	0.001
32_pos_87	0.001
32_pos_88	0.001
32_pos_89	0.001
32_pos_90	0.001
32_pos_91	0.001
32_pos_92	0.001
32_pos_93	0.001
32_pos_94	0.001
32_pos_95	0.001
32_pos_96	0.001
32_pos_97	0.001
33_neg_1	0.5448505965079999
33_neg_2	0.215342098459
33_neg_3	0.188209303491
33_neg_4	0.10512201219799999
33_neg_5	0.6697786068980001
33_neg_6	0.241363609474
33_neg_7	0.7723852323710001
33_neg_8	0.39517157393
33_neg_9	0.5114271350090001
33_neg_10	0.759514138218
33_neg_11	0.572869722364
33_neg_12	0.621750939147
33_neg_13	0.522809856194
33_neg_14	0.334272453123
33_neg_15	0.242321060519
33_neg_16	0.209037703673
33_neg_17	0.23004906906599998
33_neg_18	0.211545887824
33_neg_19	0.30478329228900003
33_neg_20	0.7295880049819999
33_neg_21	0.12707908818299998
33_neg_22	0.7142497221940001
33_neg_23	0.622826812744
33_neg_24	0.7668651106569999
33_neg_25	0.101252849402
33_neg_26	0.5708846119650001
33_neg_27	0.39181190403800004
33_neg_28	0.7459877809919999
33_neg_29	0.272255901524
33_neg_30	0.644422218901
33_neg_31	0.111365504476
33_neg_32	0.40207451799800004
33_neg_33	0.513951846579
33_neg_34	0.38643027875200003
33_neg_35	0.649428306864
33_neg_36	0.402870432122
33_neg_37	0.6056490468169999
33_neg_38	0.49534099024800005
33_neg_39	0.35845140706100004
33_neg_40	0.7938887532529999
33_neg_41	0.42561481829000003
33_neg_42	0.14136526977
33_neg_43	0.508929990402
33_neg_44	0.359014756993
33_neg_45	0.345625397219
33_neg_46	0.109732543665
33_neg_47	0.298113701881
33_neg_48	0.5467313748
33_neg_49	0.7341290321080001
33_neg_50	0.239054987077
33_neg_51	0.213714129596
33_neg_52	0.4056225331
33_neg_53	0.120620426591
33_neg_54	0.454534758935
33_neg_55	0.336750541397
33_neg_56	0.709445133343
33_neg_57	0.21601770172899998
33_neg_58	0.169093628704
33_neg_59	0.69077314964
33_neg_60	0.37765487194799996
33_neg_61	0.187472165083
33_neg_62	0.578750634028
33_neg_63	0.136427772345
33_neg_64	0.324482357853
33_neg_65	0.38168548733
33_neg_66	0.39813624079899995
33_neg_67	0.605984845758
33_neg_68	0.189723888085
33_neg_69	0.393092555003
33_neg_70	0.22078101023699997
33_neg_71	0.664854222665
33_neg_72	0.668491887972
33_neg_73	0.22287189679299999
33_neg_74	0.298685015296
34_pos_1	0.001
34_pos_2	0.001
34_pos_3	0.001
34_pos_4	0.001
34_pos_5	0.001
34_pos_6	0.001
34_pos_7	0.001
34_pos_8	0.001
34_pos_9	0.001
34_pos_10	0.001
34_pos_11	0.001
34_pos_12	0.001
34_pos_13	0.001
34_pos_14	0.001
34_pos_15	0.001
34_pos_16	0.001
34_pos_17	0.001
34_pos_18	0.001
34_pos_19	0.001
34_pos_20	0.001
34_pos_21	0.001
34_pos_22	0.001
34_pos_23	0.001
34_pos_24	0.001
34_pos_25	0.001
34_pos_26	0.001
34_pos_27	0.001
34_pos_28	0.001
34_pos_29	0.001
34_pos_30	0.001
34_pos_31	0.001
34_pos_32	0.001
34_pos_33	0.001
34_pos_34	0.001
34_pos_35	0.001
34_pos_36	0.001
34_pos_37	0.001
34_pos_38	0.001
34_pos_39	0.001
34_pos_40	0.001
34_pos_41	0.001
34_pos_42	0.001
34_pos_43	0.001
34_pos_44	0.001
34_pos_45	0.001
34_pos_46	0.001
34_pos_47	0.001
34_pos_48	0.001
34_pos_49	0.001
34_pos_50	0.001
34_pos_51	0.001
34_pos_52	0.001
34_pos_53	0.001
34_pos_54	0.001
34_pos_55	0.001
34_pos_56	0.001
34_pos_57	0.001
34_pos_58	0.001
34_pos_59	0.001
34_pos_60	0.001
34_pos_61	0.001
34_pos_62	0.001
34_pos_63	0.001
34_pos_64	0.001
34_pos_65	0.001
34_pos_66	0.001
34_pos_67	0.001
34_pos_68	0.001
34_pos_69	0.001
34_pos_70	0.001
34_pos_71	0.001
34_pos_72	0.001
35_neg_1	0.7930543893269999
35_neg_2	0.7204817016789999
35_neg_3	0.22518962469599998
35_neg_4	0.42792987146899997
35_neg_5	0.112376435934
35_neg_6	0.24167650579799999
35_neg_7	0.7668127223119999
35_neg_8	0.2374979935
35_neg_9	0.74763339292
35_neg_10	0.22710023311799998
35_neg_11	0.769084068054
35_neg_12	0.149014501865
35_neg_13	0.405956688077
35_neg_14	0.369615190295
35_neg_15	0.745914549932
35_neg_16	0.21357975973999999
35_neg_17	0.278899282777
35_neg_18	0.477130499508
35_neg_19	0.40612017940399997
35_neg_20	0.728436016858
35_neg_21	0.274575658518
35_neg_22	0.214972832877
35_neg_23	0.723072085788
35_neg_24	0.360090781474
35_neg_25	0.721405757537
35_neg_26	0.49147026133
35_neg_27	0.288024394689
35_neg_28	0.220131439185
35_neg_29	0.7246121527760001
35_neg_30	0.41880752052299997
35_neg_31	0.785992622228
35_neg_32	0.266378179486
35_neg_33	0.76715820006
35_neg_34	0.664684245212
35_neg_35	0.772949693031
35_neg_36	0.177629351789
35_neg_37	0.6152030093
35_neg_38	0.444874461529
35_neg_39	0.426483920507
35_neg_40	0.6557115266820001
35_neg_41	0.598881617189
35_neg_42	0.34212731179399997
35_neg_43	0.427573942731
35_neg_44	0.340797085092
35_neg_45	0.486706700361
35_neg_46	0.101182932657
35_neg_47	0.571352765429
35_neg_48	0.36521344618699997
35_neg_49	0.287784110912
35_neg_50	0.70744772185
35_neg_51	0.306041929599
35_neg_52	0.178176004733
35_neg_53	0.329280590361
35_neg_54	0.740453692092
35_neg_55	0.666216051589
35_neg_56	0.608435179041
35_neg_57	0.32544413685199997
35_neg_58	0.29510197202300004
35_neg_59	0.232459311122
35_neg_60	0.114211265944
35_neg_61	0.269777485652
35_neg_62	0.224935961356
35_neg_63	0.263433644381
35_neg_64	0.521934501114
35_neg_65	0.538377275465
35_neg_66	0.144037474166
35_neg_67	0.404896726376
35_neg_68	0.19944230339000002
36_pos_1	0.001
36_pos_2	0.001
36_pos_3	0.001
36_pos_4	0.001
36_pos_5	0.001
36_pos_6	0.001
36_pos_7	0.001
36_pos_8	0.001
36_pos_9	0.001
36_pos_10	0.001
36_pos_11	0.001
36_pos_12	0.001
36_pos_13	0.001
36_pos_14	0.001
36_pos_15	0.001
36_pos_16	0.001
36_pos_17	0.001
36_pos_18	0.001
36_pos_19	0.001
36_pos_20	0.001
36_pos_21	0.001
36_pos_22	0.001
36_pos_23	0.001
36_pos_24	0.001
36_pos_25	0.001
36_pos_26	0.001
36_pos_27	0.001
36_pos_28	0.001
36_pos_29	0.001
36_pos_30	0.001
36_pos_31	0.001
36_pos_32	0.001
36_pos_33	0.001
36_pos_34	0.001
36_pos_35	0.001
36_pos_36	0.001
36_pos_37	0.001
36_pos_38	0.001
36_pos_39	0.001
36_pos_40	0.001
36_pos_41	0.001
36_pos_42	0.001
36_pos_43	0.001
36_pos_44	0.001
36_pos_45	0.001
36_pos_46	0.001
36_pos_47	0.001
36_pos_48	0.001
36_pos_49	0.001
36_pos_50	0.001
36_pos_51	0.001
36_pos_52	0.001
36_pos_53	0.001
36_pos_54	0.001
36_pos_55	0.001
36_pos_56	0.001
36_pos_57	0.001
36_pos_58	0.001
36_pos_59	0.001
36_pos_60	0.001
36_pos_61	0.001
36_pos_62	0.001
36_pos_63	0.001
36_pos_64	0.001
36_pos_65	0.001
36_pos_66	0.001
36_pos_67	0.001
36_pos_68	0.001
36_pos_69	0.001
36_pos_70	0.001
36_pos_71	0.001
36_pos_72	0.001
36_pos_73	0.001
36_pos_74	0.001
36_pos_75	0.001
37_neg_1	0.742092240739
37_neg_2	0.736463436372
37_neg_3	0.330768570677
37_neg_4	0.45537381495499996
37_neg_5	0.16750549381
37_neg_6	0.502699833366
37_neg_7	0.21456084422600002
37_neg_8	0.301288151338
37_neg_9	0.628439890313
37_neg_10	0.343315307684
37_neg_11	0.62788233248
37_neg_12	0.420436888135
37_neg_13	0.5819012353809999
37_neg_14	0.436442448094
37_neg_15	0.282774128798
37_neg_16	0.33121375580400003
37_neg_17	0.599621711993
37_neg_18	0.7193303122120001
37_neg_19	0.48443575077699996
37_neg_20	0.6729063336509999
37_neg_21	0.28493326221799997
37_neg_22	0.43532195190899997
37_neg_23	0.432105215795
37_neg_24	0.7919253437710001
37_neg_25	0.445590537887
37_neg_26	0.246115057311
37_neg_27	0.508356554886
37_neg_28	0.5922100316300001
37_neg_29	0.174712956596
37_neg_30	0.645572603712
37_neg_31	0.297739018315
37_neg_32	0.584512542285
37_neg_33	0.16385122386499998
37_neg_34	0.685645872355
37_neg_35	0.301600426074
37_neg_36	0.32816978378199996
37_neg_37	0.246387019798
37_neg_38	0.251546743319
37_neg_39	0.14348749513
37_neg_40	0.18589918304000003
37_neg_41	0.437432040999
37_neg_42	0.139720772606
37_neg_43	0.639601846903
37_neg_44	0.608903840213
37_neg_45	0.38137179204300004
37_neg_46	0.190561328648
37_neg_47	0.15526295096200002
37_neg_48	0.6293171134800001
37_neg_49	0.374891823246
37_neg_50	0.627455387136
37_neg_51	0.171077455908
37_neg_52	0.37744974828100003
37_neg_53	0.410759875832
37_neg_54	0.324009963984
37_neg_55	0.713006561283
37_neg_56	0.403066053548
37_neg_57	0.370692595312
37_neg_58	0.749088838894
37_neg_59	0.214518032858
37_neg_60	0.416695684004
37_neg_61	0.229142423061
37_neg_62	0.628798673709
37_neg_63	0.49217753499600003
37_neg_64	0.756486045101
37_neg_65	0.202366833823
37_neg_66	0.272270088103
37_neg_67	0.291901897427
37_neg_68	0.7689203435959999
37_neg_69	0.725127837094
37_neg_70	0.58298848275
37_neg_71	0.45944299465099997
37_neg_72	0.6307441096140001
37_neg_73	0.408950427798
38_pos_1	0.001
38_pos_2	0.001
38_pos_3	0.001
38_pos_4	0.001
38_pos_5	0.001
38_pos_6	0.001
38_pos_7	0.001
38_pos_8	0.001
38_pos_9	0.001
38_pos_10	0.001
38_pos_11	0.001
38_pos_12	0.001
38_pos_13	0.001
38_pos_14	0.001
38_pos_15	0.001
38_pos_16	0.001
38_pos_17	0.001
38_pos_18	0.001
38_pos_19	0.001
38_pos_20	0.001
38_pos_21	0.001
38_pos_22	0.001
38_pos_23	0.001
38_pos_24	0.001
38_pos_25	0.001
38_pos_26	0.001
38_pos_27	0.001
38_pos_28	0.001
38_pos_29	0.001
38_pos_30	0.001
38_pos_31	0.001
38_pos_32	0.001
38_pos_33	0.001
38_pos_34	0.001
38_pos_35	0.001
38_pos_36	0.001
38_pos_37	0.001
38_pos_38	0.001
38_pos_39	0.001
38_pos_40	0.001
38_pos_41	0.001
38_pos_42	0.001
38_pos_43	0.001
38_pos_44	0.001
38_pos_45	0.001
38_pos_46	0.001
38_pos_47	0.001
38_pos_48	0.001
38_pos_49	0.001
38_pos_50	0.001
38_pos_51	0.001
38_pos_52	0.001
38_pos_53	0.001
38_pos_54	0.001
38_pos_55	0.001
38_pos_56	0.001
38_pos_57	0.001
38_pos_58	0.001
38_pos_59	0.001
38_pos_60	0.001
38_pos_61	0.001
38_pos_62	0.001
38_pos_63	0.001
38_pos_64	0.001
38_pos_65	0.001
38_pos_66	0.001
38_pos_67	0.001
38_pos_68	0.001
38_pos_69	0.001
38_pos_70	0.001
38_pos_71	0.001
38_pos_72	0.001
38_pos_73	0.001
38_pos_74	0.001
38_pos_75	0.001
38_pos_76	0.001
38_pos_77	0.001
39_neg_1	0.590863312912
39_neg_2	0.107141536584
39_neg_3	0.322308040827
39_neg_4	0.19275806869399997
39_neg_5	0.789366307207
39_neg_6	0.190507035497
39_neg_7	0.7093083649969999
39_neg_8	0.743551227044
39_neg_9	0.36241679288199996
39_neg_10	0.7592454050130001
39_neg_11	0.140167527632
39_neg_12	0.34062949516
39_neg_13	0.57012438433
39_neg_14	0.293508099744
39_neg_15	0.179711492075
39_neg_16	0.259751718109
39_neg_17	0.408575065578
39_neg_18	0.21757698389600003
39_neg_19	0.318012484915
39_neg_20	0.189905949772
39_neg_21	0.145160308581
39_neg_22	0.625841050924
39_neg_23	0.506078859915
39_neg_24	0.313627777981
39_neg_25	0.132398660478
39_neg_26	0.557566050218
39_neg_27	0.592641525141
39_neg_28	0.10840650625499999
39_neg_29	0.11892726632200001
39_neg_30	0.515699449544
39_neg_31	0.221165835733
39_neg_32	0.41038168200099995
39_neg_33	0.12169829087000002
39_neg_34	0.31571711246899997
39_neg_35	0.5990874397770001
39_neg_36	0.358428252853
39_neg_37	0.70175222541
39_neg_38	0.691880664996
39_neg_39	0.7577298570909999
39_neg_40	0.369498724852
39_neg_41	0.471285537272
39_neg_42	0.4610504189
39_neg_43	0.79483259931
39_neg_44	0.733135823451
39_neg_45	0.38430519631300003
39_neg_46	0.17085421425500003
39_neg_47	0.324998722248
39_neg_48	0.446937525546
39_neg_49	0.46162059943800005
39_neg_50	0.17738322357099998
39_neg_51	0.399631702734
39_neg_52	0.652290752519
39_neg_53	0.635293585586
39_neg_54	0.275742278475
39_neg_55	0.13596695022500002
39_neg_56	0.580300257765
39_neg_57	0.7438976438770001
39_neg_58	0.47530381257
39_neg_59	0.599804990854
39_neg_60	0.165047236232
39_neg_61	0.727241691161
39_neg_62	0.701597962362
39_neg_63	0.300134990624
39_neg_64	0.21119682672200002
39_neg_65	0.185951099702
39_neg_66	0.24470091815099998
39_neg_67	0.19255004121599997
39_neg_68	0.361314575761
39_neg_69	0.11274502813899999
39_neg_70	0.495791790505
39_neg_71	0.326615996961
39_neg_72	0.107735786951
39_neg_73	0.309176602812
39_neg_74	0.196704687142
39_neg_75	0.333192685313
39_neg_76	0.71872193881
39_neg_77	0.11885194291099999
39_neg_78	0.45745652454400004
39_neg_79	0.5119240650569999
39_neg_80	0.6190417964639999
39_neg_81	0.7244438970460001
39_neg_82	0.30139460259
39_neg_83	0.240571508327
39_neg_84	0.655947437866
39_neg_85	0.29606463540600003
39_neg_86	0.24840648288000003
39_neg_87	0.544739148804
