1_neg_1	0.001
1_neg_2	0.001
1_neg_3	0.001
1_neg_4	0.001
1_neg_5	0.001
1_neg_6	0.001
1_neg_7	0.001
1_neg_8	0.001
1_neg_9	0.001
1_neg_10	0.001
1_neg_11	0.001
1_neg_12	0.001
1_neg_13	0.001
1_neg_14	0.001
1_neg_15	0.001
1_neg_16	0.001
1_neg_17	0.001
1_neg_18	0.001
1_neg_19	0.001
1_neg_20	0.001
1_neg_21	0.001
1_neg_22	0.001
1_neg_23	0.001
1_neg_24	0.001
1_neg_25	0.001
1_neg_26	0.001
1_neg_27	0.001
1_neg_28	0.001
1_neg_29	0.001
1_neg_30	0.001
1_neg_31	0.001
1_neg_32	0.001
1_neg_33	0.001
1_neg_34	0.001
1_neg_35	0.001
1_neg_36	0.001
1_neg_37	0.001
1_neg_38	0.001
1_neg_39	0.001
1_neg_40	0.001
1_neg_41	0.001
1_neg_42	0.001
1_neg_43	0.001
1_neg_44	0.001
1_neg_45	0.001
1_neg_46	0.001
1_neg_47	0.001
1_neg_48	0.001
1_neg_49	0.001
1_neg_50	0.001
1_neg_51	0.001
1_neg_52	0.001
1_neg_53	0.001
1_neg_54	0.001
1_neg_55	0.001
1_neg_56	0.001
2_pos_1	0.349308834209
2_pos_2	0.218444194025
2_pos_3	0.661301417174
2_pos_4	0.671298809019
2_pos_5	0.207498625435
2_pos_6	0.247187841065
2_pos_7	0.32821961670600003
2_pos_8	0.600692756416
2_pos_9	0.505216107746
2_pos_10	0.41991136633299997
2_pos_11	0.294186832067
2_pos_12	0.567440766501
2_pos_13	0.26778344966999995
2_pos_14	0.174906369769
2_pos_15	0.259091509846
2_pos_16	0.160341205981
2_pos_17	0.365928755553
2_pos_18	0.496887032853
2_pos_19	0.617382255423
2_pos_20	0.539103115821
2_pos_21	0.729809461948
2_pos_22	0.20826879462200001
2_pos_23	0.41302521875799997
2_pos_24	0.281903483758
2_pos_25	0.323225272903
2_pos_26	0.102237452173
2_pos_27	0.79201429421
2_pos_28	0.6638905018069999
2_pos_29	0.254466679506
2_pos_30	0.402857774544
2_pos_31	0.349704262944
2_pos_32	0.109926933817
2_pos_33	0.6442250173390001
2_pos_34	0.598658207089
2_pos_35	0.341419565678
2_pos_36	0.553937449568
2_pos_37	0.388543466588
2_pos_38	0.6240787851780001
2_pos_39	0.748857963031
2_pos_40	0.405103193907
2_pos_41	0.7068678565909999
2_pos_42	0.128845702806
2_pos_43	0.25095120093400003
2_pos_44	0.232895760502
2_pos_45	0.297666337782
2_pos_46	0.6728142525309999
2_pos_47	0.46773409096999996
2_pos_48	0.7793226948950001
2_pos_49	0.33746705192500004
2_pos_50	0.460019887316
2_pos_51	0.10411140256000001
2_pos_52	0.22348090009500002
2_pos_53	0.135201781647
2_pos_54	0.337145257342
2_pos_55	0.322809240957
2_pos_56	0.284819578304
2_pos_57	0.420556378841
2_pos_58	0.355248349933
2_pos_59	0.381256552667
2_pos_60	0.13701492332
2_pos_61	0.230896929441
2_pos_62	0.398484293975
2_pos_63	0.756345073275
2_pos_64	0.613186173433
2_pos_65	0.52939233157
3_neg_1	0.001
3_neg_2	0.001
3_neg_3	0.001
3_neg_4	0.001
3_neg_5	0.001
3_neg_6	0.001
3_neg_7	0.001
3_neg_8	0.001
3_neg_9	0.001
3_neg_10	0.001
3_neg_11	0.001
3_neg_12	0.001
3_neg_13	0.001
3_neg_14	0.001
3_neg_15	0.001
3_neg_16	0.001
3_neg_17	0.001
3_neg_18	0.001
3_neg_19	0.001
3_neg_20	0.001
3_neg_21	0.001
3_neg_22	0.001
3_neg_23	0.001
3_neg_24	0.001
3_neg_25	0.001
3_neg_26	0.001
3_neg_27	0.001
3_neg_28	0.001
3_neg_29	0.001
3_neg_30	0.001
3_neg_31	0.001
3_neg_32	0.001
3_neg_33	0.001
3_neg_34	0.001
3_neg_35	0.001
3_neg_36	0.001
3_neg_37	0.001
3_neg_38	0.001
3_neg_39	0.001
3_neg_40	0.001
3_neg_41	0.001
3_neg_42	0.001
3_neg_43	0.001
3_neg_44	0.001
3_neg_45	0.001
3_neg_46	0.001
3_neg_47	0.001
3_neg_48	0.001
3_neg_49	0.001
3_neg_50	0.001
3_neg_51	0.001
3_neg_52	0.001
3_neg_53	0.001
3_neg_54	0.001
3_neg_55	0.001
3_neg_56	0.001
3_neg_57	0.001
3_neg_58	0.001
3_neg_59	0.001
3_neg_60	0.001
3_neg_61	0.001
4_pos_1	0.255400310682
4_pos_2	0.314809839293
4_pos_3	0.509447283034
4_pos_4	0.717279307974
4_pos_5	0.550990643311
4_pos_6	0.6405382127629999
4_pos_7	0.6007538027279999
4_pos_8	0.43654013076700005
4_pos_9	0.266790119702
4_pos_10	0.60518171632
4_pos_11	0.20874880296599999
4_pos_12	0.689436446989
4_pos_13	0.10717646915
4_pos_14	0.638314621478
4_pos_15	0.569678452609
4_pos_16	0.302593455029
4_pos_17	0.666022257476
4_pos_18	0.355288047926
4_pos_19	0.541783232566
4_pos_20	0.451046545946
4_pos_21	0.753728028676
4_pos_22	0.750645236528
4_pos_23	0.6579722354590001
4_pos_24	0.192214045926
4_pos_25	0.735105624991
4_pos_26	0.16233655427100002
4_pos_27	0.6858789006720001
4_pos_28	0.12192373198300001
4_pos_29	0.596067984479
4_pos_30	0.752574699489
4_pos_31	0.6447598515640001
4_pos_32	0.420120718063
4_pos_33	0.314282744206
4_pos_34	0.664607751749
4_pos_35	0.655265905624
4_pos_36	0.6761423100759999
4_pos_37	0.416350428803
4_pos_38	0.351712373137
4_pos_39	0.776972756057
4_pos_40	0.167055967171
4_pos_41	0.521796721886
4_pos_42	0.264700675293
4_pos_43	0.447265049881
4_pos_44	0.659799776807
4_pos_45	0.691040932711
4_pos_46	0.534904280518
4_pos_47	0.457969976228
4_pos_48	0.7069285936990001
4_pos_49	0.24502807186099998
4_pos_50	0.42240880917499996
4_pos_51	0.21469468064199998
4_pos_52	0.19690372068599998
4_pos_53	0.7238998222249999
4_pos_54	0.109927209508
4_pos_55	0.306229942975
4_pos_56	0.25502224876999996
4_pos_57	0.270240667353
4_pos_58	0.20043369724800003
4_pos_59	0.17909495219399998
4_pos_60	0.7692921670239999
4_pos_61	0.314223122576
4_pos_62	0.266007994369
4_pos_63	0.456159608929
4_pos_64	0.6691606336420001
4_pos_65	0.400935269716
4_pos_66	0.756267947962
4_pos_67	0.695143858634
4_pos_68	0.783165638435
4_pos_69	0.7725751202079999
4_pos_70	0.204784342034
4_pos_71	0.349129812821
4_pos_72	0.484295852753
4_pos_73	0.674516728707
4_pos_74	0.777845444576
4_pos_75	0.7904178056640001
4_pos_76	0.289968218218
5_neg_1	0.001
5_neg_2	0.001
5_neg_3	0.001
5_neg_4	0.001
5_neg_5	0.001
5_neg_6	0.001
5_neg_7	0.001
5_neg_8	0.001
5_neg_9	0.001
5_neg_10	0.001
5_neg_11	0.001
5_neg_12	0.001
5_neg_13	0.001
5_neg_14	0.001
5_neg_15	0.001
5_neg_16	0.001
5_neg_17	0.001
5_neg_18	0.001
5_neg_19	0.001
5_neg_20	0.001
5_neg_21	0.001
5_neg_22	0.001
5_neg_23	0.001
5_neg_24	0.001
5_neg_25	0.001
5_neg_26	0.001
5_neg_27	0.001
5_neg_28	0.001
5_neg_29	0.001
5_neg_30	0.001
5_neg_31	0.001
5_neg_32	0.001
5_neg_33	0.001
5_neg_34	0.001
5_neg_35	0.001
5_neg_36	0.001
5_neg_37	0.001
5_neg_38	0.001
5_neg_39	0.001
5_neg_40	0.001
5_neg_41	0.001
5_neg_42	0.001
5_neg_43	0.001
5_neg_44	0.001
5_neg_45	0.001
5_neg_46	0.001
5_neg_47	0.001
5_neg_48	0.001
5_neg_49	0.001
5_neg_50	0.001
5_neg_51	0.001
5_neg_52	0.001
5_neg_53	0.001
5_neg_54	0.001
5_neg_55	0.001
5_neg_56	0.001
5_neg_57	0.001
5_neg_58	0.001
5_neg_59	0.001
5_neg_60	0.001
5_neg_61	0.001
5_neg_62	0.001
5_neg_63	0.001
5_neg_64	0.001
5_neg_65	0.001
5_neg_66	0.001
5_neg_67	0.001
6_pos_1	0.6856149569760001
6_pos_2	0.24406655882599998
6_pos_3	0.651381867286
6_pos_4	0.248540908784
6_pos_5	0.363483371335
6_pos_6	0.464347282441
6_pos_7	0.47801218327699996
6_pos_8	0.579772689193
6_pos_9	0.551727059155
6_pos_10	0.5364868087879999
6_pos_11	0.35188379352399995
6_pos_12	0.128065785848
6_pos_13	0.17113615036600002
6_pos_14	0.36825075151299996
6_pos_15	0.788269478938
6_pos_16	0.6677903871190001
6_pos_17	0.328526040475
6_pos_18	0.490954258471
6_pos_19	0.149736008001
6_pos_20	0.483546173826
6_pos_21	0.73341612663
6_pos_22	0.5493808928939999
6_pos_23	0.466616980764
6_pos_24	0.299755074938
6_pos_25	0.30482532069699997
6_pos_26	0.716495351689
6_pos_27	0.62312356885
6_pos_28	0.20473332313
6_pos_29	0.171204239974
6_pos_30	0.115303424639
6_pos_31	0.664248750261
6_pos_32	0.350103645205
6_pos_33	0.749588063845
6_pos_34	0.574779084573
6_pos_35	0.48912750736999994
6_pos_36	0.5509273027970001
6_pos_37	0.692273585199
6_pos_38	0.220609570841
6_pos_39	0.152642523807
6_pos_40	0.48630204576700004
6_pos_41	0.47665269437700003
6_pos_42	0.669432518893
6_pos_43	0.359613283209
6_pos_44	0.7669690029490001
6_pos_45	0.66239712463
6_pos_46	0.122536335228
6_pos_47	0.602838546259
6_pos_48	0.425639607032
6_pos_49	0.41409307977300003
6_pos_50	0.551523449612
6_pos_51	0.759632443544
6_pos_52	0.397511969636
6_pos_53	0.7844213496729999
6_pos_54	0.488860531087
6_pos_55	0.572440136411
6_pos_56	0.603139596325
6_pos_57	0.42832536371299995
6_pos_58	0.736195102061
6_pos_59	0.641863996267
6_pos_60	0.262195602526
6_pos_61	0.698475403343
6_pos_62	0.143567238829
6_pos_63	0.6739929405130001
6_pos_64	0.6177429410540001
6_pos_65	0.108849305298
6_pos_66	0.463857770732
6_pos_67	0.361642831946
6_pos_68	0.404190811359
6_pos_69	0.125842899289
6_pos_70	0.696684427125
6_pos_71	0.314158801075
6_pos_72	0.485273753371
6_pos_73	0.757431507857
7_neg_1	0.001
7_neg_2	0.001
7_neg_3	0.001
7_neg_4	0.001
7_neg_5	0.001
7_neg_6	0.001
7_neg_7	0.001
7_neg_8	0.001
7_neg_9	0.001
7_neg_10	0.001
7_neg_11	0.001
7_neg_12	0.001
7_neg_13	0.001
7_neg_14	0.001
7_neg_15	0.001
7_neg_16	0.001
7_neg_17	0.001
7_neg_18	0.001
7_neg_19	0.001
7_neg_20	0.001
7_neg_21	0.001
7_neg_22	0.001
7_neg_23	0.001
7_neg_24	0.001
7_neg_25	0.001
7_neg_26	0.001
7_neg_27	0.001
7_neg_28	0.001
7_neg_29	0.001
7_neg_30	0.001
7_neg_31	0.001
7_neg_32	0.001
7_neg_33	0.001
7_neg_34	0.001
7_neg_35	0.001
7_neg_36	0.001
7_neg_37	0.001
7_neg_38	0.001
7_neg_39	0.001
7_neg_40	0.001
7_neg_41	0.001
7_neg_42	0.001
7_neg_43	0.001
7_neg_44	0.001
7_neg_45	0.001
7_neg_46	0.001
7_neg_47	0.001
7_neg_48	0.001
7_neg_49	0.001
7_neg_50	0.001
7_neg_51	0.001
7_neg_52	0.001
8_pos_1	0.5797985569240001
8_pos_2	0.690553852429
8_pos_3	0.755043937311
8_pos_4	0.756315258924
8_pos_5	0.743813775159
8_pos_6	0.561847993827
8_pos_7	0.45241192831999993
8_pos_8	0.185024131712
8_pos_9	0.36703547300899997
8_pos_10	0.16905136267299997
8_pos_11	0.568871167552
8_pos_12	0.36084717804300004
8_pos_13	0.266839332405
8_pos_14	0.6855242960179999
8_pos_15	0.608904746725
8_pos_16	0.7158952787299999
8_pos_17	0.560986688838
8_pos_18	0.500980719049
8_pos_19	0.737667401124
8_pos_20	0.554986612777
8_pos_21	0.165718535077
8_pos_22	0.259382548567
8_pos_23	0.40839943681199997
8_pos_24	0.26926824099
8_pos_25	0.201039003707
8_pos_26	0.375116639097
8_pos_27	0.676873341064
8_pos_28	0.639205622071
8_pos_29	0.465309849713
8_pos_30	0.21121206242600002
8_pos_31	0.704126122234
8_pos_32	0.328018098582
8_pos_33	0.676730405045
8_pos_34	0.7607498929709999
8_pos_35	0.113435251756
8_pos_36	0.731161953878
8_pos_37	0.242965694824
8_pos_38	0.278837347986
8_pos_39	0.53929889046
8_pos_40	0.204952394941
8_pos_41	0.17958886880199998
8_pos_42	0.570878266028
8_pos_43	0.170797475115
8_pos_44	0.103409447025
8_pos_45	0.640060885217
8_pos_46	0.146315394408
8_pos_47	0.213815037767
8_pos_48	0.583612937425
8_pos_49	0.7918069034530001
8_pos_50	0.311098893464
9_neg_1	0.001
9_neg_2	0.001
9_neg_3	0.001
9_neg_4	0.001
9_neg_5	0.001
9_neg_6	0.001
9_neg_7	0.001
9_neg_8	0.001
9_neg_9	0.001
9_neg_10	0.001
9_neg_11	0.001
9_neg_12	0.001
9_neg_13	0.001
9_neg_14	0.001
9_neg_15	0.001
9_neg_16	0.001
9_neg_17	0.001
9_neg_18	0.001
9_neg_19	0.001
9_neg_20	0.001
9_neg_21	0.001
9_neg_22	0.001
9_neg_23	0.001
9_neg_24	0.001
9_neg_25	0.001
9_neg_26	0.001
9_neg_27	0.001
9_neg_28	0.001
9_neg_29	0.001
9_neg_30	0.001
9_neg_31	0.001
9_neg_32	0.001
9_neg_33	0.001
9_neg_34	0.001
9_neg_35	0.001
9_neg_36	0.001
9_neg_37	0.001
9_neg_38	0.001
9_neg_39	0.001
9_neg_40	0.001
9_neg_41	0.001
9_neg_42	0.001
9_neg_43	0.001
9_neg_44	0.001
9_neg_45	0.001
9_neg_46	0.001
9_neg_47	0.001
9_neg_48	0.001
9_neg_49	0.001
9_neg_50	0.001
9_neg_51	0.001
9_neg_52	0.001
9_neg_53	0.001
9_neg_54	0.001
9_neg_55	0.001
9_neg_56	0.001
9_neg_57	0.001
9_neg_58	0.001
9_neg_59	0.001
9_neg_60	0.001
9_neg_61	0.001
9_neg_62	0.001
9_neg_63	0.001
9_neg_64	0.001
9_neg_65	0.001
9_neg_66	0.001
9_neg_67	0.001
9_neg_68	0.001
9_neg_69	0.001
9_neg_70	0.001
9_neg_71	0.001
9_neg_72	0.001
9_neg_73	0.001
9_neg_74	0.001
9_neg_75	0.001
9_neg_76	0.001
10_pos_1	0.527620959368
10_pos_2	0.587961570938
10_pos_3	0.690168149746
10_pos_4	0.372676171888
10_pos_5	0.210710771728
10_pos_6	0.499515267323
10_pos_7	0.157458773388
10_pos_8	0.55863045649
10_pos_9	0.65550734757
10_pos_10	0.217824946968
10_pos_11	0.537132670882
10_pos_12	0.5910190049790001
10_pos_13	0.6863284381389999
10_pos_14	0.659218493973
10_pos_15	0.452377336344
10_pos_16	0.321827205509
10_pos_17	0.417032412162
10_pos_18	0.220396937707
10_pos_19	0.6892862763869999
10_pos_20	0.7468751861059999
10_pos_21	0.41046942521499996
10_pos_22	0.579885535228
10_pos_23	0.283882705257
10_pos_24	0.662865858005
10_pos_25	0.164237010906
10_pos_26	0.100397014472
10_pos_27	0.51495490803
10_pos_28	0.35524782706999997
10_pos_29	0.12058208732999999
10_pos_30	0.25905152461
10_pos_31	0.19224174028299998
10_pos_32	0.638520050107
10_pos_33	0.7351737156829999
10_pos_34	0.197518306413
10_pos_35	0.335211501756
10_pos_36	0.289205899019
10_pos_37	0.750865583248
10_pos_38	0.530009248223
10_pos_39	0.342570969753
10_pos_40	0.543602204421
10_pos_41	0.311928169011
10_pos_42	0.547405368018
10_pos_43	0.523519335928
10_pos_44	0.72377849496
10_pos_45	0.214965824645
10_pos_46	0.315112074119
10_pos_47	0.165060723512
10_pos_48	0.264957397752
10_pos_49	0.253577838655
10_pos_50	0.7400257648399999
10_pos_51	0.5735338976
10_pos_52	0.7750233809010001
10_pos_53	0.22027022643199998
10_pos_54	0.301182378074
10_pos_55	0.681757127444
10_pos_56	0.588951774394
10_pos_57	0.120809205008
10_pos_58	0.596980111013
10_pos_59	0.612654217251
10_pos_60	0.575759466851
10_pos_61	0.11283250515000001
10_pos_62	0.40166007008599997
10_pos_63	0.158433642496
10_pos_64	0.44286365882
10_pos_65	0.561207363046
10_pos_66	0.37972244696
11_neg_1	0.001
11_neg_2	0.001
11_neg_3	0.001
11_neg_4	0.001
11_neg_5	0.001
11_neg_6	0.001
11_neg_7	0.001
11_neg_8	0.001
11_neg_9	0.001
11_neg_10	0.001
11_neg_11	0.001
11_neg_12	0.001
11_neg_13	0.001
11_neg_14	0.001
11_neg_15	0.001
11_neg_16	0.001
11_neg_17	0.001
11_neg_18	0.001
11_neg_19	0.001
11_neg_20	0.001
11_neg_21	0.001
11_neg_22	0.001
11_neg_23	0.001
11_neg_24	0.001
11_neg_25	0.001
11_neg_26	0.001
11_neg_27	0.001
11_neg_28	0.001
11_neg_29	0.001
11_neg_30	0.001
11_neg_31	0.001
11_neg_32	0.001
11_neg_33	0.001
11_neg_34	0.001
11_neg_35	0.001
11_neg_36	0.001
11_neg_37	0.001
11_neg_38	0.001
11_neg_39	0.001
11_neg_40	0.001
11_neg_41	0.001
11_neg_42	0.001
11_neg_43	0.001
11_neg_44	0.001
11_neg_45	0.001
11_neg_46	0.001
11_neg_47	0.001
11_neg_48	0.001
11_neg_49	0.001
11_neg_50	0.001
11_neg_51	0.001
11_neg_52	0.001
11_neg_53	0.001
11_neg_54	0.001
11_neg_55	0.001
11_neg_56	0.001
11_neg_57	0.001
11_neg_58	0.001
11_neg_59	0.001
11_neg_60	0.001
11_neg_61	0.001
11_neg_62	0.001
11_neg_63	0.001
11_neg_64	0.001
11_neg_65	0.001
11_neg_66	0.001
11_neg_67	0.001
11_neg_68	0.001
11_neg_69	0.001
11_neg_70	0.001
11_neg_71	0.001
11_neg_72	0.001
11_neg_73	0.001
11_neg_74	0.001
11_neg_75	0.001
11_neg_76	0.001
11_neg_77	0.001
11_neg_78	0.001
11_neg_79	0.001
11_neg_80	0.001
11_neg_81	0.001
11_neg_82	0.001
11_neg_83	0.001
12_pos_1	0.578169066768
12_pos_2	0.291497404919
12_pos_3	0.155901014594
12_pos_4	0.700481787657
12_pos_5	0.306472353285
12_pos_6	0.793300974306
12_pos_7	0.123215446377
12_pos_8	0.38304824966300005
12_pos_9	0.6600454047500001
12_pos_10	0.22794223761100002
12_pos_11	0.452354459002
12_pos_12	0.18726112169599998
12_pos_13	0.7659446796780001
12_pos_14	0.474024777749
12_pos_15	0.206668209928
12_pos_16	0.419306903172
12_pos_17	0.39115206771300004
12_pos_18	0.683759959238
12_pos_19	0.7218683764049999
12_pos_20	0.260573372874
12_pos_21	0.31133181628600004
12_pos_22	0.18504526382599998
12_pos_23	0.29066586253800003
12_pos_24	0.590851795922
12_pos_25	0.393697688021
12_pos_26	0.648827125705
12_pos_27	0.213023333358
12_pos_28	0.692903467819
12_pos_29	0.660693717023
12_pos_30	0.652147504828
12_pos_31	0.605539087788
12_pos_32	0.73190654313
12_pos_33	0.549973133009
12_pos_34	0.439778270686
12_pos_35	0.6564633124279999
12_pos_36	0.36902825501599995
12_pos_37	0.5688075861590001
12_pos_38	0.791452130408
12_pos_39	0.184185858552
12_pos_40	0.130442047764
12_pos_41	0.42976145571999996
12_pos_42	0.22924055747900002
12_pos_43	0.40311634302500005
12_pos_44	0.550584917984
12_pos_45	0.20120071593400002
12_pos_46	0.47585747131399997
12_pos_47	0.154677387808
12_pos_48	0.410449521084
12_pos_49	0.162858353258
12_pos_50	0.412674258367
12_pos_51	0.23546293924000003
12_pos_52	0.36065770999200003
12_pos_53	0.23203896898499998
12_pos_54	0.690254971967
12_pos_55	0.728657238733
12_pos_56	0.30574082895599997
12_pos_57	0.122787507139
12_pos_58	0.46538802256800005
12_pos_59	0.389151468086
12_pos_60	0.126642611772
12_pos_61	0.794546799329
12_pos_62	0.736038907541
12_pos_63	0.550554327671
12_pos_64	0.771503135547
12_pos_65	0.619065239315
12_pos_66	0.13442919621
12_pos_67	0.35815453771600003
12_pos_68	0.43566162007700004
12_pos_69	0.665676761701
12_pos_70	0.224657369302
12_pos_71	0.288068211985
12_pos_72	0.170355710448
12_pos_73	0.527335144434
12_pos_74	0.7016785531559999
12_pos_75	0.46328048003899996
12_pos_76	0.4878638062899999
12_pos_77	0.6981919486679999
12_pos_78	0.530711138517
12_pos_79	0.788027489615
12_pos_80	0.20331901159000001
12_pos_81	0.583106660199
12_pos_82	0.701479956565
12_pos_83	0.49356214570699997
12_pos_84	0.463075179796
12_pos_85	0.5263556005610001
12_pos_86	0.306871587728
12_pos_87	0.306072139227
13_neg_1	0.001
13_neg_2	0.001
13_neg_3	0.001
13_neg_4	0.001
13_neg_5	0.001
13_neg_6	0.001
13_neg_7	0.001
13_neg_8	0.001
13_neg_9	0.001
13_neg_10	0.001
13_neg_11	0.001
13_neg_12	0.001
13_neg_13	0.001
13_neg_14	0.001
13_neg_15	0.001
13_neg_16	0.001
13_neg_17	0.001
13_neg_18	0.001
13_neg_19	0.001
13_neg_20	0.001
13_neg_21	0.001
13_neg_22	0.001
13_neg_23	0.001
13_neg_24	0.001
13_neg_25	0.001
13_neg_26	0.001
13_neg_27	0.001
13_neg_28	0.001
13_neg_29	0.001
13_neg_30	0.001
13_neg_31	0.001
13_neg_32	0.001
13_neg_33	0.001
13_neg_34	0.001
13_neg_35	0.001
13_neg_36	0.001
13_neg_37	0.001
13_neg_38	0.001
13_neg_39	0.001
13_neg_40	0.001
13_neg_41	0.001
13_neg_42	0.001
13_neg_43	0.001
13_neg_44	0.001
13_neg_45	0.001
13_neg_46	0.001
13_neg_47	0.001
13_neg_48	0.001
13_neg_49	0.001
13_neg_50	0.001
13_neg_51	0.001
13_neg_52	0.001
13_neg_53	0.001
13_neg_54	0.001
13_neg_55	0.001
13_neg_56	0.001
13_neg_57	0.001
13_neg_58	0.001
13_neg_59	0.001
13_neg_60	0.001
13_neg_61	0.001
13_neg_62	0.001
13_neg_63	0.001
13_neg_64	0.001
13_neg_65	0.001
13_neg_66	0.001
13_neg_67	0.001
13_neg_68	0.001
13_neg_69	0.001
13_neg_70	0.001
13_neg_71	0.001
13_neg_72	0.001
13_neg_73	0.001
13_neg_74	0.001
13_neg_75	0.001
13_neg_76	0.001
13_neg_77	0.001
13_neg_78	0.001
13_neg_79	0.001
13_neg_80	0.001
13_neg_81	0.001
13_neg_82	0.001
13_neg_83	0.001
13_neg_84	0.001
13_neg_85	0.001
13_neg_86	0.001
13_neg_87	0.001
13_neg_88	0.001
13_neg_89	0.001
13_neg_90	0.001
13_neg_91	0.001
14_pos_1	0.717118241931
14_pos_2	0.107137938936
14_pos_3	0.119103978658
14_pos_4	0.5979800683100001
14_pos_5	0.20410491473
14_pos_6	0.16683203774299998
14_pos_7	0.659916437952
14_pos_8	0.45704077172799995
14_pos_9	0.35053102533
14_pos_10	0.12900824881
14_pos_11	0.38523524941799997
14_pos_12	0.719278552537
14_pos_13	0.658022295069
14_pos_14	0.7713311285100001
14_pos_15	0.104171135847
14_pos_16	0.49070433514399997
14_pos_17	0.35473994944
14_pos_18	0.128523413003
14_pos_19	0.18985384200199998
14_pos_20	0.755413388347
14_pos_21	0.131331801894
14_pos_22	0.611393087055
14_pos_23	0.346181923475
14_pos_24	0.48276884704899997
14_pos_25	0.153742184812
14_pos_26	0.267378703741
14_pos_27	0.7957159184870001
14_pos_28	0.3558880289
14_pos_29	0.25327119598299996
14_pos_30	0.11945276669399998
14_pos_31	0.149156944826
14_pos_32	0.180082666054
14_pos_33	0.16518071846
14_pos_34	0.43475703411100003
14_pos_35	0.237836434347
14_pos_36	0.10684546253900001
14_pos_37	0.587255884628
14_pos_38	0.436217184289
14_pos_39	0.371611381493
14_pos_40	0.68059713405
14_pos_41	0.27447164378100003
14_pos_42	0.643051979735
14_pos_43	0.501359353393
14_pos_44	0.108115400429
14_pos_45	0.11720764964000002
14_pos_46	0.41240572522600005
14_pos_47	0.36077941235600003
14_pos_48	0.156699637137
14_pos_49	0.675419651435
14_pos_50	0.757440287729
14_pos_51	0.739674930406
14_pos_52	0.159759487387
14_pos_53	0.270755418618
14_pos_54	0.6282467375249999
14_pos_55	0.21765799016399998
14_pos_56	0.421346198095
14_pos_57	0.717795215603
14_pos_58	0.426682758095
14_pos_59	0.447803872365
14_pos_60	0.148897835343
14_pos_61	0.727289688378
14_pos_62	0.43612638716200003
14_pos_63	0.625088545175
14_pos_64	0.7745220791259999
14_pos_65	0.418433887286
14_pos_66	0.755889659638
14_pos_67	0.448856155915
15_neg_1	0.001
15_neg_2	0.001
15_neg_3	0.001
15_neg_4	0.001
15_neg_5	0.001
15_neg_6	0.001
15_neg_7	0.001
15_neg_8	0.001
15_neg_9	0.001
15_neg_10	0.001
15_neg_11	0.001
15_neg_12	0.001
15_neg_13	0.001
15_neg_14	0.001
15_neg_15	0.001
15_neg_16	0.001
15_neg_17	0.001
15_neg_18	0.001
15_neg_19	0.001
15_neg_20	0.001
15_neg_21	0.001
15_neg_22	0.001
15_neg_23	0.001
15_neg_24	0.001
15_neg_25	0.001
15_neg_26	0.001
15_neg_27	0.001
15_neg_28	0.001
15_neg_29	0.001
15_neg_30	0.001
15_neg_31	0.001
15_neg_32	0.001
15_neg_33	0.001
15_neg_34	0.001
15_neg_35	0.001
15_neg_36	0.001
15_neg_37	0.001
15_neg_38	0.001
15_neg_39	0.001
15_neg_40	0.001
15_neg_41	0.001
15_neg_42	0.001
15_neg_43	0.001
15_neg_44	0.001
15_neg_45	0.001
15_neg_46	0.001
15_neg_47	0.001
15_neg_48	0.001
15_neg_49	0.001
15_neg_50	0.001
15_neg_51	0.001
15_neg_52	0.001
15_neg_53	0.001
15_neg_54	0.001
15_neg_55	0.001
15_neg_56	0.001
15_neg_57	0.001
15_neg_58	0.001
15_neg_59	0.001
15_neg_60	0.001
15_neg_61	0.001
15_neg_62	0.001
15_neg_63	0.001
15_neg_64	0.001
15_neg_65	0.001
15_neg_66	0.001
15_neg_67	0.001
15_neg_68	0.001
15_neg_69	0.001
15_neg_70	0.001
15_neg_71	0.001
15_neg_72	0.001
15_neg_73	0.001
16_pos_1	0.258746858697
16_pos_2	0.323295665934
16_pos_3	0.380326381009
16_pos_4	0.365759063694
16_pos_5	0.48673058352700005
16_pos_6	0.127026985727
16_pos_7	0.6015676313699999
16_pos_8	0.401342842617
16_pos_9	0.67100158804
16_pos_10	0.17626459605500003
16_pos_11	0.36878988996600004
16_pos_12	0.46069488503600003
16_pos_13	0.479839516208
16_pos_14	0.750697714264
16_pos_15	0.6235531318249999
16_pos_16	0.649879371238
16_pos_17	0.124987414951
16_pos_18	0.116628845829
16_pos_19	0.277409103505
16_pos_20	0.186212591429
16_pos_21	0.224127590054
16_pos_22	0.623120060452
16_pos_23	0.407199115172
16_pos_24	0.533428180459
16_pos_25	0.624200075507
16_pos_26	0.23425054799400002
16_pos_27	0.256744038168
16_pos_28	0.590081356342
16_pos_29	0.533403027513
16_pos_30	0.418375944606
16_pos_31	0.175701979591
16_pos_32	0.601317508333
16_pos_33	0.328309882857
16_pos_34	0.258885203129
16_pos_35	0.508534593429
16_pos_36	0.605130158458
16_pos_37	0.6551862170699999
16_pos_38	0.278406990932
16_pos_39	0.246897985686
16_pos_40	0.175345051706
16_pos_41	0.23384131191
16_pos_42	0.535721902159
16_pos_43	0.369866683121
16_pos_44	0.524320445968
16_pos_45	0.23372091761
16_pos_46	0.20490422880399997
16_pos_47	0.673477868534
16_pos_48	0.6750971298790001
16_pos_49	0.31500176624000004
16_pos_50	0.283111118441
16_pos_51	0.39318996665600003
16_pos_52	0.5928305805640001
16_pos_53	0.227256409692
16_pos_54	0.526490111697
16_pos_55	0.160679802276
16_pos_56	0.207358454117
16_pos_57	0.507096133776
16_pos_58	0.11167667907199999
16_pos_59	0.629844296581
16_pos_60	0.482358201549
16_pos_61	0.336589014501
16_pos_62	0.148725655916
16_pos_63	0.563828380884
16_pos_64	0.490937123166
16_pos_65	0.157668004526
17_neg_1	0.001
17_neg_2	0.001
17_neg_3	0.001
17_neg_4	0.001
17_neg_5	0.001
17_neg_6	0.001
17_neg_7	0.001
17_neg_8	0.001
17_neg_9	0.001
17_neg_10	0.001
17_neg_11	0.001
17_neg_12	0.001
17_neg_13	0.001
17_neg_14	0.001
17_neg_15	0.001
17_neg_16	0.001
17_neg_17	0.001
17_neg_18	0.001
17_neg_19	0.001
17_neg_20	0.001
17_neg_21	0.001
17_neg_22	0.001
17_neg_23	0.001
17_neg_24	0.001
17_neg_25	0.001
17_neg_26	0.001
17_neg_27	0.001
17_neg_28	0.001
17_neg_29	0.001
17_neg_30	0.001
17_neg_31	0.001
17_neg_32	0.001
17_neg_33	0.001
17_neg_34	0.001
17_neg_35	0.001
17_neg_36	0.001
17_neg_37	0.001
17_neg_38	0.001
17_neg_39	0.001
17_neg_40	0.001
17_neg_41	0.001
17_neg_42	0.001
17_neg_43	0.001
17_neg_44	0.001
17_neg_45	0.001
17_neg_46	0.001
17_neg_47	0.001
17_neg_48	0.001
17_neg_49	0.001
17_neg_50	0.001
17_neg_51	0.001
17_neg_52	0.001
17_neg_53	0.001
17_neg_54	0.001
17_neg_55	0.001
17_neg_56	0.001
17_neg_57	0.001
17_neg_58	0.001
17_neg_59	0.001
17_neg_60	0.001
17_neg_61	0.001
17_neg_62	0.001
17_neg_63	0.001
17_neg_64	0.001
18_pos_1	0.22283130182100003
18_pos_2	0.425048925026
18_pos_3	0.334363491088
18_pos_4	0.604200502009
18_pos_5	0.242549422781
18_pos_6	0.34004401932499995
18_pos_7	0.184070146801
18_pos_8	0.610706600867
18_pos_9	0.567754381923
18_pos_10	0.652667096726
18_pos_11	0.224677062777
18_pos_12	0.5378279453939999
18_pos_13	0.424734019341
18_pos_14	0.521942287032
18_pos_15	0.266565500927
18_pos_16	0.245933606762
18_pos_17	0.513965666706
18_pos_18	0.5400427826950001
18_pos_19	0.45138309294699996
18_pos_20	0.152487888312
18_pos_21	0.666257386049
18_pos_22	0.34802319835699996
18_pos_23	0.453461402398
18_pos_24	0.782380992018
18_pos_25	0.6081705740309999
18_pos_26	0.223775995988
18_pos_27	0.470160583415
18_pos_28	0.106967855424
18_pos_29	0.566707935043
18_pos_30	0.164713058349
18_pos_31	0.418428126611
18_pos_32	0.7451119622040001
18_pos_33	0.5314888815309999
18_pos_34	0.426596047794
18_pos_35	0.409931207382
18_pos_36	0.161913142239
18_pos_37	0.7352089336319999
18_pos_38	0.33404477060800003
18_pos_39	0.531853401987
18_pos_40	0.7417321909219999
18_pos_41	0.74794302544
18_pos_42	0.7063381956829999
18_pos_43	0.597379409712
18_pos_44	0.316443515328
18_pos_45	0.228042771643
18_pos_46	0.2320885046
18_pos_47	0.5385236542790001
18_pos_48	0.744411246003
18_pos_49	0.412724057865
18_pos_50	0.40500790847400003
18_pos_51	0.7146860561130001
18_pos_52	0.765281261229
18_pos_53	0.545490374833
18_pos_54	0.7863896960150001
18_pos_55	0.41790663590599997
18_pos_56	0.669094563204
18_pos_57	0.535114928294
18_pos_58	0.320481729232
18_pos_59	0.156626078205
18_pos_60	0.591553966593
18_pos_61	0.7522333546500001
18_pos_62	0.18831111850200002
18_pos_63	0.25590297694200004
18_pos_64	0.29995690479200005
18_pos_65	0.479228516302
18_pos_66	0.213833675956
18_pos_67	0.190091552922
18_pos_68	0.7181732736769999
18_pos_69	0.765624690315
18_pos_70	0.775332177968
18_pos_71	0.659436893476
18_pos_72	0.106405105252
18_pos_73	0.487554918623
18_pos_74	0.49734539618
18_pos_75	0.397471568571
18_pos_76	0.6111238450909999
18_pos_77	0.557493724212
18_pos_78	0.35609792105800003
18_pos_79	0.30442430070500004
18_pos_80	0.5170079611789999
18_pos_81	0.364350030524
18_pos_82	0.708581259375
19_neg_1	0.001
19_neg_2	0.001
19_neg_3	0.001
19_neg_4	0.001
19_neg_5	0.001
19_neg_6	0.001
19_neg_7	0.001
19_neg_8	0.001
19_neg_9	0.001
19_neg_10	0.001
19_neg_11	0.001
19_neg_12	0.001
19_neg_13	0.001
19_neg_14	0.001
19_neg_15	0.001
19_neg_16	0.001
19_neg_17	0.001
19_neg_18	0.001
19_neg_19	0.001
19_neg_20	0.001
19_neg_21	0.001
19_neg_22	0.001
19_neg_23	0.001
19_neg_24	0.001
19_neg_25	0.001
19_neg_26	0.001
19_neg_27	0.001
19_neg_28	0.001
19_neg_29	0.001
19_neg_30	0.001
19_neg_31	0.001
19_neg_32	0.001
19_neg_33	0.001
19_neg_34	0.001
19_neg_35	0.001
19_neg_36	0.001
19_neg_37	0.001
19_neg_38	0.001
19_neg_39	0.001
19_neg_40	0.001
19_neg_41	0.001
19_neg_42	0.001
19_neg_43	0.001
19_neg_44	0.001
19_neg_45	0.001
19_neg_46	0.001
19_neg_47	0.001
19_neg_48	0.001
19_neg_49	0.001
19_neg_50	0.001
19_neg_51	0.001
20_pos_1	0.6818164282800001
20_pos_2	0.753512013559
20_pos_3	0.709434640988
20_pos_4	0.458879526862
20_pos_5	0.154542857018
20_pos_6	0.6912641573459999
20_pos_7	0.747582052046
20_pos_8	0.5766791271930001
20_pos_9	0.599363036399
20_pos_10	0.5290697239450001
20_pos_11	0.751472340607
20_pos_12	0.49828684654399996
20_pos_13	0.663822615813
20_pos_14	0.716776503916
20_pos_15	0.715083974322
20_pos_16	0.43268111847900004
20_pos_17	0.440542663156
20_pos_18	0.762446016918
20_pos_19	0.370629049415
20_pos_20	0.17087323051800002
20_pos_21	0.78955025358
20_pos_22	0.6094677452699999
20_pos_23	0.467636299152
20_pos_24	0.658889527497
20_pos_25	0.313705656578
20_pos_26	0.729740727071
20_pos_27	0.236358492527
20_pos_28	0.697438401314
20_pos_29	0.30550586767099996
20_pos_30	0.140944282669
20_pos_31	0.490483633778
20_pos_32	0.595331507715
20_pos_33	0.382210637876
20_pos_34	0.13535021969
20_pos_35	0.657334855898
20_pos_36	0.19682058878699998
20_pos_37	0.748918802915
20_pos_38	0.499987093724
20_pos_39	0.29483029991799997
20_pos_40	0.29314687676
20_pos_41	0.261491362206
20_pos_42	0.565559849789
20_pos_43	0.569558056855
20_pos_44	0.243336013985
20_pos_45	0.70311572234
20_pos_46	0.332662625356
20_pos_47	0.244912876066
20_pos_48	0.381509107842
20_pos_49	0.250491094969
20_pos_50	0.15878844223400002
20_pos_51	0.7129532353829999
20_pos_52	0.217267313741
20_pos_53	0.485166487793
20_pos_54	0.613199603316
20_pos_55	0.209961879919
20_pos_56	0.152169630516
20_pos_57	0.347157955152
20_pos_58	0.759452536857
20_pos_59	0.486246668112
20_pos_60	0.10112350224
20_pos_61	0.344622175485
20_pos_62	0.332986703019
20_pos_63	0.485848513318
20_pos_64	0.32939940116300004
20_pos_65	0.6421930920350001
20_pos_66	0.26591034293
20_pos_67	0.288698795828
20_pos_68	0.483392799235
20_pos_69	0.518297335661
20_pos_70	0.541228761427
20_pos_71	0.720001993026
20_pos_72	0.575792217278
20_pos_73	0.778049398105
20_pos_74	0.427660024763
20_pos_75	0.450965202108
20_pos_76	0.7455718471799999
20_pos_77	0.248646584452
20_pos_78	0.24411321148600001
20_pos_79	0.104151061491
20_pos_80	0.10221202506
20_pos_81	0.6664784399360001
20_pos_82	0.631776912697
20_pos_83	0.6735844957580001
20_pos_84	0.42125831106600004
20_pos_85	0.203842301902
20_pos_86	0.37430585816100004
20_pos_87	0.333724383557
20_pos_88	0.235479904752
20_pos_89	0.27057550251
20_pos_90	0.5727635419870001
20_pos_91	0.757785694575
20_pos_92	0.73633460977
20_pos_93	0.111133729176
21_neg_1	0.001
21_neg_2	0.001
21_neg_3	0.001
21_neg_4	0.001
21_neg_5	0.001
21_neg_6	0.001
21_neg_7	0.001
21_neg_8	0.001
21_neg_9	0.001
21_neg_10	0.001
21_neg_11	0.001
21_neg_12	0.001
21_neg_13	0.001
21_neg_14	0.001
21_neg_15	0.001
21_neg_16	0.001
21_neg_17	0.001
21_neg_18	0.001
21_neg_19	0.001
21_neg_20	0.001
21_neg_21	0.001
21_neg_22	0.001
21_neg_23	0.001
21_neg_24	0.001
21_neg_25	0.001
21_neg_26	0.001
21_neg_27	0.001
21_neg_28	0.001
21_neg_29	0.001
21_neg_30	0.001
21_neg_31	0.001
21_neg_32	0.001
21_neg_33	0.001
21_neg_34	0.001
21_neg_35	0.001
21_neg_36	0.001
21_neg_37	0.001
21_neg_38	0.001
21_neg_39	0.001
21_neg_40	0.001
21_neg_41	0.001
21_neg_42	0.001
21_neg_43	0.001
21_neg_44	0.001
21_neg_45	0.001
21_neg_46	0.001
21_neg_47	0.001
21_neg_48	0.001
21_neg_49	0.001
21_neg_50	0.001
21_neg_51	0.001
21_neg_52	0.001
21_neg_53	0.001
21_neg_54	0.001
21_neg_55	0.001
21_neg_56	0.001
21_neg_57	0.001
21_neg_58	0.001
21_neg_59	0.001
21_neg_60	0.001
21_neg_61	0.001
22_pos_1	0.170241052661
22_pos_2	0.6994704313150001
22_pos_3	0.194809734474
22_pos_4	0.24514096408000002
22_pos_5	0.553486111638
22_pos_6	0.14761291449
22_pos_7	0.789224627616
22_pos_8	0.668260133534
22_pos_9	0.792188925759
22_pos_10	0.140167857334
22_pos_11	0.604960362753
22_pos_12	0.49988682474699997
22_pos_13	0.61821389889
22_pos_14	0.505627281772
22_pos_15	0.128547349888
22_pos_16	0.5186261491340001
22_pos_17	0.18433233161200002
22_pos_18	0.600078537214
22_pos_19	0.159605765922
22_pos_20	0.740639620228
22_pos_21	0.6401293103279999
22_pos_22	0.51264382032
22_pos_23	0.425621917239
22_pos_24	0.677247977005
22_pos_25	0.492127818719
22_pos_26	0.163312063402
22_pos_27	0.6700450836140001
22_pos_28	0.798421372937
22_pos_29	0.355942962157
22_pos_30	0.48471942390100003
22_pos_31	0.25873942116099996
22_pos_32	0.494646321663
22_pos_33	0.7914833191959999
22_pos_34	0.444535221985
22_pos_35	0.19166136398400002
22_pos_36	0.490341773477
22_pos_37	0.254969239311
22_pos_38	0.40044365228100004
22_pos_39	0.677787523486
22_pos_40	0.6784460774529999
22_pos_41	0.215310400337
22_pos_42	0.621460238709
22_pos_43	0.42229660023000004
22_pos_44	0.170534882282
22_pos_45	0.674584924518
22_pos_46	0.28375556305
22_pos_47	0.332257665892
22_pos_48	0.12212342027100001
22_pos_49	0.474204553521
22_pos_50	0.513310217597
22_pos_51	0.34176817766199996
22_pos_52	0.503764276355
22_pos_53	0.165144784363
22_pos_54	0.429930808256
22_pos_55	0.773360223159
22_pos_56	0.689124110105
22_pos_57	0.293768873639
22_pos_58	0.366188469963
22_pos_59	0.181196440259
22_pos_60	0.42072127668799997
23_neg_1	0.001
23_neg_2	0.001
23_neg_3	0.001
23_neg_4	0.001
23_neg_5	0.001
23_neg_6	0.001
23_neg_7	0.001
23_neg_8	0.001
23_neg_9	0.001
23_neg_10	0.001
23_neg_11	0.001
23_neg_12	0.001
23_neg_13	0.001
23_neg_14	0.001
23_neg_15	0.001
23_neg_16	0.001
23_neg_17	0.001
23_neg_18	0.001
23_neg_19	0.001
23_neg_20	0.001
23_neg_21	0.001
23_neg_22	0.001
23_neg_23	0.001
23_neg_24	0.001
23_neg_25	0.001
23_neg_26	0.001
23_neg_27	0.001
23_neg_28	0.001
23_neg_29	0.001
23_neg_30	0.001
23_neg_31	0.001
23_neg_32	0.001
23_neg_33	0.001
23_neg_34	0.001
23_neg_35	0.001
23_neg_36	0.001
23_neg_37	0.001
23_neg_38	0.001
23_neg_39	0.001
23_neg_40	0.001
23_neg_41	0.001
23_neg_42	0.001
23_neg_43	0.001
23_neg_44	0.001
23_neg_45	0.001
23_neg_46	0.001
23_neg_47	0.001
23_neg_48	0.001
23_neg_49	0.001
23_neg_50	0.001
23_neg_51	0.001
23_neg_52	0.001
23_neg_53	0.001
23_neg_54	0.001
23_neg_55	0.001
23_neg_56	0.001
23_neg_57	0.001
23_neg_58	0.001
23_neg_59	0.001
23_neg_60	0.001
23_neg_61	0.001
23_neg_62	0.001
23_neg_63	0.001
23_neg_64	0.001
23_neg_65	0.001
23_neg_66	0.001
24_pos_1	0.595769820698
24_pos_2	0.573234527182
24_pos_3	0.410571550786
24_pos_4	0.190956740493
24_pos_5	0.345775679434
24_pos_6	0.35810069950499995
24_pos_7	0.48274322656999996
24_pos_8	0.19543537741
24_pos_9	0.326872117802
24_pos_10	0.667588790144
24_pos_11	0.28300916556899997
24_pos_12	0.25870737390299997
24_pos_13	0.756913430684
24_pos_14	0.345042824391
24_pos_15	0.430658328165
24_pos_16	0.212466366886
24_pos_17	0.355048240411
24_pos_18	0.739940640975
24_pos_19	0.351284364306
24_pos_20	0.232644049061
24_pos_21	0.502476168489
24_pos_22	0.7172764906119999
24_pos_23	0.251862511962
24_pos_24	0.45734535240199997
24_pos_25	0.727368149683
24_pos_26	0.629866590455
24_pos_27	0.6952928677060001
24_pos_28	0.348695828028
24_pos_29	0.583745754374
24_pos_30	0.59181304735
24_pos_31	0.46962170677599996
24_pos_32	0.402954552988
24_pos_33	0.753507275969
24_pos_34	0.534650371389
24_pos_35	0.7414319559460001
24_pos_36	0.5246573368190001
24_pos_37	0.7210838695440001
24_pos_38	0.275621305732
24_pos_39	0.37991113428999995
24_pos_40	0.6263247795419999
24_pos_41	0.448304388715
24_pos_42	0.43157535797700003
24_pos_43	0.314995434274
24_pos_44	0.264725308091
24_pos_45	0.78818505073
24_pos_46	0.239552503985
24_pos_47	0.575006548359
24_pos_48	0.468558842949
24_pos_49	0.29183252975
24_pos_50	0.454239210978
24_pos_51	0.241372190391
24_pos_52	0.576188099757
24_pos_53	0.549619546722
24_pos_54	0.616319440308
24_pos_55	0.282614704256
24_pos_56	0.662823802313
24_pos_57	0.432643596705
24_pos_58	0.502457438135
24_pos_59	0.517755190128
24_pos_60	0.306625766186
24_pos_61	0.744410673466
24_pos_62	0.555846895695
24_pos_63	0.474131295377
24_pos_64	0.730805219851
24_pos_65	0.28405655231
24_pos_66	0.407411480596
24_pos_67	0.314081397948
24_pos_68	0.292392633003
24_pos_69	0.28204176294100003
24_pos_70	0.16313858224000002
24_pos_71	0.7993024648829999
24_pos_72	0.441433273495
25_neg_1	0.001
25_neg_2	0.001
25_neg_3	0.001
25_neg_4	0.001
25_neg_5	0.001
25_neg_6	0.001
25_neg_7	0.001
25_neg_8	0.001
25_neg_9	0.001
25_neg_10	0.001
25_neg_11	0.001
25_neg_12	0.001
25_neg_13	0.001
25_neg_14	0.001
25_neg_15	0.001
25_neg_16	0.001
25_neg_17	0.001
25_neg_18	0.001
25_neg_19	0.001
25_neg_20	0.001
25_neg_21	0.001
25_neg_22	0.001
25_neg_23	0.001
25_neg_24	0.001
25_neg_25	0.001
25_neg_26	0.001
25_neg_27	0.001
25_neg_28	0.001
25_neg_29	0.001
25_neg_30	0.001
25_neg_31	0.001
25_neg_32	0.001
25_neg_33	0.001
25_neg_34	0.001
25_neg_35	0.001
25_neg_36	0.001
25_neg_37	0.001
25_neg_38	0.001
25_neg_39	0.001
25_neg_40	0.001
25_neg_41	0.001
25_neg_42	0.001
25_neg_43	0.001
25_neg_44	0.001
25_neg_45	0.001
25_neg_46	0.001
25_neg_47	0.001
25_neg_48	0.001
25_neg_49	0.001
25_neg_50	0.001
25_neg_51	0.001
25_neg_52	0.001
25_neg_53	0.001
25_neg_54	0.001
25_neg_55	0.001
25_neg_56	0.001
25_neg_57	0.001
25_neg_58	0.001
26_pos_1	0.653529535317
26_pos_2	0.676954077842
26_pos_3	0.164678745406
26_pos_4	0.42332131161200004
26_pos_5	0.35601851011
26_pos_6	0.540355748737
26_pos_7	0.181602576366
26_pos_8	0.327258468089
26_pos_9	0.6886017325239999
26_pos_10	0.40219019623400004
26_pos_11	0.23826966804900002
26_pos_12	0.7510767267309999
26_pos_13	0.21382085157699998
26_pos_14	0.640824534203
26_pos_15	0.49089141837899997
26_pos_16	0.39031673356200003
26_pos_17	0.7765486286480001
26_pos_18	0.203085622599
26_pos_19	0.640099253215
26_pos_20	0.48032358428599997
26_pos_21	0.22453350612700002
26_pos_22	0.249328880612
26_pos_23	0.565527852757
26_pos_24	0.7087803770960001
26_pos_25	0.22788285651999998
26_pos_26	0.31952128054900003
26_pos_27	0.607026738107
26_pos_28	0.26759209223
26_pos_29	0.641689704068
26_pos_30	0.587417265806
26_pos_31	0.572031930277
26_pos_32	0.318651252625
26_pos_33	0.28862707091999995
26_pos_34	0.40498333029600003
26_pos_35	0.403478020486
26_pos_36	0.439005362672
26_pos_37	0.520618631259
26_pos_38	0.22647369283100002
26_pos_39	0.12139075783600001
26_pos_40	0.5697227003140001
26_pos_41	0.35991597182999996
26_pos_42	0.582847775233
26_pos_43	0.7528271010709999
26_pos_44	0.539434388893
26_pos_45	0.27462408381299996
26_pos_46	0.526560271922
26_pos_47	0.40946967052
26_pos_48	0.537329827142
26_pos_49	0.47247689646200003
26_pos_50	0.733030270034
26_pos_51	0.283734652058
27_neg_1	0.001
27_neg_2	0.001
27_neg_3	0.001
27_neg_4	0.001
27_neg_5	0.001
27_neg_6	0.001
27_neg_7	0.001
27_neg_8	0.001
27_neg_9	0.001
27_neg_10	0.001
27_neg_11	0.001
27_neg_12	0.001
27_neg_13	0.001
27_neg_14	0.001
27_neg_15	0.001
27_neg_16	0.001
27_neg_17	0.001
27_neg_18	0.001
27_neg_19	0.001
27_neg_20	0.001
27_neg_21	0.001
27_neg_22	0.001
27_neg_23	0.001
27_neg_24	0.001
27_neg_25	0.001
27_neg_26	0.001
27_neg_27	0.001
27_neg_28	0.001
27_neg_29	0.001
27_neg_30	0.001
27_neg_31	0.001
27_neg_32	0.001
27_neg_33	0.001
27_neg_34	0.001
27_neg_35	0.001
27_neg_36	0.001
27_neg_37	0.001
27_neg_38	0.001
27_neg_39	0.001
27_neg_40	0.001
27_neg_41	0.001
27_neg_42	0.001
27_neg_43	0.001
27_neg_44	0.001
27_neg_45	0.001
27_neg_46	0.001
27_neg_47	0.001
27_neg_48	0.001
27_neg_49	0.001
27_neg_50	0.001
28_pos_1	0.684888167094
28_pos_2	0.197478587379
28_pos_3	0.7269516248319999
28_pos_4	0.5867672797060001
28_pos_5	0.18815294144699998
28_pos_6	0.28288842532499997
28_pos_7	0.48819502731200004
28_pos_8	0.463423988073
28_pos_9	0.263554108715
28_pos_10	0.769867323542
28_pos_11	0.128144300604
28_pos_12	0.298657910413
28_pos_13	0.211970259632
28_pos_14	0.7774127079459999
28_pos_15	0.528939828394
28_pos_16	0.264831138385
28_pos_17	0.401134586453
28_pos_18	0.337763882638
28_pos_19	0.552988405441
28_pos_20	0.308979045399
28_pos_21	0.1040995444
28_pos_22	0.625484234472
28_pos_23	0.694186107358
28_pos_24	0.217395071694
28_pos_25	0.7954778843970001
28_pos_26	0.627079267755
28_pos_27	0.661023031999
28_pos_28	0.636567166249
28_pos_29	0.378322400968
28_pos_30	0.426514682039
28_pos_31	0.775320630263
28_pos_32	0.6151943295610001
28_pos_33	0.157984950447
28_pos_34	0.303617507222
28_pos_35	0.586570935754
28_pos_36	0.27239818732
28_pos_37	0.447076300765
28_pos_38	0.47650089268600004
28_pos_39	0.46930905343699997
28_pos_40	0.728568502622
28_pos_41	0.520988060793
28_pos_42	0.131910874591
28_pos_43	0.432719877622
28_pos_44	0.362626798777
28_pos_45	0.615563132915
28_pos_46	0.595891553975
28_pos_47	0.247104076306
28_pos_48	0.639101453481
28_pos_49	0.461312926938
28_pos_50	0.7036328942360001
28_pos_51	0.216484664724
28_pos_52	0.790012665575
28_pos_53	0.39830179548
28_pos_54	0.470496323987
28_pos_55	0.10927480648299999
28_pos_56	0.5274499878159999
28_pos_57	0.512260608675
28_pos_58	0.223590720563
28_pos_59	0.744727122087
28_pos_60	0.319530378083
28_pos_61	0.236847774573
28_pos_62	0.248586626815
28_pos_63	0.349905576677
28_pos_64	0.166489083935
28_pos_65	0.449231882425
28_pos_66	0.543753117024
28_pos_67	0.45751440402599997
28_pos_68	0.338110795675
28_pos_69	0.718788610919
28_pos_70	0.139297240835
28_pos_71	0.543404256295
28_pos_72	0.557635563652
28_pos_73	0.25522335760299997
28_pos_74	0.5222086110199999
28_pos_75	0.726038044978
28_pos_76	0.17243032613499998
28_pos_77	0.40059862246399996
28_pos_78	0.213994864077
28_pos_79	0.611888040856
28_pos_80	0.34295263912100005
28_pos_81	0.264051626951
28_pos_82	0.653850154014
28_pos_83	0.6322533177
28_pos_84	0.393516610636
28_pos_85	0.7102305981029999
28_pos_86	0.14160136042899998
28_pos_87	0.108154107083
28_pos_88	0.788566052966
28_pos_89	0.5086230516929999
28_pos_90	0.639697551904
28_pos_91	0.56304616375
28_pos_92	0.798343832448
28_pos_93	0.393107237206
28_pos_94	0.36848471579000003
28_pos_95	0.755993380431
28_pos_96	0.5386716450819999
29_neg_1	0.001
29_neg_2	0.001
29_neg_3	0.001
29_neg_4	0.001
29_neg_5	0.001
29_neg_6	0.001
29_neg_7	0.001
29_neg_8	0.001
29_neg_9	0.001
29_neg_10	0.001
29_neg_11	0.001
29_neg_12	0.001
29_neg_13	0.001
29_neg_14	0.001
29_neg_15	0.001
29_neg_16	0.001
29_neg_17	0.001
29_neg_18	0.001
29_neg_19	0.001
29_neg_20	0.001
29_neg_21	0.001
29_neg_22	0.001
29_neg_23	0.001
29_neg_24	0.001
29_neg_25	0.001
29_neg_26	0.001
29_neg_27	0.001
29_neg_28	0.001
29_neg_29	0.001
29_neg_30	0.001
29_neg_31	0.001
29_neg_32	0.001
29_neg_33	0.001
29_neg_34	0.001
29_neg_35	0.001
29_neg_36	0.001
29_neg_37	0.001
29_neg_38	0.001
29_neg_39	0.001
29_neg_40	0.001
29_neg_41	0.001
29_neg_42	0.001
29_neg_43	0.001
29_neg_44	0.001
29_neg_45	0.001
29_neg_46	0.001
29_neg_47	0.001
29_neg_48	0.001
29_neg_49	0.001
29_neg_50	0.001
29_neg_51	0.001
29_neg_52	0.001
29_neg_53	0.001
29_neg_54	0.001
29_neg_55	0.001
29_neg_56	0.001
29_neg_57	0.001
29_neg_58	0.001
29_neg_59	0.001
29_neg_60	0.001
29_neg_61	0.001
29_neg_62	0.001
29_neg_63	0.001
29_neg_64	0.001
29_neg_65	0.001
29_neg_66	0.001
29_neg_67	0.001
29_neg_68	0.001
29_neg_69	0.001
29_neg_70	0.001
29_neg_71	0.001
29_neg_72	0.001
29_neg_73	0.001
29_neg_74	0.001
29_neg_75	0.001
29_neg_76	0.001
29_neg_77	0.001
29_neg_78	0.001
29_neg_79	0.001
29_neg_80	0.001
29_neg_81	0.001
29_neg_82	0.001
29_neg_83	0.001
29_neg_84	0.001
29_neg_85	0.001
29_neg_86	0.001
29_neg_87	0.001
29_neg_88	0.001
30_pos_1	0.466325112223
30_pos_2	0.528874947871
30_pos_3	0.653561994761
30_pos_4	0.5679009374589999
30_pos_5	0.412556814863
30_pos_6	0.36385607233
30_pos_7	0.449332021969
30_pos_8	0.10215371570399999
30_pos_9	0.11096778731899999
30_pos_10	0.237411556691
30_pos_11	0.680540358196
30_pos_12	0.643982546247
30_pos_13	0.220571502595
30_pos_14	0.475784988222
30_pos_15	0.706868196168
30_pos_16	0.334448007531
30_pos_17	0.179052609455
30_pos_18	0.5913376271199999
30_pos_19	0.237052460132
30_pos_20	0.505328249398
30_pos_21	0.283301977155
30_pos_22	0.37854807998
30_pos_23	0.147112166948
30_pos_24	0.40958076535899995
30_pos_25	0.143918976124
30_pos_26	0.6060831313480001
30_pos_27	0.692706789725
30_pos_28	0.374454617109
30_pos_29	0.6445410099159999
30_pos_30	0.220966976068
30_pos_31	0.319086930759
30_pos_32	0.123454109499
30_pos_33	0.190815073914
30_pos_34	0.45146337919
30_pos_35	0.45786265432800005
30_pos_36	0.109507378138
30_pos_37	0.789046440116
30_pos_38	0.7327500468179999
30_pos_39	0.621799264873
30_pos_40	0.29853931594
30_pos_41	0.550004829347
30_pos_42	0.496808931807
30_pos_43	0.226650712841
30_pos_44	0.582302189063
30_pos_45	0.319982674227
30_pos_46	0.159417726795
30_pos_47	0.482143507272
30_pos_48	0.479367399534
30_pos_49	0.180449578066
30_pos_50	0.120794506491
30_pos_51	0.180150754143
30_pos_52	0.537406173795
30_pos_53	0.578591846544
30_pos_54	0.213842293985
30_pos_55	0.591332359233
30_pos_56	0.406861760796
30_pos_57	0.619577941497
30_pos_58	0.11127589456800001
30_pos_59	0.701312819365
30_pos_60	0.107896102228
30_pos_61	0.7289541995300001
30_pos_62	0.41828075153000005
30_pos_63	0.668149414112
30_pos_64	0.6489294179990001
31_neg_1	0.001
31_neg_2	0.001
31_neg_3	0.001
31_neg_4	0.001
31_neg_5	0.001
31_neg_6	0.001
31_neg_7	0.001
31_neg_8	0.001
31_neg_9	0.001
31_neg_10	0.001
31_neg_11	0.001
31_neg_12	0.001
31_neg_13	0.001
31_neg_14	0.001
31_neg_15	0.001
31_neg_16	0.001
31_neg_17	0.001
31_neg_18	0.001
31_neg_19	0.001
31_neg_20	0.001
31_neg_21	0.001
31_neg_22	0.001
31_neg_23	0.001
31_neg_24	0.001
31_neg_25	0.001
31_neg_26	0.001
31_neg_27	0.001
31_neg_28	0.001
31_neg_29	0.001
31_neg_30	0.001
31_neg_31	0.001
31_neg_32	0.001
31_neg_33	0.001
31_neg_34	0.001
31_neg_35	0.001
31_neg_36	0.001
31_neg_37	0.001
31_neg_38	0.001
31_neg_39	0.001
31_neg_40	0.001
31_neg_41	0.001
31_neg_42	0.001
31_neg_43	0.001
31_neg_44	0.001
31_neg_45	0.001
31_neg_46	0.001
31_neg_47	0.001
31_neg_48	0.001
31_neg_49	0.001
31_neg_50	0.001
31_neg_51	0.001
31_neg_52	0.001
31_neg_53	0.001
31_neg_54	0.001
31_neg_55	0.001
31_neg_56	0.001
31_neg_57	0.001
31_neg_58	0.001
31_neg_59	0.001
31_neg_60	0.001
31_neg_61	0.001
31_neg_62	0.001
31_neg_63	0.001
31_neg_64	0.001
31_neg_65	0.001
31_neg_66	0.001
31_neg_67	0.001
31_neg_68	0.001
31_neg_69	0.001
31_neg_70	0.001
31_neg_71	0.001
31_neg_72	0.001
31_neg_73	0.001
31_neg_74	0.001
31_neg_75	0.001
31_neg_76	0.001
31_neg_77	0.001
31_neg_78	0.001
31_neg_79	0.001
31_neg_80	0.001
31_neg_81	0.001
31_neg_82	0.001
31_neg_83	0.001
31_neg_84	0.001
31_neg_85	0.001
31_neg_86	0.001
31_neg_87	0.001
31_neg_88	0.001
31_neg_89	0.001
31_neg_90	0.001
31_neg_91	0.001
32_pos_1	0.30272843343600003
32_pos_2	0.324193683279
32_pos_3	0.731091944375
32_pos_4	0.516872174701
32_pos_5	0.5881977887550001
32_pos_6	0.24852974094099997
32_pos_7	0.495336806799
32_pos_8	0.235784358396
32_pos_9	0.122334634481
32_pos_10	0.727227019641
32_pos_11	0.7572944685359999
32_pos_12	0.357330337659
32_pos_13	0.49745934247100004
32_pos_14	0.20108308236400002
32_pos_15	0.7943558747239999
32_pos_16	0.603493809419
32_pos_17	0.43489854947400003
32_pos_18	0.332776321734
32_pos_19	0.36895055686399997
32_pos_20	0.456682867432
32_pos_21	0.404840275428
32_pos_22	0.154141436248
32_pos_23	0.406091712443
32_pos_24	0.701300954481
32_pos_25	0.621548007245
32_pos_26	0.38800310882100003
32_pos_27	0.180813359555
32_pos_28	0.739856156275
32_pos_29	0.187300026573
32_pos_30	0.718096732378
32_pos_31	0.197149199975
32_pos_32	0.704541412351
32_pos_33	0.17261860094300002
32_pos_34	0.378193298602
32_pos_35	0.296191668488
32_pos_36	0.44154921283200005
32_pos_37	0.25166729628
32_pos_38	0.246298337606
32_pos_39	0.112299666922
32_pos_40	0.240619098709
32_pos_41	0.317208339283
32_pos_42	0.654818594292
32_pos_43	0.6959052563629999
32_pos_44	0.179516059284
32_pos_45	0.5939508190470001
32_pos_46	0.645741387651
32_pos_47	0.760319750577
32_pos_48	0.774124278818
32_pos_49	0.543832114593
32_pos_50	0.21552915870900002
32_pos_51	0.624432428737
32_pos_52	0.653250905552
32_pos_53	0.105245748662
32_pos_54	0.236287109561
32_pos_55	0.509385303761
32_pos_56	0.113860942968
32_pos_57	0.6392890278019999
32_pos_58	0.71517964112
32_pos_59	0.274743501169
32_pos_60	0.607295426768
32_pos_61	0.33784445253600004
32_pos_62	0.629364566031
32_pos_63	0.262818110669
32_pos_64	0.7716512745180001
32_pos_65	0.314530669793
32_pos_66	0.275019777935
32_pos_67	0.6068729156930001
32_pos_68	0.587559355812
32_pos_69	0.646008823555
32_pos_70	0.7359847420640001
32_pos_71	0.13677497518600001
32_pos_72	0.41585905063100004
32_pos_73	0.6341604619569999
32_pos_74	0.41714747712899997
32_pos_75	0.736345366091
32_pos_76	0.304335946102
32_pos_77	0.27007145547600003
32_pos_78	0.654535721227
32_pos_79	0.24237849622299998
32_pos_80	0.495479358022
32_pos_81	0.133690364302
32_pos_82	0.55754121887
32_pos_83	0.745620665217
32_pos_84	0.31897660612
32_pos_85	0.160982625646
32_pos_86	0.662861648243
32_pos_87	0.7457440908699999
32_pos_88	0.274206993395
32_pos_89	0.633037552686
32_pos_90	0.79969973495
32_pos_91	0.291086782554
32_pos_92	0.562279974801
32_pos_93	0.732024945063
32_pos_94	0.472629368076
32_pos_95	0.383901620756
32_pos_96	0.758860108682
32_pos_97	0.10550387699100001
33_neg_1	0.001
33_neg_2	0.001
33_neg_3	0.001
33_neg_4	0.001
33_neg_5	0.001
33_neg_6	0.001
33_neg_7	0.001
33_neg_8	0.001
33_neg_9	0.001
33_neg_10	0.001
33_neg_11	0.001
33_neg_12	0.001
33_neg_13	0.001
33_neg_14	0.001
33_neg_15	0.001
33_neg_16	0.001
33_neg_17	0.001
33_neg_18	0.001
33_neg_19	0.001
33_neg_20	0.001
33_neg_21	0.001
33_neg_22	0.001
33_neg_23	0.001
33_neg_24	0.001
33_neg_25	0.001
33_neg_26	0.001
33_neg_27	0.001
33_neg_28	0.001
33_neg_29	0.001
33_neg_30	0.001
33_neg_31	0.001
33_neg_32	0.001
33_neg_33	0.001
33_neg_34	0.001
33_neg_35	0.001
33_neg_36	0.001
33_neg_37	0.001
33_neg_38	0.001
33_neg_39	0.001
33_neg_40	0.001
33_neg_41	0.001
33_neg_42	0.001
33_neg_43	0.001
33_neg_44	0.001
33_neg_45	0.001
33_neg_46	0.001
33_neg_47	0.001
33_neg_48	0.001
33_neg_49	0.001
33_neg_50	0.001
33_neg_51	0.001
33_neg_52	0.001
33_neg_53	0.001
33_neg_54	0.001
33_neg_55	0.001
33_neg_56	0.001
33_neg_57	0.001
33_neg_58	0.001
33_neg_59	0.001
33_neg_60	0.001
33_neg_61	0.001
33_neg_62	0.001
33_neg_63	0.001
33_neg_64	0.001
33_neg_65	0.001
33_neg_66	0.001
33_neg_67	0.001
33_neg_68	0.001
33_neg_69	0.001
33_neg_70	0.001
33_neg_71	0.001
33_neg_72	0.001
33_neg_73	0.001
33_neg_74	0.001
34_pos_1	0.305348386538
34_pos_2	0.536685539239
34_pos_3	0.148834267134
34_pos_4	0.720927008678
34_pos_5	0.360910899726
34_pos_6	0.543869917518
34_pos_7	0.20587384892299998
34_pos_8	0.33204682907
34_pos_9	0.260673335183
34_pos_10	0.267289973318
34_pos_11	0.27189315249400003
34_pos_12	0.633893575049
34_pos_13	0.13549157787000002
34_pos_14	0.284439231379
34_pos_15	0.228316766079
34_pos_16	0.7772830543320001
34_pos_17	0.352370168705
34_pos_18	0.365318398195
34_pos_19	0.3368884029
34_pos_20	0.379109865251
34_pos_21	0.170742868862
34_pos_22	0.48945458837399997
34_pos_23	0.7781389031039999
34_pos_24	0.551177578784
34_pos_25	0.691662129305
34_pos_26	0.457869421739
34_pos_27	0.265181583849
34_pos_28	0.756676748425
34_pos_29	0.785595917369
34_pos_30	0.721839633189
34_pos_31	0.22321087571400003
34_pos_32	0.208500712153
34_pos_33	0.555873657664
34_pos_34	0.376562888042
34_pos_35	0.336667596611
34_pos_36	0.197515248959
34_pos_37	0.307063811413
34_pos_38	0.284836819384
34_pos_39	0.129439100702
34_pos_40	0.35614648467
34_pos_41	0.28120430250399997
34_pos_42	0.44140838807899996
34_pos_43	0.614631400953
34_pos_44	0.26548157986
34_pos_45	0.47384205280599995
34_pos_46	0.440672164441
34_pos_47	0.134995812812
34_pos_48	0.504583463904
34_pos_49	0.747025762454
34_pos_50	0.211803595561
34_pos_51	0.353327668321
34_pos_52	0.503234361339
34_pos_53	0.123996760548
34_pos_54	0.31103150836599996
34_pos_55	0.613381691986
34_pos_56	0.159464148368
34_pos_57	0.42323384553599996
34_pos_58	0.489592235843
34_pos_59	0.723480853405
34_pos_60	0.14834425614
34_pos_61	0.654005854873
34_pos_62	0.448067652173
34_pos_63	0.276901786915
34_pos_64	0.45646697903000005
34_pos_65	0.355888620859
34_pos_66	0.240737602744
34_pos_67	0.17312955192899998
34_pos_68	0.246471205429
34_pos_69	0.197178743158
34_pos_70	0.7543541872130001
34_pos_71	0.608040293511
34_pos_72	0.53738347674
35_neg_1	0.001
35_neg_2	0.001
35_neg_3	0.001
35_neg_4	0.001
35_neg_5	0.001
35_neg_6	0.001
35_neg_7	0.001
35_neg_8	0.001
35_neg_9	0.001
35_neg_10	0.001
35_neg_11	0.001
35_neg_12	0.001
35_neg_13	0.001
35_neg_14	0.001
35_neg_15	0.001
35_neg_16	0.001
35_neg_17	0.001
35_neg_18	0.001
35_neg_19	0.001
35_neg_20	0.001
35_neg_21	0.001
35_neg_22	0.001
35_neg_23	0.001
35_neg_24	0.001
35_neg_25	0.001
35_neg_26	0.001
35_neg_27	0.001
35_neg_28	0.001
35_neg_29	0.001
35_neg_30	0.001
35_neg_31	0.001
35_neg_32	0.001
35_neg_33	0.001
35_neg_34	0.001
35_neg_35	0.001
35_neg_36	0.001
35_neg_37	0.001
35_neg_38	0.001
35_neg_39	0.001
35_neg_40	0.001
35_neg_41	0.001
35_neg_42	0.001
35_neg_43	0.001
35_neg_44	0.001
35_neg_45	0.001
35_neg_46	0.001
35_neg_47	0.001
35_neg_48	0.001
35_neg_49	0.001
35_neg_50	0.001
35_neg_51	0.001
35_neg_52	0.001
35_neg_53	0.001
35_neg_54	0.001
35_neg_55	0.001
35_neg_56	0.001
35_neg_57	0.001
35_neg_58	0.001
35_neg_59	0.001
35_neg_60	0.001
35_neg_61	0.001
35_neg_62	0.001
35_neg_63	0.001
35_neg_64	0.001
35_neg_65	0.001
35_neg_66	0.001
35_neg_67	0.001
35_neg_68	0.001
36_pos_1	0.589386408046
36_pos_2	0.36296651846600003
36_pos_3	0.101817646439
36_pos_4	0.6337589835230001
36_pos_5	0.4973170323100001
36_pos_6	0.671700783091
36_pos_7	0.657712473173
36_pos_8	0.460245794802
36_pos_9	0.253463183001
36_pos_10	0.367941309603
36_pos_11	0.401488549899
36_pos_12	0.339909325079
36_pos_13	0.573269147636
36_pos_14	0.476137102563
36_pos_15	0.276396916275
36_pos_16	0.29173459306899996
36_pos_17	0.36651579381399996
36_pos_18	0.34261276615
36_pos_19	0.738080574129
36_pos_20	0.462238678425
36_pos_21	0.64106158406
36_pos_22	0.7242253388779999
36_pos_23	0.248312637391
36_pos_24	0.681429611084
36_pos_25	0.217640825908
36_pos_26	0.628810552368
36_pos_27	0.425831203052
36_pos_28	0.334599941
36_pos_29	0.398580485958
36_pos_30	0.109727599389
36_pos_31	0.257799962422
36_pos_32	0.674321600045
36_pos_33	0.273065009131
36_pos_34	0.723510354605
36_pos_35	0.418093425008
36_pos_36	0.11150755375299999
36_pos_37	0.445715821364
36_pos_38	0.45843101826099997
36_pos_39	0.6834000075669999
36_pos_40	0.6599174957549999
36_pos_41	0.152008603983
36_pos_42	0.31325133628
36_pos_43	0.578495450182
36_pos_44	0.7146654905850001
36_pos_45	0.6547178234309999
36_pos_46	0.352308365571
36_pos_47	0.7185705434690001
36_pos_48	0.535222791704
36_pos_49	0.292173006277
36_pos_50	0.256317905227
36_pos_51	0.657179523334
36_pos_52	0.473655138341
36_pos_53	0.31512393643500003
36_pos_54	0.549243719872
36_pos_55	0.31763153331099997
36_pos_56	0.463832392867
36_pos_57	0.689599204719
36_pos_58	0.160766443739
36_pos_59	0.431377572399
36_pos_60	0.16844287879099998
36_pos_61	0.47359300458400005
36_pos_62	0.559358832136
36_pos_63	0.65060225776
36_pos_64	0.187067046021
36_pos_65	0.20234748438900002
36_pos_66	0.16373994005
36_pos_67	0.502758791041
36_pos_68	0.503685637081
36_pos_69	0.6800120578659999
36_pos_70	0.719068079175
36_pos_71	0.329510276984
36_pos_72	0.405040376661
36_pos_73	0.592524549725
36_pos_74	0.33902460980800003
36_pos_75	0.512914355731
37_neg_1	0.001
37_neg_2	0.001
37_neg_3	0.001
37_neg_4	0.001
37_neg_5	0.001
37_neg_6	0.001
37_neg_7	0.001
37_neg_8	0.001
37_neg_9	0.001
37_neg_10	0.001
37_neg_11	0.001
37_neg_12	0.001
37_neg_13	0.001
37_neg_14	0.001
37_neg_15	0.001
37_neg_16	0.001
37_neg_17	0.001
37_neg_18	0.001
37_neg_19	0.001
37_neg_20	0.001
37_neg_21	0.001
37_neg_22	0.001
37_neg_23	0.001
37_neg_24	0.001
37_neg_25	0.001
37_neg_26	0.001
37_neg_27	0.001
37_neg_28	0.001
37_neg_29	0.001
37_neg_30	0.001
37_neg_31	0.001
37_neg_32	0.001
37_neg_33	0.001
37_neg_34	0.001
37_neg_35	0.001
37_neg_36	0.001
37_neg_37	0.001
37_neg_38	0.001
37_neg_39	0.001
37_neg_40	0.001
37_neg_41	0.001
37_neg_42	0.001
37_neg_43	0.001
37_neg_44	0.001
37_neg_45	0.001
37_neg_46	0.001
37_neg_47	0.001
37_neg_48	0.001
37_neg_49	0.001
37_neg_50	0.001
37_neg_51	0.001
37_neg_52	0.001
37_neg_53	0.001
37_neg_54	0.001
37_neg_55	0.001
37_neg_56	0.001
37_neg_57	0.001
37_neg_58	0.001
37_neg_59	0.001
37_neg_60	0.001
37_neg_61	0.001
37_neg_62	0.001
37_neg_63	0.001
37_neg_64	0.001
37_neg_65	0.001
37_neg_66	0.001
37_neg_67	0.001
37_neg_68	0.001
37_neg_69	0.001
37_neg_70	0.001
37_neg_71	0.001
37_neg_72	0.001
37_neg_73	0.001
38_pos_1	0.30871866615
38_pos_2	0.34904166946500004
38_pos_3	0.6291792168639999
38_pos_4	0.454971933899
38_pos_5	0.366134888139
38_pos_6	0.605823939929
38_pos_7	0.317568475915
38_pos_8	0.353510250461
38_pos_9	0.572442770285
38_pos_10	0.377735621091
38_pos_11	0.570187134578
38_pos_12	0.462456664815
38_pos_13	0.21915220473299998
38_pos_14	0.7264170371950001
38_pos_15	0.5167598789019999
38_pos_16	0.541935945843
38_pos_17	0.108475130979
38_pos_18	0.470573862901
38_pos_19	0.38307579136299996
38_pos_20	0.702919404394
38_pos_21	0.7283524563600001
38_pos_22	0.766043049419
38_pos_23	0.797860184411
38_pos_24	0.64660743675
38_pos_25	0.540263551557
38_pos_26	0.397795961935
38_pos_27	0.187382433273
38_pos_28	0.28565227579999997
38_pos_29	0.284033010754
38_pos_30	0.274066679996
38_pos_31	0.380054279684
38_pos_32	0.633203436167
38_pos_33	0.578423206584
38_pos_34	0.724586971955
38_pos_35	0.23427670954799998
38_pos_36	0.520953912979
38_pos_37	0.57760483527
38_pos_38	0.62639594103
38_pos_39	0.409998415731
38_pos_40	0.205269251406
38_pos_41	0.774070246145
38_pos_42	0.559022175831
38_pos_43	0.185794371899
38_pos_44	0.230798951966
38_pos_45	0.586020763558
38_pos_46	0.642078989846
38_pos_47	0.513416268967
38_pos_48	0.130720826707
38_pos_49	0.709808971998
38_pos_50	0.393352766248
38_pos_51	0.20173146869000003
38_pos_52	0.747695447907
38_pos_53	0.637145144501
38_pos_54	0.650930380424
38_pos_55	0.31003618329
38_pos_56	0.706887699152
38_pos_57	0.204209393362
38_pos_58	0.6465495196459999
38_pos_59	0.451113137129
38_pos_60	0.735590229865
38_pos_61	0.29492894850900003
38_pos_62	0.24976882649999999
38_pos_63	0.6605688962690001
38_pos_64	0.5225944647240001
38_pos_65	0.143089071733
38_pos_66	0.12172065203400001
38_pos_67	0.5444913088459999
38_pos_68	0.115198098441
38_pos_69	0.44853323417700003
38_pos_70	0.501274634515
38_pos_71	0.22539152012
38_pos_72	0.36568649739799997
38_pos_73	0.620069801277
38_pos_74	0.260810175928
38_pos_75	0.608049879497
38_pos_76	0.562350486576
38_pos_77	0.159855716918
39_neg_1	0.001
39_neg_2	0.001
39_neg_3	0.001
39_neg_4	0.001
39_neg_5	0.001
39_neg_6	0.001
39_neg_7	0.001
39_neg_8	0.001
39_neg_9	0.001
39_neg_10	0.001
39_neg_11	0.001
39_neg_12	0.001
39_neg_13	0.001
39_neg_14	0.001
39_neg_15	0.001
39_neg_16	0.001
39_neg_17	0.001
39_neg_18	0.001
39_neg_19	0.001
39_neg_20	0.001
39_neg_21	0.001
39_neg_22	0.001
39_neg_23	0.001
39_neg_24	0.001
39_neg_25	0.001
39_neg_26	0.001
39_neg_27	0.001
39_neg_28	0.001
39_neg_29	0.001
39_neg_30	0.001
39_neg_31	0.001
39_neg_32	0.001
39_neg_33	0.001
39_neg_34	0.001
39_neg_35	0.001
39_neg_36	0.001
39_neg_37	0.001
39_neg_38	0.001
39_neg_39	0.001
39_neg_40	0.001
39_neg_41	0.001
39_neg_42	0.001
39_neg_43	0.001
39_neg_44	0.001
39_neg_45	0.001
39_neg_46	0.001
39_neg_47	0.001
39_neg_48	0.001
39_neg_49	0.001
39_neg_50	0.001
39_neg_51	0.001
39_neg_52	0.001
39_neg_53	0.001
39_neg_54	0.001
39_neg_55	0.001
39_neg_56	0.001
39_neg_57	0.001
39_neg_58	0.001
39_neg_59	0.001
39_neg_60	0.001
39_neg_61	0.001
39_neg_62	0.001
39_neg_63	0.001
39_neg_64	0.001
39_neg_65	0.001
39_neg_66	0.001
39_neg_67	0.001
39_neg_68	0.001
39_neg_69	0.001
39_neg_70	0.001
39_neg_71	0.001
39_neg_72	0.001
39_neg_73	0.001
39_neg_74	0.001
39_neg_75	0.001
39_neg_76	0.001
39_neg_77	0.001
39_neg_78	0.001
39_neg_79	0.001
39_neg_80	0.001
39_neg_81	0.001
39_neg_82	0.001
39_neg_83	0.001
39_neg_84	0.001
39_neg_85	0.001
39_neg_86	0.001
39_neg_87	0.001
