p49026,p48746
p49450,p49426
p49078,p49050
p49750,p49746
p49546,p49522
p32258,p32253
p25740,p25685
p173042,p173041
p165570,p165561
p191325,p191261
p193348,p193320
p188493,p188685
p167145,p167073
p163141,p163045
p173060,p173025
p27808,p28248
p113235,p113171
p49086,p49050
p10149,p10129
p9959,p9954
p10234,p10229
p10259,p10174
p9994,p9989
p25234,p25223
p150579,p150069
p143540,p143530
p113123,p115379
p115171,p116755
p119427,p117539
p114707,p113283
p115203,p115123
p114915,p114243
p114723,p113699
p113171,p115363
p117427,p116211
p218854,p218844
p218886,p218882
p218874,p218866
p218918,p219138
p127146,p127176
p127124,p127148
p219044,p218964
p219170,p218878
p219182,p219154
p218812,p218802
p218876,p219204
p218800,p219214
p218938,p218934
p218822,p218816
p111061,p104467
p218856,p219026
p219090,p218884
p219056,p219038
p218930,p218888
p92836,p92826
p118483,p118451
p115043,p116755
p111397,p111313
p127122,p127176
p117299,p117283
p93346,p93331
p92316,p92286
p92851,p92846
p93131,p93296
p92366,p93351
p112825,p112783
p93106,p92861
p92331,p92321
p112363,p112321
p110431,p110389
p106651,p106609
p92806,p92416
p108121,p108037
p105475,p104761
p102493,p102451
p118547,p118531
p114115,p119539
p110599,p110515
p102619,p102535
p105727,p105685
p10174,p9994
p13466,p13746
p13722,p13510
p9989,p9959
p193327,p193341
p9939,p10259
p9954,p10234
p130391,p129335
p130049,p129545
p150195,p150069
p129317,p129191
p49266,p49158
p48934,p48854
p49042,p48962
p32273,p32253
p32318,p32308
p32448,p32428
p32513,p32498
p32438,p32403
p32633,p32623
p173046,p173040
p173041,p173066
p190621,p190461
p163537,p163525
p173052,p173050
p167019,p166992
p163577,p163553
p201439,p201397
p166308,p166281
p202209,p201509
p201901,p201887
p165660,p165570
p129395,p131117
p102703,p102619
p115651,p114803
p117667,p117555
p113539,p113171
p116179,p116131
p113411,p113331
p114131,p114083
p102745,p102619
p115523,p118995
p110389,p110263
p114563,p114547
p115139,p115043
p113891,p116675
p115363,p115171
p113283,p113171
p117443,p117363
p116035,p116019
p115123,p115091
p112195,p112153
p116675,p113619
p119315,p118851
p114163,p114147
p113491,p113379
p118387,p117827
p108037,p107743
p115155,p114915
p115379,p115203
p116755,p114915
p102535,p102493
p117651,p117523
p117251,p117187
p115283,p118883
p114819,p113699
p115955,p115923
p114787,p113075
p115011,p114867
p114435,p114403
p225764,p225762
p218816,p218814
p219038,p219020
p218934,p218930
p225658,p225652
p218964,p219188
p218888,p219202
p219194,p219180
p219154,p219014
p114803,p114787
p117283,p117251
p117187,p117155
p90685,p90625
p91477,p91465
p219210,p219090
p48854,p49398
p91243,p91237
p32308,p32273
p91279,p91261
p117363,p117299
p91801,p91591
p219180,p219170
p48746,p49750
p90121,p91111
p219026,p218798
p219014,p219004
p92711,p92546
p218866,p218854
p91573,p91549
p218884,p218856
p23716,p23705
p218924,p218876
p90619,p90607
p190461,p190397
p32253,p32623
p113075,p119315
p49158,p49042
p91459,p91453
p114403,p114131
p117523,p117443
p49522,p49450
p117811,p117651
p218882,p218874
p92991,p92746
p117827,p117667
p114547,p114435
p118851,p118387
p32268,p32258
p91231,p91225
p111775,p111061
p28094,p28083
p49350,p49334
p32393,p32368
p32428,p32393
p114083,p116675
p91543,p90625
p32283,p32233
p147057,p147039
p104467,p99385
p218922,p218918
p147273,p147231
p32403,p32388
p114867,p114563
p219138,p218886
p91429,p90103
p218878,p219148
p32498,p32448
p115091,p116755
p146865,p147309
p218942,p219044
p147021,p147009
p116131,p115651
p113619,p115811
p48962,p48934
p49050,p49026
p91867,p91819
p91441,p90115
p147183,p147177
p173050,p173046
p173066,p173052
p13846,p13658
p127141,p127134
p92736,p92726
p28699,p24981
p48906,p48902
p49018,p49014
p49478,p48994
p225780,p225760
p147309,p147273
p91453,p91429
p92191,p92181
p91261,p91243
p92321,p92316
p147123,p147093
p127175,p127174
p91465,p91459
p92846,p92836
p93331,p93271
p104257,p104215
p92751,p92736
p147291,p147267
p129335,p129317
p92726,p92716
p146991,p146979
p91111,p91543
p147231,p147183
p92371,p92331
p92746,p92711
p147255,p146889
p92126,p93296
p147249,p147225
p147033,p147003
p147195,p147189
p92261,p92231
p90625,p90619
p147159,p147153
p93351,p93106
p91819,p91801
p147111,p147063
p147177,p147165
p90103,p91279
p92861,p92851
p92431,p92131
p147147,p147129
p91237,p91231
p90691,p90685
p225694,p225658
p219004,p218990
p147081,p147057
p91549,p91471
p202265,p201817
p92826,p92821
p92231,p92186
p92906,p92876
p92416,p92366
p147039,p147021
p129191,p129185
p91591,p91477
p147207,p147183
p147165,p147159
p147153,p147141
p147009,p146991
p147105,p147081
p147201,p147195
p147189,p147177
p147063,p147033
p147093,p147069
p147243,p146865
p147225,p147207
p147267,p147249
p98923,p104215
p201397,p201243
p193999,p193950
p201887,p201873
p193705,p193642
p188653,p188637
p201691,p201663
p200347,p200333
p110935,p110053
p99763,p104131
p167073,p167055
p200193,p200165
p27764,p27753
p26554,p25740
p25036,p25025
p28072,p25036
p28248,p28094
p13746,p13554
p13490,p13466
p119347,p115379
p119411,p114307
p127176,p127175
p115747,p115683
p115107,p116611
p127125,p127148
p115411,p118883
p127145,p127141
p116739,p114723
p35217,p35182
p35207,p35217
p35180,p35156
p35251,p35188
p35252,p35158
p21436,p21412
p232255,p232236
p21910,p21896
p217076,p217074
p128057,p128005
p127901,p127897
p35173,p35214
p35283,p35268
p35227,p35152
p127913,p127897
p128273,p128229
p215578,p215558
p52202,p52472
p53282,p52238
p215782,p215510
p235291,p235284
p235296,p235295
p235241,p235239
p127857,p127853
p235261,p235251
p235236,p235234
p122871,p122862
p53012,p52976
p21472,p21470
p21470,p21468
p120063,p120054
p120693,p123321
p123249,p121890
p120657,p120306
p120162,p120081
p121881,p121602
p120666,p120315
p120045,p121143
p219484,p219380
p216414,p216750
p120315,p119955
p120081,p120063
p121890,p121881
p120306,p120162
p121143,p120693
p123321,p123249
p121602,p120657
p52238,p52202
p220374,p220385
p235301,p235277
p235271,p235291
p235284,p235296
p235239,p235236
p235299,p235284
p235251,p235241
p235295,p235261
p146719,p146827
p122421,p122430
p195094,p195286
p195302,p195094
p146827,p146727
p121017,p120612
p123078,p123051
p128241,p128229
p120414,p123177
p128005,p127901
p72604,p72520
p72520,p72577
p128009,p128001
p234748,p234752
p128233,p128229
p128101,p128213
p123285,p121017
p165435,p165429
p122880,p122862
p96415,p96607
p120612,p121053
p199420,p199264
p199240,p199072
p216378,p216486
p69727,p69782
p21892,p21584
p184635,p184596
p72595,p72589
p235294,p235247
p233091,p233813
p52976,p53282
p53102,p53048
p52832,p51284
p96169,p96166
p35189,p35209
p35282,p35276
p21860,p21840
p35290,p35153
p21254,p21252
p128229,p128101
p128017,p128009
p128037,p128273
p219380,p219316
p228379,p232027
p217098,p217096
p228550,p228284
p215790,p215782
p35235,p35234
p35268,p35173
p96007,p96001
p127897,p127857
p35254,p35253
p35240,p35274
p35211,p35177
p35223,p35207
p35188,p35180
p127853,p128261
p112875,p112951
p35232,p35230
p95920,p95911
p35141,p35283
p35276,p35275
p127893,p128013
p35245,p35243
p35239,p35227
p35274,p35227
p53048,p53012
p51824,p51086
p50708,p52832
p88730,p88748
p77211,p77163
p126446,p126366
p83307,p83211
p73203,p85539
p87099,p87049
p126334,p126518
p89080,p89068
p88644,p88628
p74643,p73467
p89426,p89418
p75411,p75099
p125894,p125942
p126166,p125614
p79659,p79611
p126942,p126222
p88914,p88912
p125694,p126302
p126230,p126062
p126830,p126158
p79395,p79251
p83955,p83739
p88732,p88724
p88824,p88800
p89076,p89064
p126270,p126238
p82587,p82371
p81939,p81195
p125958,p125654
p80835,p80523
p88756,p88746
p85371,p85179
p86161,p86449
p73371,p85899
p126326,p126206
p125606,p126686
p77187,p76755
p73419,p73395
p86441,p86305
p89238,p89230
p84675,p84531
p79419,p79035
p84051,p83931
p89454,p89086
p85347,p84651
p88612,p89496
p89004,p89002
p125526,p127022
p82971,p82083
p77139,p76203
p86241,p86489
p38198,p37458
p54606,p54602
p60230,p60318
p60204,p60324
p77571,p76563
p80931,p74835
p84195,p78531
p77019,p76491
p87173,p87161
p78003,p77739
p87079,p87049
p87155,p87147
p41298,p39258
p148767,p148611
p127459,p127457
p225173,p225397
p207319,p210967
p225222,p225257
p60756,p60700
p17207,p17175
p17189,p17175
p17172,p17168
p42418,p39198
p218768,p218572
p29288,p30368
p32644,p32635
p30080,p29832
p126678,p125598
p125622,p126942
p126686,p126334
p126366,p126270
p126158,p125894
p125614,p126830
p126238,p126166
p125974,p126606
p126214,p125790
p125942,p126814
p126262,p126774
p125550,p126822
p127014,p126102
p126838,p126798
p127022,p125694
p126518,p126446
p126222,p126374
p126286,p126774
p126206,p125606
p126950,p126694
p125790,p125582
p125886,p126878
p125654,p125630
p126846,p126838
p125462,p125918
p126758,p126886
p75651,p75123
p125910,p125614
p88936,p88682
p125598,p126222
p89074,p88990
p86831,p86829
p86703,p86677
p89482,p88712
p119552,p119567
p87193,p87187
p86981,p86827
p87195,p87191
p86823,p86815
p88646,p89520
p86813,p86791
p78099,p78051
p60324,p60266
p1809,p2789
p89382,p89370
p125582,p125550
p126694,p126678
p119553,p119550
p86721,p86797
p78123,p78003
p126030,p126006
p76851,p76827
p88656,p88650
p125421,p125381
p97246,p97039
p125774,p125766
p125870,p126382
p76779,p76683
p83427,p82995
p60318,p60250
p87147,p87047
p60196,p60230
p89176,p89164
p86691,p86667
p75987,p75123
p126822,p126702
p127349,p127459
p87185,p87183
p126614,p126214
p87197,p87161
p86705,p86689
p2306,p1788
p88664,p88630
p60744,p60730
p95165,p95147
p87139,p86985
p2229,p1949
p89090,p89074
p75939,p75099
p225362,p225222
p86625,p86305
p86305,p86265
p86489,p86161
p86449,p86441
p123489,p123468
p125400,p125399
p94328,p94238
p88682,p89522
p80259,p79323
p87167,p87089
p81147,p80283
p76899,p76659
p86919,p87031
p83619,p82587
p73611,p85347
p73875,p73803
p89364,p89362
p86681,p87173
p42598,p36918
p89208,p89186
p89372,p89370
p82875,p82779
p87077,p86987
p36398,p36378
p79611,p79395
p80571,p79083
p78531,p80859
p86827,p86813
p86735,p86691
p83643,p83163
p87069,p86961
p76755,p75843
p87171,p87153
p73347,p85635
p41098,p40958
p78555,p78099
p89086,p89426
p87117,p86865
p84531,p83955
p207487,p207427
p89068,p88826
p87191,p87185
p86667,p87195
p88724,p88644
p41158,p40978
p85899,p85347
p87187,p87179
p78771,p78387
p79563,p78507
p88912,p88756
p42078,p41898
p83211,p82971
p44758,p44298
p87159,p87139
p81219,p80691
p76923,p76851
p87075,p86981
p41518,p41118
p76563,p76131
p76827,p75987
p89180,p89380
p207463,p207319
p89422,p89092
p87067,p86899
p88628,p88612
p37458,p35978
p79251,p79011
p87183,p86773
p89206,p89046
p86833,p86831
p86959,p86901
p89002,p88968
p82131,p81819
p89374,p89008
p36998,p36978
p89230,p89216
p77331,p77211
p73539,p73419
p76947,p76779
p82083,p81531
p41238,p41178
p89498,p89466
p75387,p75267
p76731,p75819
p86677,p87197
p89496,p89454
p83715,p83331
p38118,p37438
p83739,p83499
p43458,p42578
p78579,p78123
p86869,p86849
p36418,p36318
p84819,p84339
p87161,p87143
p73275,p85971
p42938,p42918
p88712,p89382
p88940,p88656
p89304,p89192
p74691,p78147
p73683,p85347
p78051,p78003
p84867,p84363
p48178,p48138
p85323,p84795
p86709,p86689
p39798,p45038
p84483,p83427
p207619,p207547
p88800,p89004
p76491,p76347
p87107,p87057
p75099,p85923
p36358,p36338
p77235,p77019
p80595,p80067
p89184,p89030
p88650,p88646
p84651,p84627
p74211,p73971
p89064,p88926
p89520,p89482
p75675,p75483
p66362,p66348
p204558,p205094
p165177,p165170
p164463,p164449
p246772,p246766
p209791,p209779
p205576,p205566
p209095,p209083
p246478,p246472
p246814,p246706
p32635,p32652
p205158,p204710
p207427,p207415
p207547,p207487
p29416,p29288
p29408,p29288
p35558,p35538
p218556,p218656
p148893,p149523
p89046,p89038
p86961,p86959
p89466,p89086
p89298,p89294
p87057,p86971
p79347,p79251
p89370,p89358
p78915,p78795
p82299,p82131
p82779,p82323
p80283,p80259
p73707,p73611
p88668,p88710
p87089,p87077
p86845,p87067
p84843,p84819
p75819,p75675
p79851,p79563
p83883,p83739
p73227,p85995
p86899,p86675
p75267,p75027
p83019,p82875
p84627,p84531
p79323,p79275
p80715,p80523
p85515,p85179
p83331,p83211
p89008,p88800
p84891,p84867
p86849,p86707
p74739,p74211
p85995,p83931
p88942,p88938
p83187,p82371
p73827,p73611
p73971,p73875
p82419,p82323
p1669,p1655
p83859,p83715
p84171,p73227
p78147,p77523
p86987,p86977
p89192,p89226
p75627,p75387
p86865,p87069
p84291,p83931
p75339,p75099
p1949,p2306
p79083,p79035
p89038,p89374
p79707,p79611
p97057,p97030
p77163,p76731
p89320,p89304
p85635,p85323
p75795,p75675
p86901,p86819
p80859,p74691
p80811,p80523
p73659,p73611
p1788,p1662
p87135,p87127
p84795,p84651
p80691,p80571
p93887,p94328
p73755,p73683
p75483,p75387
p85971,p85899
p38578,p38118
p43958,p43938
p42718,p42598
p45018,p44758
p41118,p41098
p36918,p42218
p36758,p36398
p37438,p36998
p89186,p89184
p36318,p36238
p41178,p41158
p41038,p40978
p42758,p42258
p144113,p144098
p37778,p37738
p36338,p36298
p40958,p40918
p38658,p35958
p35918,p48318
p36378,p36358
p125766,p125758
p126886,p125974
p125401,p125400
p126006,p125982
p126878,p125862
p126606,p126286
p125918,p127014
p127254,p127278
p126102,p126846
p126374,p126662
p126182,p126142
p126070,p126030
p126718,p126686
p79779,p79755
p246490,p246478
p246778,p246814
p246706,p246442
p17159,p17207
p17168,p17189
p17175,p17200
p44358,p44338
p126342,p126382
p46978,p46918
p39878,p39758
p42138,p41298
p54666,p54662
p126086,p125886
p42918,p42078
p42178,p35998
p125630,p125622
p54614,p54606
p126398,p126758
p79515,p79443
p79059,p79011
p81075,p80811
p82323,p81291
p79035,p77139
p73467,p73203
p73491,p73419
p81195,p80835
p85179,p84795
p82371,p81939
p85539,p85371
p76203,p74643
p80523,p79419
p218338,p218330
p172950,p172935
p32134,p32132
p119791,p119841
p3270,p3231
p3309,p3283
p3426,p3400
p3088,p3062
p3036,p4323
p32131,p32129
p32140,p32134
p32151,p32153
p217344,p217338
p22556,p22624
p22794,p22930
p34610,p34600
p145868,p145608
p144763,p146018
p246862,p246964
p218368,p218360
p211932,p211925
p218380,p218368
p218330,p218384
p218360,p218346
p35112,p35103
p32138,p32151
p35115,p35105
p35096,p35108
p92077,p92065
p172965,p172911
p145363,p145278
p145178,p145173
p145023,p145018
p145008,p146128
p144993,p144983
p172977,p172971
p172878,p172980
p145918,p145803
p20781,p20749
p23479,p23476
p34577,p34576
p34535,p34529
p20785,p20553
p34559,p34557
p34583,p34618
p20441,p20735
p20479,p20447
p20811,p20463
p34621,p34620
p20595,p20593
p34614,p34613
p34644,p34640
p23476,p23473
p20617,p20615
p34604,p34611
p21005,p20769
p23524,p23374
p34573,p34571
p20819,p20817
p20777,p20775
p34623,p34621
p20887,p20713
p23464,p23458
p34648,p34646
p23467,p23548
p20679,p20677
p35103,p35115
p34627,p34624
p34639,p34633
p34568,p34556
p34561,p34560
p20783,p20777
p20963,p20949
p35105,p35096
p34564,p34552
p20733,p20995
p20961,p20885
p34570,p34569
p20625,p20601
p23458,p23449
p20901,p20897
p34630,p34629
p34615,p34579
p20823,p20821
p34651,p34649
p20805,p20709
p20997,p20437
p34612,p34610
p20917,p20915
p23542,p23524
p34587,p34580
p23551,p23401
p145803,p145618
p145158,p145148
p92065,p92081
p146128,p144993
p144998,p144988
p145348,p146053
p145083,p144973
p145788,p145733
p144983,p144963
p144783,p144763
p144758,p145013
p144968,p144953
p145253,p145483
p92083,p92077
p145238,p145233
p145018,p145008
p144933,p144813
p144793,p144788
p145573,p145278
p20559,p20977
p34634,p34617
p20745,p20951
p34557,p34549
p20973,p20585
p34617,p34599
p34592,p34562
p34608,p34606
p34516,p34513
p218426,p218394
p34596,p34595
p218378,p218392
p145408,p145923
p218422,p218332
p34613,p34612
p34646,p34644
p20951,p20941
p20885,p20843
p20585,p20745
p34628,p34614
p34652,p34651
p34580,p34577
p34525,p34524
p34569,p34568
p34550,p34548
p34624,p34623
p34622,p34621
p34599,p34596
p32132,p32131
p20821,p21005
p34618,p34615
p34649,p34648
p34571,p34570
p34538,p34535
p20915,p20997
p20849,p20887
p34562,p34561
p20551,p20811
p34560,p34559
p34556,p34564
p34606,p34634
p34629,p34627
p34611,p34608
p20485,p20823
p20735,p20963
p32739,p32967
p20949,p20917
p34662,p34661
p34595,p34592
p20499,p20961
p34600,p34587
p34631,p34630
p34640,p34639
p34517,p34659
p20981,p20961
p20581,p20569
p20701,p20995
p20977,p20973
p20711,p20805
p20769,p20733
p34576,p34573
p20713,p20639
p32148,p32139
p34593,p34587
p34633,p34583
p20709,p20441
p144813,p144793
p146053,p145083
p144973,p144968
p144953,p144758
p145013,p144933
p54504,p54503
p54503,p54501
p217605,p217596
p34548,p34547
p34552,p34550
p142150,p142147
p34551,p34517
p142160,p142159
p142157,p142156
p30418,p30411
p145088,p144763
p251897,p251893
p145608,p145573
p145553,p145363
p172980,p172977
p145308,p145273
p146688,p146648
p172962,p172908
p146578,p146563
p145483,p145993
p146018,p145868
p145598,p145588
p146488,p146483
p172971,p172965
p145648,p145253
p172908,p172878
p145233,p145198
p254884,p254873
p217434,p217431
p217611,p217605
p20739,p20661
p142159,p142157
p20749,p20717
p3400,p3309
p3127,p3088
p3283,p3270
p23500,p23551
p23398,p23500
p20601,p20595
p3062,p3036
p30402,p30432
p23374,p23461
p20577,p20573
p20663,p20625
p30392,p30387
p20553,p20661
p20593,p20591
p3959,p3426
p20667,p20665
p23302,p23300
p20967,p20889
p30425,p30424
p20995,p20997
p145733,p145723
p145618,p145588
p20969,p20701
p20843,p20733
p20437,p20581
p218334,p218410
p32781,p32739
p146483,p146478
p145198,p145153
p146183,p145178
p145173,p145148
p145653,p145213
p54947,p54956
p66152,p66125
p66005,p66185
p55115,p55082
p66206,p66191
p30518,p30520
p30504,p30530
p169687,p169247
p222541,p222536
p170259,p167894
p170490,p170127
p222316,p222366
p222536,p222451
p168180,p169093
p168521,p170028
p168015,p167839
p222276,p222291
p222431,p222391
p168081,p168983
p168411,p169346
p170303,p170292
p170061,p167927
p169456,p169104
p170523,p170160
p222336,p222346
p169610,p168510
p55082,p55007
p55085,p55076
p66050,p66005
p66227,p66218
p66185,p66128
p66242,p66071
p66065,p66143
p54941,p55073
p66128,p66161
p66059,p66194
p222521,p222496
p222196,p222641
p222571,p222476
p222596,p222581
p222471,p222436
p222176,p222341
p222466,p222611
p222611,p222606
p222426,p222416
p30452,p30448
p30458,p30454
p170512,p169665
p169731,p167608
p222286,p222516
p222281,p222631
p167619,p169731
p30528,p30448
p30456,p30476
p167410,p167850
p222526,p222451
p30520,p30464
p30536,p30504
p66224,p66152
p66104,p66035
p66044,p66239
p66191,p66140
p66239,p66047
p170611,p169654
p169137,p168488
p167608,p168840
p168334,p167806
p147841,p147786
p222341,p222231
p168312,p169764
p169346,p168048
p147946,p147941
p169500,p169478
p168092,p169357
p66143,p66227
p66071,p66185
p30454,p30452
p30512,p30528
p30448,p30466
p66245,p66224
p66140,p66104
p167289,p170193
p168609,p170512
p169478,p168642
p167465,p168268
p167806,p170611
p168488,p168334
p66233,p66239
p169665,p169368
p66161,p66098
p66194,p66161
p169247,p168015
p222461,p222431
p222291,p222336
p222641,p222611
p222581,p222521
p222586,p222526
p167839,p170259
p222346,p222541
p170127,p169687
p167421,p167498
p167894,p169610
p222636,p222466
p167949,p168081
p170402,p169456
p222606,p222596
p222476,p222471
p167927,p170303
p169390,p167795
p222366,p222536
p222436,p222426
p222391,p222316
p170028,p168180
p169093,p170578
p169104,p169082
p170292,p168521
p222386,p222276
p222496,p222571
p218792,p219216
p218908,p218904
p218796,p218794
p219186,p219184
p218836,p218824
p218894,p218892
p245265,p245203
p239282,p239251
p243994,p243622
p245203,p245172
p241142,p241111
p48922,p48910
p116627,p116499
p103879,p105433
p143634,p143630
p111943,p111733
p104887,p104509
p70402,p70388
p70409,p70402
p70388,p70311
p49058,p48922
p200655,p201999
p106273,p106231
p24189,p26785
p107995,p101989
p188893,p190541
p111187,p111103
p188281,p188254
p143680,p143634
p200571,p200487
p191597,p190189
p146961,p146943
p190989,p192269
p188605,p188349
p91531,p91447
p111817,p109213
p189933,p189133
p188621,p188925
p99133,p97873
p200319,p200991
p201957,p201537
p143606,p143602
p200235,p200221
p201495,p201313
p25465,p24904
p200949,p200879
p192221,p189229
p200753,p200641
p70703,p70409
p188212,p188317
p23672,p28490
p200389,p200263
p91951,p91741
p185149,p185080
p201061,p200837
p225662,p225722
p118035,p118019
p103291,p99217
p104047,p99511
p188669,p188557
p102577,p102409
p102367,p102325
p245451,p240615
p25498,p25454
p128891,p128855
p128951,p128897
p129209,p128969
p143626,p143620
p143526,p143518
p200487,p200389
p200837,p200571
p201999,p201061
p200221,p201341
p190285,p189485
p200991,p200655
p200263,p200235
p150549,p150537
p163413,p163403
p143684,p143682
p173035,p173030
p143518,p143508
p185161,p185107
p185026,p184996
p118019,p118003
p90175,p90163
p90553,p90547
p90565,p90559
p90199,p90193
p90583,p90577
p201845,p201747
p201313,p200949
p200879,p200753
p201635,p201621
p90037,p90031
p201075,p200389
p90091,p90085
p90097,p90085
p90019,p91561
p90967,p90961
p90535,p90529
p118435,p118035
p90523,p90511
p201537,p201495
p201789,p201761
p90079,p90049
p218904,p218894
p219216,p219186
p219082,p219078
p218850,p218848
p218914,p218912
p218842,p219010
p219018,p219080
p218952,p218950
p219124,p219118
p218948,p218946
p218902,p218894
p218820,p218818
p219110,p218998
p218954,p218896
p219106,p219100
p218868,p219134
p218950,p218948
p218966,p218936
p219166,p219164
p219066,p219062
p218998,p219106
p219120,p219114
p219152,p219150
p219060,p219088
p225770,p225768
p218824,p218820
p219052,p218850
p218826,p218824
p218912,p218908
p221936,p221039
p218974,p219190
p218804,p218868
p218818,p218806
p219074,p219070
p218838,p218836
p218834,p219016
p219114,p219110
p219102,p219118
p219160,p218994
p218794,p218792
p219016,p218826
p218932,p218804
p219012,p219076
p219174,p219168
p218906,p218894
p219122,p219118
p219096,p219094
p219118,p219116
p219070,p219066
p219080,p219012
p119219,p119187
p118755,p118707
p117219,p117203
p116371,p116291
p117747,p117699
p90973,p90955
p91129,p91093
p128633,p128579
p128753,p128687
p90991,p90979
p90295,p90073
p128765,p128759
p131579,p128615
p91369,p91339
p185062,p185059
p221752,p220441
p128657,p130859
p91321,p91087
p90187,p90175
p90601,p90577
p166389,p165588
p128759,p128753
p128615,p128765
p128867,p131579
p130859,p128633
p128687,p128657
p111733,p111691
p111985,p111943
p112027,p111943
p102409,p102367
p163325,p163481
p185011,p185008
p185107,p185026
p185059,p185050
p69328,p69445
p26136,p25498
p25454,p24783
p90193,p90175
p89893,p89857
p128897,p128891
p90031,p90019
p90547,p90535
p92346,p92526
p90529,p90523
p90049,p90037
p90151,p89935
p90577,p90553
p90157,p90091
p90955,p90949
p90163,p90097
p91123,p91093
p90085,p90079
p128969,p128951
p90739,p90727
p91171,p91159
p90979,p90967
p129269,p129209
p90001,p90661
p128567,p128387
p90061,p90037
p89857,p89827
p89935,p89893
p165588,p167127
p91495,p91369
p188909,p190301
p188206,p188269
p90997,p90967
p91093,p91081
p188260,p188296
p147087,p146961
p163573,p163571
p113203,p116627
p200697,p200683
p91303,p91129
p90139,p90001
p201929,p201313
p143592,p143590
p128885,p128879
p143524,p143682
p49366,p49618
p163403,p163327
p163481,p163387
p189341,p188813
p104509,p103879
p130499,p130451
p163425,p163413
p127168,p127130
p150177,p150123
p65991,p65951
p90661,p89893
p90655,p90649
p222028,p221936
p127161,p127168
p143682,p143680
p143692,p143670
p97789,p102157
p109213,p107995
p116307,p116227
p99217,p99133
p116915,p113203
p116483,p116339
p118803,p118755
p99511,p111187
p118707,p114531
p90985,p90919
p91741,p91531
p111103,p103291
p116515,p116499
p190189,p189933
p190349,p190285
p189133,p188605
p188349,p188621
p188925,p192221
p218892,p218890
p221706,p220441
p243095,p239561
p242289,p242258
p246319,p239499
p130871,p130865
p216974,p216964
p217156,p217130
p215364,p215360
p215280,p215278
p217142,p216862
p216738,p216618
p215302,p215282
p215402,p215396
p215382,p215364
p216474,p216126
p231742,p231723
p226498,p226479
p217134,p216906
p215282,p215280
p231913,p231799
p228151,p228018
p229766,p229728
p230032,p229823
p230735,p230659
p217048,p217044
p229652,p229614
p226384,p226365
p231077,p230944
p226308,p226289
p230222,p233376
p230830,p230811
p254033,p252945
p254353,p254513
p226555,p226498
p227866,p227847
p231153,p231115
p230944,p230659
p227391,p227144
p230165,p230146
p232350,p232331
p226916,p231020
p228246,p227372
p253457,p253361
p227049,p226840
p227448,p227410
p231210,p231115
p217052,p217048
p252209,p252113
p226726,p226593
p232483,p232445
p229424,p229367
p231419,p231210
p229101,p229006
p252337,p252273
p217106,p217104
p226992,p226954
p231267,p231210
p228892,p228873
p216996,p216860
p216880,p216878
p217022,p217008
p252145,p254769
p227980,p227942
p235269,p235267
p253265,p253233
p12436,p13030
p230241,p230184
p226935,p226821
p215314,p215310
p228854,p228816
p230127,p230108
p228189,p228132
p215416,p215302
p229690,p229671
p226783,p226745
p252433,p252369
p229215,p229101
p226460,p226403
p217094,p217092
p228512,p228474
p235287,p235283
p230925,p232502
p253073,p253041
p216884,p216880
p230393,p230355
p217002,p216974
p229006,p228892
p203482,p203905
p202906,p202753
p202807,p202645
p254417,p254385
p204130,p204094
p204337,p204247
p203221,p203203
p203545,p203509
p203113,p203068
p235288,p235281
p203356,p203311
p203041,p204490
p203149,p203077
p203050,p203230
p203293,p203266
p203347,p203689
p195182,p195134
p203995,p203635
p202726,p202456
p195350,p195334
p204067,p204022
p199816,p199804
p235280,p235278
p203932,p203761
p202762,p202582
p202897,p202699
p202573,p204391
p202609,p204445
p203320,p203284
p203095,p203032
p202951,p202825
p203986,p203968
p203959,p202483
p173934,p173774
p203023,p202969
p203662,p203599
p202861,p202690
p202987,p202834
p253553,p253265
p202789,p202591
p203455,p203419
p254641,p254609
p203176,p203140
p203464,p203914
p252273,p252209
p235249,p235244
p202852,p202942
p254545,p254481
p254769,p254353
p202798,p202600
p202924,p202771
p203869,p203644
p195310,p195366
p204076,p204049
p202816,p202618
p202357,p204202
p252689,p252337
p202744,p202528
p203428,p203374
p203383,p203338
p33369,p33603
p35267,p35246
p33603,p34035
p50456,p52994
p88436,p88404
p88572,p88420
p33663,p33585
p88512,p88352
p33495,p33765
p34107,p34089
p51950,p51608
p51968,p51950
p88376,p88344
p33771,p34071
p34047,p34017
p33363,p33807
p88320,p88560
p195086,p195046
p112883,p112911
p33333,p33243
p195478,p195262
p33543,p33501
p35201,p35200
p216870,p216862
p211682,p211633
p220361,p220359
p58636,p58268
p56704,p56612
p55968,p58268
p56060,p56336
p52634,p52220
p96407,p96419
p184851,p184809
p33819,p33747
p35138,p35269
p33807,p33663
p33501,p33495
p128025,p127865
p33585,p33543
p34071,p34089
p184692,p184686
p33507,p33243
p34281,p33363
p35212,p35208
p184626,p184623
p33765,p33333
p35216,p35213
p113003,p112911
p184560,p184737
p35151,p35147
p34059,p33897
p253777,p252433
p232445,p232350
p229329,p229215
p229671,p229576
p229728,p229690
p228436,p228417
p253809,p253745
p229880,p229709
p227942,p227923
p230469,p230393
p235283,p235279
p231191,p231153
p226821,p231305
p228018,p233946
p228987,p228873
p230203,p233376
p232502,p232483
p231685,p231666
p227410,p227391
p235281,p235279
p230697,p230678
p228778,p228569
p227619,p227486
p252369,p252337
p234592,p232388
p112915,p112911
p88580,p88448
p21814,p21802
p88316,p88512
p184929,p184590
p88324,p88308
p88388,p88472
p88472,p88368
p184563,p184560
p33189,p33111
p21956,p21952
p184854,p184806
p88536,p88516
p33867,p33747
p184695,p184692
p184686,p184668
p88344,p88320
p88560,p88576
p34089,p34047
p21888,p21886
p88468,p88488
p33909,p33603
p88496,p88456
p34011,p33969
p88420,p88444
p88532,p88428
p88448,p88396
p21986,p21974
p88568,p88504
p88480,p88500
p88404,p88376
p21944,p21942
p21962,p21960
p165396,p165381
p253873,p253841
p215554,p215534
p215658,p216022
p215778,p215586
p215534,p215814
p216078,p216070
p215838,p215830
p215982,p215978
p215986,p215982
p215822,p215794
p21502,p21494
p21826,p21752
p21752,p21750
p21960,p21956
p21908,p21904
p21974,p21962
p21886,p21884
p21952,p21944
p21526,p21750
p203032,p202987
p203599,p203050
p203284,p203266
p203077,p202852
p202753,p202726
p203275,p202357
p203905,p203869
p202645,p202636
p203419,p203401
p202600,p202564
p202510,p203869
p202825,p202816
p202528,p202519
p203950,p203932
p202942,p202906
p202870,p202861
p204022,p203986
p203968,p203482
p203239,p203221
p203086,p203041
p204103,p204067
p204094,p204076
p203131,p203095
p202456,p204445
p203140,p203122
p203374,p203356
p204049,p204031
p204202,p203176
p203617,p203401
p202483,p203464
p203761,p203662
p202447,p202717
p202546,p202537
p203203,p203194
p203230,p203185
p202690,p202663
p204139,p204130
p202969,p202951
p202618,p202582
p202771,p202744
p202699,p202681
p203644,p203959
p203311,p203293
p203977,p203059
p203068,p203023
p202429,p204481
p203626,p203536
p203338,p203320
p204409,p204328
p203410,p203383
p204004,p203986
p203833,p203680
p202834,p202807
p204247,p204238
p202843,p202798
p203914,p203149
p21836,p21700
p35278,p35273
p21198,p21188
p165456,p165396
p235267,p235264
p215346,p215296
p215326,p215278
p174286,p173934
p231989,p233965
p88336,p88304
p234117,p230222
p174990,p174046
p204391,p204364
p253041,p254033
p88444,p88560
p227144,p227011
p253361,p253265
p88308,p88568
p88576,p88448
p72580,p72556
p88504,p88492
p204328,p204139
p252945,p252305
p215318,p215314
p217144,p217134
p174622,p174590
p230355,p230317
p88492,p88456
p165507,p165456
p88456,p88472
p216906,p216898
p96499,p96475
p253841,p253745
p254449,p254385
p88432,p88348
p88348,p88316
p253233,p253137
p112967,p112883
p184803,p184929
p235270,p235269
p216892,p216890
p252625,p252209
p254289,p254161
p184806,p184764
p195070,p194998
p252113,p254865
p217138,p217128
p232616,p232350
p88528,p88444
p217140,p217128
p252977,p252657
p88428,p88412
p203671,p203374
p88312,p88480
p56336,p58636
p72556,p72550
p88500,p88468
p88476,p88480
p33165,p33333
p33243,p33255
p34227,p33771
p226403,p226384
p88368,p88536
p216860,p217094
p195110,p195046
p226365,p226308
p216878,p216996
p174590,p174350
p217092,p217022
p195174,p195142
p226289,p226270
p235292,p235287
p217008,p217002
p229614,p229424
p231723,p231704
p230184,p230165
p231514,p227486
p230678,p230659
p228797,p228759
p231172,p231153
p234212,p233965
p229367,p229215
p228569,p228683
p231799,p231742
p227106,p227011
p228455,p228113
p229158,p229101
p226897,p231305
p231039,p231001
p231020,p230564
p233547,p233528
p230108,p230032
p229082,p228892
p230146,p230127
p226954,p226916
p230963,p230944
p227087,p226992
p232540,p234592
p230374,p229443
p254161,p253457
p253745,p253713
p254385,p254769
p254609,p254545
p254481,p254449
p252305,p254321
p215444,p215440
p226593,p226555
p203014,p202834
p203122,p203077
p216924,p217134
p216246,p216234
p199780,p199768
p203698,p203626
p215428,p215422
p226745,p226726
p216174,p216126
p233794,p233566
p202681,p202618
p203536,p203410
p226650,p226574
p203680,p203347
p233756,p233699
p216904,p216898
p203401,p203338
p215336,p215278
p203896,p203761
p202564,p202429
p202717,p203914
p203734,p203635
p204490,p202951
p226479,p226460
p216618,p216606
p203302,p203284
p204481,p204418
p216958,p216952
p203689,p203230
p202582,p202546
p204382,p202825
p203185,p203140
p203797,p202483
p203059,p203140
p220355,p220348
p203104,p203041
p165510,p165396
p230887,p230830
p230811,p229424
p123222,p123213
p215974,p215958
p21802,p21800
p21790,p21614
p21924,p21986
p202330,p204454
p194696,p194588
p215522,p215974
p203770,p203239
p215834,p215522
p21188,p21754
p69692,p69682
p33903,p33579
p69942,p69932
p88352,p88420
p35147,p35138
p72517,p72556
p216198,p216474
p33783,p33753
p33897,p34281
p215766,p215554
p217006,p217142
p215446,p215444
p202663,p202645
p215794,p215658
p202537,p202528
p204445,p204418
p202636,p202546
p216862,p217156
p215292,p215288
p195198,p195174
p202519,p202456
p199804,p199780
p199768,p199744
p215398,p215384
p195134,p195102
p216890,p217006
p215830,p215822
p216972,p216962
p217128,p217078
p215414,p215284
p195142,p195406
p216094,p216062
p215990,p215870
p216022,p215554
p211633,p211584
p215814,p215470
p215586,p215534
p35204,p35183
p35208,p35205
p58268,p57992
p53354,p52994
p21522,p21096
p52760,p52562
p57256,p58636
p35213,p35212
p57072,p55968
p35228,p35216
p1182,p1165
p54698,p54886
p89410,p89406
p89332,p89330
p127677,p127674
p144498,p144488
p89058,p89044
p95540,p95736
p86701,p86875
p86585,p86409
p119561,p119559
p86751,p86749
p66420,p66410
p82659,p82563
p89148,p89146
p89070,p89066
p123405,p123349
p95840,p95824
p127343,p127342
p95788,p95776
p86955,p86953
p95772,p95752
p37118,p42898
p66416,p66414
p81459,p81435
p86835,p86743
p86759,p86755
p86665,p86145
p127470,p127776
p144463,p144388
p127548,p127530
p88768,p88758
p95564,p95748
p95640,p95628
p39738,p43318
p127330,p127329
p127443,p127408
p87109,p87097
p95568,p95560
p66414,p66386
p147517,p147626
p127671,p127662
p127300,p127447
p95768,p95760
p95720,p95716
p144533,p144528
p147538,p147600
p127692,p127686
p127212,p127272
p127341,p127340
p96760,p96724
p127410,p127403
p95696,p95592
p86979,p86975
p83475,p83451
p89330,p89318
p83355,p81123
p78315,p78267
p82563,p81747
p82731,p82659
p89336,p89332
p147515,p147599
p89262,p89260
p126310,p126246
p144393,p144228
p89146,p89142
p127370,p127365
p144683,p143713
p127361,p127342
p143818,p143763
p127467,p127371
p127394,p127323
p144738,p144673
p127644,p127533
p125430,p125386
p89112,p89102
p127378,p127355
p119544,p119556
p143758,p144023
p143878,p143833
p147633,p147626
p127328,p127406
p127557,p127515
p119556,p119548
p127313,p127304
p37178,p37138
p126246,p126134
p29440,p30272
p43998,p37038
p81483,p81459
p39598,p39558
p246544,p246742
p29544,p29536
p35598,p46458
p38618,p38358
p47098,p44318
p40238,p45398
p66368,p66356
p126502,p126494
p29552,p29544
p78963,p78939
p82827,p82755
p78939,p78339
p79467,p79107
p127791,p127722
p40278,p46278
p78267,p78243
p127428,p127407
p44138,p44118
p37798,p37698
p77811,p77787
p127450,p127436
p32648,p32641
p127539,p127518
p38638,p38618
p41058,p41018
p41078,p41058
p43258,p42818
p43198,p43158
p38598,p38558
p46958,p39038
p37678,p37638
p2565,p2915
p54566,p54782
p46858,p46838
p54890,p54886
p37018,p39038
p46118,p46098
p48678,p48658
p48518,p46878
p48538,p47118
p46598,p35498
p144713,p144593
p127698,p127680
p127326,p127383
p127423,p127406
p127465,p127413
p127770,p127695
p127818,p127779
p144218,p144473
p144158,p144138
p143958,p144023
p17193,p17185
p127533,p127530
p95812,p95592
p97003,p96787
p75315,p75291
p127323,p127321
p127322,p127312
p95732,p95572
p95808,p95736
p89102,p89096
p127317,p127403
p95668,p95660
p89470,p89468
p81123,p80787
p75531,p75507
p88870,p88810
p95844,p95744
p95680,p95676
p82923,p82683
p89250,p89232
p127318,p127338
p127710,p127638
p95616,p95820
p127800,p127503
p127310,p127302
p95800,p95528
p86933,p86923
p127464,p127362
p95708,p95692
p95528,p95844
p95003,p94994
p75243,p75075
p96724,p96715
p96859,p96760
p97228,p97111
p127320,p127315
p86931,p86883
p95816,p95716
p164260,p164253
p86929,p86887
p32640,p32638
p78339,p78267
p79107,p78939
p78243,p78219
p60782,p60780
p126574,p126462
p60734,p60758
p75291,p75243
p54886,p54882
p46878,p46858
p54782,p54890
p47078,p46958
p87149,p86895
p75579,p75507
p32641,p32666
p127396,p127428
p127411,p127401
p127268,p127262
p119547,p119560
p127385,p127466
p123461,p123370
p1648,p1641
p66356,p66342
p32090,p32078
p44578,p44318
p35938,p47318
p143853,p143843
p144488,p144463
p144083,p143728
p143838,p143833
p144528,p144498
p81435,p81387
p127447,p127419
p95584,p95844
p127321,p127320
p127515,p127821
p127815,p127812
p127683,p127671
p127357,p127341
p125387,p125386
p127686,p127677
p96715,p96688
p95560,p95564
p95780,p95768
p95748,p95540
p127512,p127818
p127302,p127464
p127776,p127692
p127365,p127361
p127364,p127431
p127345,p127343
p127304,p127467
p95572,p95816
p127458,p127443
p95660,p95732
p127433,p127423
p96796,p96724
p127695,p127647
p95716,p95696
p95744,p95680
p95592,p95708
p127406,p127378
p127371,p127370
p95536,p95828
p127312,p127310
p127454,p127450
p127342,p127328
p127339,p127326
p95736,p95720
p127338,p127323
p127779,p127698
p95676,p95668
p95820,p95812
p127315,p127313
p32657,p32640
p143713,p144738
p147603,p147538
p143833,p143818
p143983,p144328
p144283,p144083
p88910,p88882
p144473,p143958
p89446,p89438
p143763,p143748
p144263,p144148
p143998,p143993
p147599,p147633
p143843,p143838
p144088,p143988
p143858,p144713
p143828,p143818
p147600,p147517
p143718,p143713
p86755,p86751
p47118,p46598
p54742,p54738
p123454,p123328
p86743,p86741
p54738,p54718
p127821,p127779
p86749,p86835
p54746,p54622
p125998,p126254
p96688,p97003
p127830,p127815
p127812,p127695
p147610,p147606
p147619,p147613
p147526,p147517
p144333,p144273
p144148,p143993
p144138,p144078
p147630,p147629
p144268,p144253
p127599,p127596
p147606,p147605
p218536,p218524
p218680,p218608
p148659,p149391
p149409,p149379
p246652,p246742
p17190,p17162
p48038,p46938
p48438,p48418
p144328,p143963
p127402,p127398
p143988,p143983
p217368,p217329
p217317,p217575
p217242,p217239
p68053,p68061
p69994,p69993
p234942,p234914
p54505,p54408
p54370,p54526
p23185,p23100
p23214,p23352
p54379,p54377
p54461,p54459
p23212,p23348
p54446,p54445
p23298,p23340
p23308,p23296
p54455,p54454
p20529,p20939
p23362,p23354
p18660,p18630
p60908,p60860
p54497,p54494
p54398,p54420
p23286,p23276
p23377,p23482
p23266,p23252
p22947,p22471
p23284,p23276
p22403,p22335
p23358,p23262
p54510,p54498
p23316,p23312
p54387,p54442
p23208,p23356
p54452,p54450
p22743,p22658
p54378,p54375
p23264,p23232
p54511,p54401
p22607,p22539
p145298,p145293
p2983,p3000
p234944,p234922
p54410,p54377
p20493,p20719
p144863,p144833
p60833,p60947
p69999,p69994
p32853,p32751
p217437,p217368
p144818,p144773
p22913,p22488
p69993,p70066
p142128,p142125
p54428,p54418
p211860,p211938
p68125,p68081
p54401,p54500
p54470,p54459
p54464,p54444
p22760,p22318
p54547,p54544
p92041,p92021
p54528,p54527
p22658,p23049
p54425,p54400
p54397,p54388
p18789,p18735
p54525,p54522
p54366,p54360
p22998,p23049
p35124,p35098
p60896,p60887
p20919,p20909
p60887,p60881
p60848,p60830
p60893,p60890
p60947,p60860
p217638,p217635
p217221,p217650
p217257,p217254
p23294,p23262
p30413,p30405
p30401,p30428
p19311,p19191
p18903,p19095
p23488,p23482
p23455,p23407
p23386,p23455
p23530,p23527
p23392,p23368
p22335,p23049
p3920,p3881
p60890,p60887
p60920,p60893
p217200,p217188
p30386,p30421
p30420,p30408
p4024,p3920
p146028,p145738
p21003,p20957
p54371,p54533
p54478,p54527
p54486,p54472
p54480,p54476
p68081,p68217
p68021,p68001
p60881,p60878
p142163,p142139
p234956,p234960
p54396,p54379
p54448,p54447
p54407,p54397
p70005,p69999
p54521,p54518
p70066,p70065
p54541,p54534
p54418,p54400
p146323,p146268
p54414,p54413
p146543,p146258
p54413,p54398
p54384,p54527
p54519,p54511
p54423,p54422
p60860,p60812
p54447,p54409
p146473,p146463
p144798,p144773
p68069,p68029
p54303,p54369
p145603,p145593
p30380,p30420
p20955,p20919
p30405,p30400
p23354,p23346
p20865,p20529
p23356,p23212
p20947,p20939
p23348,p23264
p23320,p23236
p23232,p23362
p20939,p20707
p30421,p30417
p23254,p23252
p145283,p144778
p141480,p141466
p54534,p54525
p54532,p54522
p54405,p54541
p54426,p54439
p145063,p145058
p145258,p145113
p145488,p146473
p146258,p146213
p217449,p217404
p146093,p146088
p217644,p217641
p145208,p145138
p146523,p146513
p217650,p217638
p217647,p217644
p146518,p146513
p141459,p141557
p32775,p32979
p18780,p18792
p145458,p145258
p145113,p145063
p54433,p54411
p60812,p60875
p60815,p60896
p54544,p54454
p54439,p54409
p54485,p54426
p54360,p54351
p54494,p54491
p54462,p54459
p54441,p54377
p18528,p18525
p23049,p22947
p54450,p54446
p54454,p54452
p18597,p18699
p54527,p54470
p54420,p54455
p54498,p54398
p54421,p54464
p54451,p54441
p54400,p54517
p23296,p23286
p54445,p54396
p54351,p54336
p23100,p23083
p54375,p54370
p54444,p54410
p22471,p22607
p23312,p23284
p54377,p54528
p54459,p54507
p54526,p54461
p145888,p145873
p30426,p30420
p30408,p30396
p23368,p23545
p146213,p146088
p145448,p145298
p145058,p145038
p142139,p142143
p251917,p251913
p252017,p252009
p167322,p169302
p30542,p30540
p1244,p1349
p148231,p148216
p147926,p147901
p148166,p148121
p169302,p170457
p1196,p1415
p30496,p30500
p1316,p1196
p30462,p30500
p30488,p30486
