11819,0.7518240078170783
11822,0.5428794270118344
6336,0.030284251570980525
8411,0.6495027039543827
8419,0.04425945956957996
8413,0.020629454994112693
8309,0.034850099139968796
19874,0.04454487326007557
6318,0.007049154755977408
9768,0.04456886057952399
9763,0.044359342450695956
24732,3.6521555116418293E-4
8263,0.0027221789041819698
9798,0.01998540180900706
19866,0.04444574874860503
31752,0.005772256905384313
9752,0.04453547272394936
19815,0.14733070624078884
17671,0.04449187642153838
9036,0.04444519721632102
8393,0.04454196716829379
21081,0.0013064558178162429
8253,0.04441750583492883
8414,0.010687952541268668
24776,7.171817883777532E-4
8399,0.5869858732270617
18622,0.04444328882649742
30755,0.0014002343321680877
8251,0.04439880380506217
8329,0.044483844320483225
21095,0.002427159227572971
8381,0.004858532313726152
31735,0.04426353385196885
17982,0.004263591372537259
9746,0.04442261204249057
8340,0.011625902605758982
10177,0.002878201351336117
30731,0.04432615293585399
8336,0.04336449863120405
9754,0.0015877471365967444
9771,0.025709944122841267
8455,0.14913854226014242
19849,0.04422706732052084
24747,0.04445640763145252
9019,4.201389304754899E-5
19861,0.05037472682292042
18568,0.02012662397828987
22446,0.044232477723784816
22478,0.004127901412057863
21089,0.012336392695156916
10239,0.004385570696106109
6327,0.04439735721247386
8475,0.04426484299674267
18861,0.04431452577248401
10213,0.016987362975297068
18589,3.5752233667899825E-4
17699,0.0013926120521184073
6326,0.044385213936716766
22472,0.016843521153138283
8268,0.02537506052126305
8351,0.037918627678311584
10225,8.607235201852934E-4
24745,0.044436675687003394
8347,0.044385630251629636
8231,6.182314078652975E-4
8321,0.027800997052852872
18850,0.0041676884132163415
8346,0.044427129655645485
8317,0.04436135094070187
8470,0.1452516210395302
24722,1.880570071288305E-4
8453,0.04446010546096284
8341,0.04071577851384261
8356,9.520406485019043E-4
19819,0.010125330651940607
9750,0.04451166780922042
17695,0.001768178543690601
8446,0.0017760926017883754
6332,0.04453078486957216
10199,1.7188867440674782E-4
22455,0.04436756868531275
9029,0.0014140220829668196
8288,0.06054918322364805
8304,0.0010844840817049457
8380,0.044381728819789974
6333,0.0018349914333770903
19870,0.0067125285227072696
18836,0.04439004180021057
31747,0.03460367494901946
18806,0.08310368233867572
24713,0.044429950152249514
19842,0.044448059816367076
8236,0.044359848358616276
31748,0.021121833748218955
8242,0.013053656218826567
17669,0.04433359816099584
8401,0.033576106642978415
10227,0.04452750886931006
17672,0.0027263949565107994
9741,1.2078426331695417E-4
9035,0.010423061097972358
9775,0.018775655860971244
9789,0.13175122711105638
18500,0.04428361419617835
8447,0.04429485953587751
9765,0.044518743684017585
9782,0.14897726764538793
19836,6.844854540828476E-5
6075,0.044360659234745525
31602,0.044556573740001666
8375,0.04425270645334142
8279,0.16360892875527255
22456,0.04431639089847028
9777,0.0030100964828534285
32737,0.04432256356465749
32624,0.04443016034438731
32689,0.01871881784590584
32629,0.044309411104627536
32707,0.04443480874532251
675,0.04427842125421899
1114,0.023464952172664363
32706,0.014056333579712619
32795,0.426226360296169
26832,0.044318454824092496
32601,0.23430861839892508
26874,0.0410534886428534
32692,0.00709717174247247
32696,0.044501787245233834
1121,0.04435138018871704
26870,0.02969091602296398
32683,0.1453079946079003
32749,4.7695610260919984E-4
26879,0.009089664205266319
32657,0.0023456286149466407
32771,1.7165607131013516E-5
32664,0.0506951918611455
26851,0.04438005740831022
26831,0.004644046590756848
18614,7.0230270415328E-5
26844,0.04443025065328564
32674,1.664926619319533E-6
32669,0.004144062946558557
32745,0.04434462948641527
26863,0.01832806502485456
32665,0.029606838778590043
677,0.02790579371778776
1116,0.04436822586589998
32747,0.0016191868651841195
32676,0.515630661276269
679,0.003082372576495627
26861,0.12871809620784505
32722,0.044523416364132186
26814,0.20925307782384278
26864,0.07737652824484832
32620,0.021289303582966247
32730,0.04435725349202569
32597,0.014656546250037303
692,0.10836963615887618
32580,0.04456720688633507
32719,0.0443996380457729
32671,0.03890296768883699
4268,0.5789253249336483
4289,0.9661113078755382
4166,0.987393885328559
4217,0.9795673752033894
4213,0.28541856417459216
4123,0.8809256092156802
4187,0.9807169822180126
4194,0.9785747527986948
4211,0.9985064190884585
4199,0.8538637518403147
4119,0.9413203280317994
6059,0.4862707160315069
6072,0.9529497219440364
4207,0.9566245145434392
4206,0.9934808562988766
18496,0.04451896138530321
18815,0.0182518075606398
4534,0.04457028553660367
4135,0.05636373351302957
18801,0.04425410635092739
18809,0.033800157652054116
634,0.240788986775605
4498,0.044462992382216474
4146,0.04451699218570725
9039,0.03006661365188147
628,0.014411781236961012
4227,0.005505510850078746
9049,0.02071066328003767
631,0.009885958838687394
4514,0.06988761560750952
4488,0.6611673600176347
4243,0.001080197204004712
4523,0.04438836885060563
18683,0.044387930593085705
2643,0.04436253011639336
4518,1.6600507719097182E-4
18746,0.0443304632618879
622,0.04456861398972601
27550,0.0870484670681628
18798,1.7054650043972895E-4
4540,0.04443519947299032
621,0.061473770585743874
642,0.01075689314116306
4189,4.6317946585910865E-4
19511,0.044376098801303186
18741,0.12189238647193765
599,1.1962043851767952E-4
627,0.035542715853655656
613,0.04433250908274083
18567,0.43578733118274116
2129,5.08199060188817E-4
2090,0.11315323197072018
2183,0.2323239149931243
2089,0.044460773506718766
2118,0.4642980453984797
1305,0.044497008345570355
2240,0.04445420574355485
2162,3.687440317702093E-4
2169,0.028121842421076505
2124,0.0444931095336355
1279,0.011090151653249497
2128,0.02108775898542362
17956,3.5391970610251073E-4
670,0.019158388112205226
667,0.001883958220122244
9758,0.9846915637299781
9760,0.9284685625160055
9740,0.38305782564897145
9801,0.6918307323421579
9759,0.5486625156247574
9786,0.9502608036106612
9784,0.76755690018446
9796,0.4967589641837751
9753,0.9982145341704172
9743,0.8924716111372851
9773,0.9183157982932025
9762,0.9969507391962557
9791,0.4681233979295832
9794,0.3377556344294571
9770,0.9816636350911221
9780,0.9982039367288179
9799,0.9982030264905828
9766,0.9955936002419763
9756,0.8060715021452003
9778,0.7547342774269473
9744,0.36621189348766076
9772,0.8612826532285931
9757,0.9646859094487886
9774,0.7310148092455119
32590,0.002755398154351224
30942,1.7882898212685204E-6
18558,0.044495253559940204
32752,0.0033440632969989406
30878,0.02555106488245155
32702,0.010178200250402529
30889,0.04434096541831166
30909,0.004077000364615636
32673,0.04449266619329531
18509,0.04435861333569829
32751,0.04445841782275572
32721,0.25754579207285344
18710,5.637154976552737E-4
18830,0.003977778084976336
32726,0.015674334804999995
18876,0.04449606419513575
18859,0.0045657371749156725
18777,0.0041765636816856085
18788,0.04431832584538225
27602,9.375021918390969E-5
18522,0.044371430926994825
18852,0.023064769699032733
33004,0.044343513797673366
31618,0.04431125772413698
18663,0.044497118029730165
27539,0.04425474339738016
18825,0.044323893278453486
18738,0.0442545446087681
24756,3.3214889968559744E-4
18849,0.033637100739706195
30912,0.03464973287249244
18708,0.04447849485490779
32581,0.04424764891567146
30876,0.04427406427829452
32621,0.04434109650478677
32781,0.03109000387773622
18737,0.04434235596316618
32579,0.015551816319473468
18673,0.00329988918313151
18724,0.001731666130725209
18603,0.04441238180917896
27601,2.3541060094166465E-4
18709,0.04450125579028148
18636,0.002716767941585529
18851,0.02502277270181387
18596,0.008232462291444496
26836,0.19159423276529425
18652,0.049688440478042675
22487,0.04442643421731136
18654,0.3717848872940177
18653,0.010356406070245877
32798,0.044446402247916114
18878,0.005989042511468263
32576,0.0067543935194380456
18787,0.04437114684118562
32695,0.06854718891897787
18571,0.03345618659561269
32710,0.044371527853294575
32622,0.04427719453820124
18782,0.04442612487869046
18837,0.044492243815378835
30894,0.044309859906140336
32783,0.007296280670758355
30861,0.03905050078718819
18651,0.009457083872041095
32760,0.0066487083132371096
32787,0.04432045980919257
18590,0.0015111721557189593
30872,0.04434082200611818
18578,0.04448744068564857
18594,0.04441756867578862
18593,0.00487169929226182
18546,0.04448472037497914
32699,0.044444226738142974
32717,0.04429671409562564
18604,0.04445864049026748
32686,0.18501214410399974
22475,0.04439796408307958
30906,0.0077202119089886815
22451,0.028240481959265616
18602,9.967851409206402E-5
18879,0.01968364371238743
30938,0.04439051800436876
22468,0.003037066496615984
18857,0.06678717312756507
32685,0.8504032561096508
18831,0.012908041206896346
18814,0.04437529603448693
32682,0.001876373378763532
32786,0.012886747300127415
18638,0.044509850426864436
18745,0.04454345901431379
18661,0.04445417825142999
18839,0.04433727543815665
22459,0.04454470008376169
18691,0.05673689737571522
32784,0.029480289175012817
18692,0.010556213867540605
18549,3.192594932395652E-4
18764,2.137234222139103E-4
22471,0.010335232353333963
18693,3.656862905662531E-4
18649,0.6178469617294796
18655,0.22195875521688452
30871,0.020599861366620648
18671,0.013405779549593011
32723,0.04455849315125063
18508,0.044452929419157204
18648,0.04442714001076223
18587,0.001485935266407767
22450,0.0599880367674581
32741,0.03545530641194223
22449,0.002023000094692297
32736,0.06591420982327695
27540,0.044360984073373445
32703,0.03080125483095751
3436,0.992550250598657
3385,0.9919717442132328
3394,0.21243606299477996
3449,0.9114354833782945
18643,0.0032501491424213333
673,0.06494463042386105
1115,0.04443080065073264
30735,0.012993015993192705
30744,0.002643080191213331
30734,0.01808703508630165
688,0.00330733505186703
31741,0.04444566043571738
1111,0.7558982211763929
676,0.04438307253524625
30752,0.015724532473935952
32996,0.0010450323504296883
32578,0.04436117017384518
32729,0.04434204890350478
18615,0.04448320511625653
678,0.0045834636608914105
27606,0.7045476106759994
27623,0.6303006744299192
27607,0.9805097068866564
27650,0.06660892822725788
27563,0.9903804102409254
27589,0.9982033716084855
27570,0.450799702010619
27564,0.1290091773986215
669,0.5504670499924864
27621,0.0057046772538924
18802,0.044277307282515777
24723,0.013168030844074002
27641,0.028166429140903282
27881,0.001801495028367407
27685,0.04425505934414424
18779,0.0445419167509968
30589,0.0012229099577906217
27583,0.015316286922055874
27630,0.03153402943183595
27882,0.01771538169411959
32613,0.001007104753429965
32589,0.03742412806896729
32642,0.13352288213354746
31642,0.001914615819060899
27676,1.4798058179205892E-5
32712,7.661222207421289E-4
32649,4.4205315213813713E-4
32618,0.04439131557430141
32715,0.24874331371283953
32780,0.044366528503878365
32708,0.08959792748020703
32651,0.04437476632058888
27692,3.195218493599045E-6
32637,1.595009825608207E-4
32630,0.01981528334592847
685,0.2692974016816394
26847,0.0821821222152615
32609,0.044514745472347544
32687,0.044558382646614866
32603,0.14268025484194716
681,0.04450087894718617
26843,0.400330597800038
32693,0.044565509502947055
27861,0.044338322737583404
32626,0.04433872584851711
32748,0.3718147432011802
32735,0.04431669641149503
32660,0.04766813904026937
32632,0.02878693840215014
32655,0.06155606893557785
27559,0.04433312728524609
27555,0.030230873789564617
26852,0.03632144133661143
32758,0.22174202112125477
26866,0.03059193543674901
27566,0.044317398986324745
31644,0.044388766691108465
32732,0.044489774800411275
32650,0.7133108800334037
32764,0.11800247467403849
32667,0.008352420960477894
5246,0.1649582753086936
6043,0.044555121718417655
6063,0.04436197421525179
5009,0.04437709624930727
4995,0.1308164223465039
4997,0.04451879925271595
6060,0.04444955413713855
4994,0.41546153079308046
10166,0.4522543196362893
10238,0.18352060263553066
17944,0.02454578267968304
10197,8.82305131562534E-4
607,0.04448307096164355
680,0.04458663023705479
1366,0.04443646691333809
1358,6.503509464628234E-4
1352,0.044315474392837145
664,0.9726892908473321
653,0.04455127823903687
590,0.06906432193152798
582,0.03911338308647728
606,0.04448984932976333
616,8.29764151650802E-4
1312,0.6040407143475751
589,0.13419710307372107
636,0.04439019370783206
608,0.00639495846136281
674,0.0033992236941667894
612,0.0024204028644698727
595,0.0051125065498350535
1294,0.044448642429655204
617,0.0880686348701114
695,7.814011839726863E-4
625,0.04442555706061589
1355,0.44957046323119115
3447,0.9968111450315872
604,0.04435361562713429
611,0.7409751522944139
8300,0.04447941126263292
8282,0.044386725020495524
9764,0.04085655904116554
9735,0.10606492278437789
9737,0.20078516429737112
30645,0.011040523010197823
26882,0.042318160761249425
30866,0.04429784863746824
31742,0.04438223835635304
1108,0.04448148657335541
27680,0.025980577848096566
27683,0.3786586605033151
27705,0.04439112976423644
27628,0.044482069512825455
27688,0.8956742483271118
27548,0.4397413457361737
27658,0.04450454096399828
27884,0.045642536380818416
27843,0.044416926693475405
27870,0.004637359674798409
27660,8.900733310370131E-4
27879,0.07809328160438817
27616,0.04442582561801927
27575,0.059521855868862536
27844,0.007599380336736818
27631,0.044441668529325004
27848,0.012985216078279965
27856,0.04426366463148357
27691,0.05374016199184153
27845,0.03983801208168663
27615,0.3337172060244634
27619,0.006305356245133611
27665,0.017214839950184083
27565,0.0023258658483415857
27897,0.0013585440689199136
27875,0.05942026349273031
27655,0.044228708872861205
27572,0.0059742193018692364
27835,0.04393258143456872
27678,0.0015017388151901119
27663,2.4410553744250602E-4
27837,0.04433183706645932
26871,0.013030114026141933
27666,0.04425196562141235
27638,0.04521733754671068
27549,0.012714657563654301
27668,0.002446057332671555
27599,0.016210862807870322
27674,0.04425707621674641
27637,4.5225375789302265E-4
27865,0.007236241429889518
27652,0.044393947924166
27855,0.009147712233980983
27883,0.009934281052408764
30603,0.1895637467174415
18756,0.01840635229244066
2416,0.00682731428575783
5014,1.9111215253216852E-4
5224,0.04429699148190727
8438,0.09492322448984654
4170,0.04453287854499336
5225,0.33570780691915825
5289,0.04424334531292989
5334,0.018268360672338956
13039,0.04432554947762093
4111,0.05079849744873593
5309,0.044283232554565746
8303,0.030697817356323483
4288,4.8809354943028484E-4
1333,0.06482468233637556
3377,0.0038996613923794714
5255,0.04689851339399983
2606,0.04690274847723688
2419,0.06384392659808646
1326,0.044295004002769714
3407,0.056378382104517975
5287,0.9433802904219983
5318,0.49988263594821575
2428,0.04193393488102341
2560,0.004392277159719583
2557,0.3818402995689611
3384,0.1466224357447432
8312,0.044409000640746335
2562,0.04450853539624294
4114,0.044373639066532626
8394,0.3668035159407205
3487,0.019616883145764354
8376,0.02448353016470461
8379,0.04437394613118654
2615,0.04977018910600487
1291,0.044273570304656756
5285,0.002141795833271371
3426,0.18935662870400313
1323,0.04445381088402735
1359,0.035094302349217406
1307,0.04431434952013478
1285,0.08277487132218661
3431,0.45942134675252305
3475,0.04428773897792525
1287,0.04451792075691052
2581,0.03696447531670121
3420,0.044556082383131926
3383,0.27964735037212496
8388,0.23220694517345353
3392,0.015636927993848013
5234,0.04421167956120996
4160,0.7128198885742756
3459,0.11848481168262578
2135,0.044323144396414486
2632,0.044494482462808405
2440,0.6209658410797774
5288,0.0029148262396957773
4132,0.0014708861649195297
4218,0.04453810381489504
9045,0.01051695186366147
8430,0.01692360365304389
3371,0.0445790834238717
4191,0.05177707664583723
1334,0.0054884232946767215
2555,0.04436178224308518
4179,5.877613960697526E-4
2465,0.0443068610341998
4137,0.04440496902776243
8287,0.19766200440954118
5233,0.04443494936210038
5232,0.005327400179429186
2677,8.788492751248464E-4
2626,0.04422272676753412
4139,0.03626915178746239
3490,0.1524395018851115
4156,0.04440945432240488
1353,0.02410381558214391
4219,0.03701786078116819
5714,0.04427608220488921
5223,0.0422048930858336
3359,0.044280996063879606
3465,0.04434171819704263
5327,0.0444980810693125
3464,0.04452449312039941
8284,0.005136836486962576
5261,2.0729034049375673E-4
8302,0.014745359991739758
3410,0.008078727626852748
2410,0.05016025105247455
3373,0.02972222161259816
5263,0.023680368389551947
3363,0.004818286994886324
5242,0.2593621882630905
3419,0.04422228173423172
6317,0.01694637836937743
1374,0.054302222007949784
3367,0.0030652044934258494
13019,0.0702793948589989
4148,0.044482406992427004
5294,0.04442655157573098
6329,0.08726905161953852
5274,0.24024050428660812
3330,0.006942940239733905
3457,0.04438238571321995
2455,0.24246977269031125
8443,0.044385889265789215
8331,0.06989622353343665
5330,0.024958045925901055
3481,0.2517566598140196
4269,0.04441665530989178
3342,0.044587113504753195
5280,0.04435690611437929
3353,0.8389406622146061
1361,0.05373883296909264
4145,0.1339443163900246
9018,0.03104310833159187
5277,0.02302645943903807
2518,0.21514221950096815
9015,0.029376871488408007
3374,0.04975417545746925
3332,0.013444799019809644
2658,0.001974536291078451
2683,0.09465919368606733
3474,0.04426375743919255
8320,0.0023956326111396254
3435,0.20782620083856926
3451,0.005061102358140131
2605,0.08321357824650705
2456,0.08868207913545187
9052,0.044502435156267235
3325,2.533680846232778E-4
5275,0.13294809508532218
5221,0.0026641066003849144
5296,0.044443401982431144
4197,0.48335836078661015
5235,0.04431848463250422
3381,0.04452958984599201
3473,0.9459034551389331
1339,0.9375656607415452
5297,0.013831857221928515
2545,0.002519062192215963
2610,0.02900546722536482
3512,0.11664319008873418
1363,0.0444556548183685
2628,0.08281919369829761
4271,0.08094551067497545
8424,1.5307071942492916E-4
2427,0.20187361205935808
9010,0.17014021165674126
3360,0.044461784589305456
8385,0.04440129179541944
1295,0.07697032611048775
1303,0.23763379393385226
3351,0.044367603046454415
1309,0.059985768958387
1367,0.044324951322626954
8363,0.044317366444285196
3380,0.0039204369470442705
3517,0.027866696995428295
1324,0.0071900900429707655
8311,0.0026088396053413256
5268,0.011666716729011163
1331,0.025383454734699634
1377,0.019184108329366466
4176,0.04442178348598162
3409,0.1879067763927702
5283,0.04436137771471748
8444,0.44290561496056796
3343,0.007384237835024404
3483,0.034532026785533826
3395,0.04454877156077355
4284,0.04437707515797575
4149,0.0027000415531835235
3421,0.04434910878190888
5273,0.03929559420921459
6057,0.8922730633984938
6055,0.9634578434147654
6045,0.5265903288986652
6079,0.28098793278347495
5250,0.9953085983527002
6073,0.9202306348621906
5267,0.7943134946589501
5290,0.5326343494286783
6070,0.9673466701341292
5244,0.9757624639387535
6074,0.8372414860971434
19857,0.9824834993235229
22464,0.003033953275545432
11213,0.3937523167479678
12549,0.10823634009820679
18838,0.044431647042642096
18580,0.04434182731578258
18778,0.044426112319624116
19875,0.04423221061387371
21099,0.04451968637372009
22480,0.1783625834077365
18780,0.044299777024758014
18672,0.04439856044670472
18820,0.007051641204316975
10179,0.044451548297355446
22465,0.04434004524121871
22442,0.04443252137730028
12542,0.3441076917009471
18575,0.0021072749247489793
10198,0.13226381807164828
12545,0.04426130054842008
21088,0.010667223288167988
24764,0.02770637797181085
18799,0.7144939773938778
19825,0.00748648587854143
22474,0.6892003805644976
18507,0.5725478372730727
18538,0.3635478434822868
22469,0.8639578778217396
18613,0.988736755329121
18533,0.9115398739167235
18576,0.20355881544783969
18862,0.6183705924239518
18545,0.9921234597936134
18542,0.9828456449617211
18539,0.9865994307488727
18570,0.9767547575019614
22473,0.30993105471374094
22440,0.2110268757482671
31674,0.04451177076793682
31677,0.0017652792958096676
31639,0.0017118312339581504
31616,0.2734636474937821
31668,0.04448383758183668
31694,0.23964069285505138
31661,0.022566883110575423
31598,0.20260008975099003
31706,0.004383336729569985
31625,0.004607312223146788
31675,0.0444356402693232
31705,0.10057623820694432
19886,0.06353726176874817
11221,0.0013710160547940069
11226,0.17340356239476
31698,0.9914403042735014
8289,0.7539012922687819
8292,0.8979420334011831
30650,0.3003553219367925
31653,0.020927085257219282
31716,0.2992430395232149
30654,0.8777327954527226
31646,0.9847255810086265
8285,0.9990659200024861
8274,0.9982008474267573
32634,0.031510936763605474
31637,0.5831694619247325
32788,0.02137775049310335
31655,0.5409217247629847
30657,0.03323105576507591
8280,0.8896366749633139
32770,0.3863319249906467
10205,0.9982096984666975
31704,0.32991349595684183
31700,0.9999192345726463
31711,0.9982087049815912
30648,0.9028009972612157
31647,0.35001261024730146
22441,0.5834202131892317
32633,0.05099071366491715
31599,0.8880937759608067
1119,0.8609253741087117
30585,0.8165537773775601
27836,0.9943544551363002
27888,0.9915410240153244
2471,0.9982050625192023
5746,0.982852361082937
6325,0.46092226408557274
2564,0.9966869295300498
2596,0.9875946837053021
5668,0.8056091529300888
27839,0.9982018369943786
2671,0.95302101409628
5696,0.9961319763877133
27889,0.717831781614957
2678,0.9999767085290506
27871,0.21368115008261115
5729,0.9957645317191853
2421,0.743522261273687
27869,0.6752432018833545
5704,0.9796977315631975
5720,0.9984167431247294
6313,0.9982053153342373
27841,0.8886985163109029
5627,0.9658995237523762
27880,0.9982111467435715
27898,0.7367612405302835
2662,0.967229199436898
5708,0.9340848565791483
27894,0.986204417039845
8398,3.88342901702082E-4
8357,0.46996087021263333
8464,0.3964864868676915
8322,0.03294790599146767
8323,0.044261914328756286
8429,0.9288758245206498
8314,0.6347632785060524
8290,0.013955943354580731
8315,0.6000933663058344
8480,0.09205447012727652
8484,0.24732933577923624
8476,0.021271270683741208
8404,0.9556033626506518
8408,0.49058497379558397
8337,0.9982116444316144
8319,0.477525320072241
8442,0.9974263251866359
8318,0.620463867795638
8348,0.5771329938286145
10231,0.9200745009476526
8469,0.4887746653701265
8371,0.9982113208796791
8449,0.9665958528792625
8332,0.3495050066256907
8472,0.8337193985592232
22486,0.0285291194389194
22462,0.0033948682255049325
22443,0.5352015602779333
22467,0.019209899870738973
22458,0.03653102280288034
22463,0.04438161389994617
22457,0.04432956393351103
19811,0.9302375935028053
10187,0.9982105065675554
19813,0.9965058733923766
22444,0.3535620055201687
8483,0.9020351176615485
8479,0.9703166925752228
8365,0.7485660879383267
8412,0.9768535777866253
18797,0.044537621959878954
18734,0.05724451353639321
18577,0.07641950022129171
18601,0.0249423231679342
18863,0.01605728005631313
18637,0.04435298154446314
18873,0.0701953471952523
18667,0.002303558156431592
18565,0.25373424868045447
24772,0.004235016972396073
18687,0.04436486376291246
18518,0.016010426203918883
18714,0.8135554504331259
18694,0.06494087284326273
18707,0.0021355349649636174
26857,0.004567741769481395
18675,5.34108941621103E-4
11220,0.935572696662382
17941,0.02132355177985174
27690,0.005771552010599145
18774,0.04446611895479421
30756,0.03789133816165195
26800,0.7453573255313982
27892,0.023249434447241132
8232,0.009439989281798587
27873,4.198328003125292E-4
18623,0.0027885338684331385
18627,0.24750224113004007
27895,0.006115037095617845
18629,0.0041523201347170415
2229,0.9521627451916869
2219,0.9051823234066916
2246,0.9930880977935502
2232,0.9982084042973828
2205,0.5909341465966489
2256,0.9516281554061926
2254,0.99820751705521
2259,0.942917531002165
2225,0.969446677120604
2215,0.9333213457029041
2263,0.8530861753606812
2201,0.9931436826810689
18526,0.6310100731953056
18755,0.9752600343751265
6320,0.04433589433505425
6321,0.04430291797502464
11821,0.16725345563106775
11810,0.9435822917463565
2091,0.986237779760686
4280,0.9982066671010027
2084,0.8797478890913533
3415,0.7102613880878083
647,0.9917307233021494
2204,0.6772363986604044
689,0.9998985203501843
8245,0.8032454445000127
8383,0.9922504711069684
5702,0.9935664856743714
2189,0.2361149685192473
4130,0.46655072713826684
3369,0.9608705633543642
2155,0.9982084812365724
1293,0.9982055688187831
2099,0.9048890693501335
8387,0.9674758281387641
10173,0.9977237050881613
2165,0.9982107065395811
2114,0.9997586660963397
2621,0.9951068587589947
2123,0.9674239450109887
1346,0.7956851220305965
1375,0.9189579591397624
4118,0.2381387245996606
1286,0.9982131395608013
2200,0.9982108745890921
1314,0.9792608291742124
8244,0.9940108147017457
2166,0.9982046141333574
8283,0.9531096428671485
1338,0.9973441233152119
2163,0.9982056644866585
8461,0.65897854881906
648,0.8432206852732609
2243,0.9849127686381685
4200,0.9982075365722979
575,0.9982046623195723
4133,0.9795202790389687
1281,0.7768843392467963
8234,0.9942232618993819
629,0.28131100129319936
603,0.9804739154258874
4260,0.998206527260007
8353,0.9994741962647474
8431,0.9325076855052277
4273,0.9982097436412475
8354,0.9761188791248147
1128,0.9982055966213915
4190,0.998204407987421
8384,0.9945823868867801
8333,0.9981833745425949
1335,0.9999245687806798
4277,0.9981998746223231
3425,0.9866585142321123
1376,0.9984041509614762
8378,0.99821263966348
4297,0.9999923647226131
2212,0.989703601425084
568,0.9993128282761653
4279,0.9442310455193157
8296,0.996502606816012
8297,0.9748111835552523
1310,0.9982111648935931
1284,0.9982037959681581
1318,0.9989063332890967
3372,0.0030878424132608816
2248,0.9982083214359959
2244,0.5294377433177625
1316,0.9804350703074185
2255,0.9981138771360587
2238,0.9156952499813574
8308,0.8627372364189657
1320,0.996787517768356
8377,0.9982109170251361
2157,0.884781046020046
2093,0.9997897598822058
2199,0.9969011364546514
2106,0.9939661602777676
1332,0.7358136576825892
2108,0.9982049993355063
2210,0.8889613852809721
4152,0.9812171695011471
2170,0.998211269105732
2266,0.43289555565051985
2218,0.921513461341162
8223,0.998207931654383
4184,0.9982050563303122
4281,0.8712808116256305
1280,0.9906840351775711
4117,0.2072914116994922
4245,0.9892400314986748
3335,0.9982111721692575
2126,0.8449157070736675
3339,0.9982022593359943
2154,0.9885431510778205
1341,0.9963886739011575
8257,0.9999969408306271
2265,0.9982078650788417
3336,0.7987529081906819
8409,0.9982059030784434
2107,0.9980408027581327
1289,0.958682515488203
3433,0.9982127788410698
8310,0.9562319083084659
8392,0.9982092301067143
2127,0.9991280053811716
2081,0.9982014552158901
4286,0.9836806325473184
1298,0.9796423994636423
2134,0.9955533931295654
2180,0.9982126544969596
1304,0.7438451538294162
8256,0.9982147870313306
1322,0.9982053021602135
8433,0.12588220570355713
2206,0.27161741025761005
4140,0.904384856722515
8460,0.9982004334579111
3333,0.9982111097914523
8226,0.9848462012241034
4240,0.9976167465240542
2101,0.9982077654134508
593,0.6451208963279366
2213,0.998212079123948
696,0.9998571910479676
2103,0.9982012617287953
3337,0.4276427152441463
2251,0.4177968613153432
592,0.30402902373519086
4195,0.8253878932823212
1308,0.9952188772501676
2222,0.9982056714411165
2625,0.0444392932325334
3331,0.04443308583490347
3328,0.011279351800260564
2457,0.04428098939591078
657,0.011096742134884529
602,8.817604622053113E-4
649,0.0016597626152594837
2094,0.012664886970434632
3430,0.04432324183591044
2452,0.006906941416419092
3405,0.03147084078155669
2105,0.0012790793087546274
615,4.8283415749172964E-4
3378,0.0011080412815185174
2599,6.190921876935028E-5
586,0.10821065215301616
2512,0.002625234255562465
2445,0.04450721490870587
574,0.04448551889221849
2617,5.842541088987304E-4
1351,0.016750697970572374
2657,0.042738738566406115
2544,0.004544735298581098
2598,8.433951869108782E-4
2469,0.4045069921672601
640,0.04455921012637249
2585,0.02539256129258481
2182,0.026156850083538005
618,0.0499462794534654
2418,3.2128544664046743E-4
3450,0.001061728735973018
3434,0.01775527883830618
2509,0.0032160268244144203
2553,0.0027905282744283104
2505,0.009557416125167188
1340,4.576604454197786E-5
2571,0.04456863536713934
3406,0.02723258298939203
2501,0.004219807696076437
2631,8.010061105601624E-7
2486,0.0035013179383248756
645,0.0527973812969391
643,0.01589315640436387
2607,2.8501054855450047E-4
2498,0.012037680164549812
2604,0.04428786770563403
2578,0.004368578665992271
3364,0.0011772234949337659
3422,0.04438998263329877
2653,9.886949061428682E-4
2608,0.004811234519274197
2637,0.005115210212614697
2629,1.4707997099407553E-6
579,0.007586853652699112
2412,3.5877721155122176E-4
30588,0.03002780424392062
30607,0.01227819547553063
30638,0.005010545543451043
30601,0.0014198477569712718
30609,3.4808887915238867E-4
30616,0.010280860153441129
30647,6.052151580448469E-4
30594,0.015502088200981853
30630,3.1499717287698965E-4
10189,0.04450762312590561
19503,0.044296337350777794
31736,0.044238206126517195
30741,0.04443409195191221
26867,0.01690097525957143
9034,0.878584338167878
9038,0.0016129684120805912
9025,0.7606472654148899
9040,0.7828476712809082
9058,0.9308949553397192
17657,0.04432034163492042
17689,0.015077157582854609
17698,0.3285552608410777
4509,0.9602065082019762
4492,0.9982033626749836
6044,1.4245918954059226E-4
2451,0.04429369090261119
6049,0.04437344798096071
6068,0.007857619874223395
1275,0.044266365801518874
1321,0.013661653094474426
1278,3.543844470232237E-5
1125,0.04827010706904404
2112,0.4412836640215555
2139,0.11686493400890556
2095,0.7298975457699489
2140,0.05238307253958481
2148,0.044429174080232774
2119,0.016258368677333254
2178,0.6157696319341013
2102,0.04423345497422117
33026,0.2777972562443381
33009,0.003591767389570551
18722,0.02098905668889565
18810,0.04437705264251447
19814,0.003927931353668069
32728,0.9433910115137536
31605,0.917556010523927
30893,0.9854816974781043
513,0.8853221554631338
30897,0.9391481587853842
32681,0.9977521408733935
30874,0.4775809621015947
30890,0.021921015846906887
33006,0.7007314411954035
31681,0.9946135897858226
30944,0.39228084153654774
32757,0.20809116092696697
30865,0.9982053493434129
33021,0.34438371843037097
31707,0.7886247204532605
30899,0.9982078208259517
31597,0.6248275812928242
33015,0.9850064210847667
31717,0.9980638911024843
32782,0.4692265349073968
30881,0.9857938870522549
30870,0.5990857698246967
30943,0.6476152904091185
30910,0.9937212000273964
9793,0.2218481572676889
3408,0.997905704573305
32716,0.5896941494210726
32762,0.2702186793737778
32761,0.009071689665094721
30915,0.9871324492737829
30884,0.998038389074756
19809,0.998206474958978
30913,0.011441369739918066
32765,0.870755048378837
32755,0.2181021483211028
32766,0.8965992106233783
30939,0.8180354836470578
30935,0.9551522843068775
32704,0.3578734466203496
32701,0.07717618376417915
30883,0.46092939292239665
17950,0.9902433624462883
17977,0.12048883675879864
17972,0.0048745462614976105
17965,0.011471830620233207
17981,0.04442910205227335
17954,0.044518386464707106
17935,0.04454971486655973
18512,0.044422764367403826
18581,0.044501930453909766
18625,0.0035684397684469155
19868,0.9438359462550303
17938,0.17957120824999015
18750,0.03064390761425364
18647,3.615083811522501E-4
17664,0.044501074008102895
17942,0.04436047482214984
11812,0.044398446492022625
11218,0.2007507810798431
13031,0.029630426342206355
17953,0.04421180758061438
18640,0.044397398427188414
18515,0.04427544479599335
18560,0.008958116297616505
9062,0.044428388078662846
18684,0.044338478404783006
13040,0.04248392272391895
17968,0.975724217271602
13047,0.04438314500815608
17659,0.0021524715871272986
10196,0.3970256857486467
18733,3.214575563125549E-4
13028,0.012290282992619188
13018,0.012292939662472717
19871,7.46052019884974E-4
19851,5.459035549112056E-4
11223,0.04429291961018992
19850,0.5986635534158541
9023,0.008899204715053342
19854,0.040557812124145776
10170,0.04437773483355226
19838,0.005559997624844402
18874,0.04422985623607676
19837,0.20945376883768507
17940,7.69942827658842E-4
9056,0.010620782144186448
12541,0.0028425241653773988
19878,0.025923236201936876
9063,0.04439432508835726
13012,0.04539150401756589
8225,0.04447696954853309
10212,0.03436586825364387
10222,0.08211027039747543
10214,0.21366911532021143
10219,0.04445556132970425
10202,0.04447272472964094
21090,0.014593957796787375
27547,0.11976252341921818
27649,0.1889520846271959
27611,0.044439181710353534
32997,0.10924953450974952
11217,0.04434779421970909
21086,0.04447066463975465
27574,7.586254725384792E-4
27706,0.029349505485912305
27542,0.02322535254738206
27645,0.0363230798185821
21082,1.7235461514447908E-4
27648,0.0445423446228448
27703,8.199039940828503E-4
33013,0.04439979597319089
27597,0.08454568884981498
11219,0.04447130303925223
19877,0.010132873956685303
27657,0.009198657891609353
27581,0.04450608222495387
27590,0.0443300456708356
27541,0.04439886908992909
27695,0.019601641177284156
17960,0.02174138441936202
26794,5.103250706985951E-4
27577,0.044516395172757996
22448,0.28290855085567806
5227,0.9982144588083047
5231,0.9847343661203191
5239,0.9982053574170427
5226,0.9785708387861438
8360,0.7383102962638382
5238,0.9262059741507452
8368,0.9982022601873827
5265,0.8908855636902739
5768,0.9982081644077327
5266,0.9911175648636632
5259,0.45496077848922356
8448,0.9895522475091383
8416,0.6850531735982865
17946,0.9927235114630583
5338,0.9982119918393576
5240,0.9911590059836295
5333,0.9982058389285293
5771,0.9982062196823589
5326,0.8285309124289971
5295,0.998211127723001
5304,0.9815524418725748
5278,0.25836795851699307
5272,0.9674838571193153
17952,0.38165857760594724
5303,0.6543302289656572
5662,0.39327320460029014
17967,0.9737207829467199
5631,0.9334460980205618
17969,0.9716257950301376
17943,0.434389209250489
5292,0.9872854307546668
5329,0.9973393205967108
17979,0.956541302452868
17936,0.9392323006350684
5341,0.9789610075350579
5340,0.9982088809409947
5284,0.998209538395123
17961,0.5581122177772682
17976,0.14452019419155704
565,0.9830258165543261
626,0.9775563448187411
641,0.9975869775971021
630,0.9982016718059588
587,0.9961990003331419
596,0.9982149481230407
610,0.9754744271760146
644,0.3001163842194752
620,0.996996366517826
639,0.9982101423345138
623,0.9982142479683297
619,0.6883503892383291
655,0.9982034151331288
624,0.9997658074442543
569,0.9982102563759474
635,0.9982115755052734
584,0.8765790010287973
24728,0.04434355336907429
24734,0.002954455554350668
24746,0.0036273558621558307
24736,0.0443669903259624
24767,0.003607568542275437
27651,0.04444154916499537
30932,0.04425586902376275
27643,0.04569400673577015
3349,0.9981144054803984
5299,0.999279559114483
614,0.5871119497741499
1288,0.7043679863715945
5313,0.9982048443683827
1126,0.9982123065097129
1110,0.9982065744951583
5321,0.9982119716731608
5016,0.9202873982519525
3391,0.998211202733691
1371,0.5437229869354575
4142,0.9103077706999946
4106,0.8941477141632571
5245,0.996609834167449
4257,0.9982102568515202
3443,0.9941799522656238
682,0.9998566754119013
4248,0.9912777786215917
3356,0.9982086963219555
1349,0.728452577364554
4154,0.9950414094320056
3477,0.9924107914635547
658,0.9985976933238702
4244,0.9839598010219243
5257,0.998209186073039
3418,0.9761735294128855
661,0.9982091388550834
5251,0.9949598238292809
5254,0.980896244780508
2592,0.9982121503003097
3390,0.9982062800785712
4153,0.9982062398118203
5293,0.9638668379658013
4258,0.9853394700677954
5307,0.9999614223561301
3358,0.9414085427408804
2473,0.999999999849988
5237,0.8594577553415786
598,0.06467245063656016
3460,0.9903809890423365
4183,0.4903182941712467
4121,0.9909901625180477
2477,0.998206667422461
1118,0.9982118620345922
4158,0.9720793726333762
4246,0.9127293195032689
4259,0.9989532553147598
5264,0.9982095880018333
8295,0.7553214182988621
8286,0.9884384360572075
8270,0.6444311960023469
2159,0.005115156310692609
17966,0.04449484729458724
581,0.04430029393937654
2236,0.044338908059839754
17975,0.5387724948498938
2561,0.04444199758237249
3389,0.02557598447583213
1106,0.012403437087004822
2138,0.04438031895013768
2234,0.0416634744786616
1283,0.04451624013114601
1282,0.044446812811887726
2109,1.5632172954982823E-5
663,0.011019751420210987
2186,0.9020363705083708
2600,0.044398390642436385
2175,0.005513299418358154
694,7.334891323307625E-4
4162,0.04440039970773058
687,0.016569512685227026
4493,0.13990065318535216
600,0.05669349864825226
1337,0.04434671042371046
1113,0.27274045357711074
2173,0.04421633291548988
4228,0.0037445660588666576
2174,0.23881195834883942
4495,0.027542810782151053
3478,0.04439299364557454
2230,0.002003535396367663
597,0.5544251806346534
3427,0.04437029579950832
3504,0.04452318607194434
2217,0.04442888509643053
2167,0.0018263533441115177
697,0.008116993691947067
4151,0.0018282823166916762
570,0.04537524300656154
3400,0.0031345376171743717
3402,7.390522805126279E-5
4285,0.16337259699405302
1299,0.09213687310858323
1379,0.04432043983672229
2538,0.04426386803093873
2116,0.0444801566719364
4250,0.04446195100503857
1317,0.06321135452319633
2684,3.320015793468817E-4
17933,0.04441818198731483
2104,0.044438156769713966
2569,0.044313687104144434
2566,0.001312019368912751
4278,0.004420219416204691
4098,0.00840306963944744
3472,0.0519273347963561
594,1.3130734952046484E-4
2537,0.04436757499967077
4096,0.07899831019723472
3379,0.016248367249663952
2187,0.0653578842725685
2110,0.018524195406441894
4239,0.005536704525040948
4128,0.04449443424356905
572,0.044281363694841494
2488,0.044265480766592265
633,0.002404408600766406
4508,0.044496799668354174
3486,0.04452748809129635
2085,0.0667501980104122
3429,2.0783938329291008E-4
4516,0.04453513616384386
2267,0.0160340687712566
2242,0.044303547825249964
1112,0.04434358000374718
2664,0.7897582896344456
585,0.024006119099075286
1319,0.026424019554133222
4253,0.7785556723668519
1272,0.01148418088873202
4102,0.044418312060088325
2143,3.6675689976611343E-4
3506,0.044344987234722355
3441,0.1679659621831561
2528,0.0011220889545242028
666,0.040122273132853985
691,2.282776992153827E-4
2227,0.03544697966559121
693,0.044422725385672844
4237,0.0118253968869949
2207,0.02663773786518771
1328,0.04451157663526543
4202,0.008873668926099752
4175,0.041607507060393706
3442,0.04453270793594857
2573,0.04434988120787279
2098,0.16819535523956786
2618,0.04432299184218827
2191,0.04430303900976172
4537,0.028824977912221928
4168,0.0032664980486083227
3471,0.01948543664124801
2506,0.04431384336324887
4290,0.027250936215218735
1300,0.04431242994614967
2087,0.044504807960293165
2239,0.042803757494354826
4490,0.2852806005734682
4122,0.044501797119347104
2144,0.044304297136293185
1373,0.044389907069104874
3386,0.0033814261012908137
3401,0.014515431530113386
2194,0.029334295649448762
2432,0.008044279635516186
2675,0.044414318315012954
2492,0.04050594214718126
2223,0.0033225438683054465
567,5.616733110412819E-4
2197,0.04437391502683235
2203,0.02034445141969392
4234,0.09374438038463019
684,0.0444016290818609
1277,0.0442967368864321
3397,0.004417944385733736
4504,0.025638084633801222
659,0.032601021406542516
580,0.1975953126483743
3362,0.016349556866431716
2252,0.0011657141868070394
3438,0.04454571542301507
576,0.04434984342911025
17973,4.046081698835918E-4
2685,0.19175448844213258
583,0.0444326576684573
4484,0.09334875098138604
4203,0.04435539202192059
2146,0.03001936551892197
2214,0.5192148419117762
4527,0.1934416201219669
1315,0.0642969572248077
3440,0.04431956140785938
632,0.00246603645353439
2250,0.26472335493005794
2663,0.04434457428481166
2515,0.044348770340441636
1311,0.04044504794453232
1313,0.04447965035935708
4479,0.036261902062227236
2131,0.04425718630021413
2257,0.006070815690886819
2224,0.04435859322634818
2233,0.04436985847361355
4538,0.14141668770967772
609,0.044309683571295264
4511,0.04119415910225733
4169,0.023596392895233225
4215,0.009732935357722865
3463,0.0444557041933237
665,0.006075753398417761
3416,0.1170456216024586
3324,0.04448022378063564
2480,0.0012104587849264636
2543,0.0257429776268437
17978,0.07462834577277926
4226,0.04436695955244987
4222,0.00503280310272158
3479,0.01424929707317287
2086,0.05909692613555184
2533,0.018004585005620057
4167,0.17712322236834652
4486,0.04443866258597086
3382,8.808540161570241E-5
2164,0.0015386722794261249
2122,0.04424331579141426
3439,0.02887871394251036
2478,0.04438452816800801
637,8.238269539344047E-6
1273,0.0012183180396320608
4238,0.044504301589254835
2231,0.03815099296484175
4174,0.06974191315377805
4251,0.008188614458296772
4513,0.016159443486917512
1297,0.04439002734608586
4230,8.809521404075419E-4
4494,0.044416648068321726
2507,0.01618351911060468
686,0.03457586137569135
4235,0.011389346465700289
2572,0.011596231164406402
2468,0.002067090901065319
2645,0.04453983816206844
3399,0.009399809119220762
3387,0.01835681875869623
2523,0.24501922918915392
3446,0.04443773315386061
4141,0.14199398343463426
2216,0.015157370473320426
4480,0.044384765562086814
1124,0.04434307805652497
4126,5.326095410174434E-4
4125,0.23733047260511442
605,0.04446963570068477
4489,0.044299048420099414
2261,0.044525108446489325
4501,0.01013115982858711
4526,0.15315112040016987
3444,0.04429273192931805
4136,0.04434909139041711
3350,0.01663194610738846
4099,0.0264421050020868
2639,0.04422038465221861
1296,0.23002338228608935
4519,0.03287101561252884
1123,0.044468390833675576
4232,0.020112325622804995
4127,0.3859565946308116
4293,0.016203545308173733
4097,0.021813429181161463
2184,3.524342262047876E-4
3398,0.07068072023447701
2525,0.04444177512555269
4512,0.023496497648867208
4161,0.0019595545108330036
4256,0.0012534311104174922
1302,0.3186863540678233
4171,5.604568284046848E-4
3417,5.243000323282854E-5
4291,0.04449464038806469
2524,0.05368955843312137
4254,0.06972358038288408
4205,0.02419260302266183
4270,0.04457203545261622
2568,0.3910587480606429
3365,6.98912600870838E-5
4204,0.04427672627080955
4481,0.04432984581811669
4497,0.04435414538407388
1372,0.04454781108978983
2158,0.04442610046924855
2209,0.0030135408878182034
3368,0.04428501777903101
3445,0.044354171449258524
3428,1.2740891277937164E-4
4105,0.03576278483771092
4485,0.02289092165085623
4487,0.019454552703049244
4108,0.04446196354246528
4225,0.0714854278090113
17971,0.044442449358832
4294,0.04441111144430548
566,0.044538557868790636
1109,0.05645105912776446
4242,1.7574703495172055E-4
660,0.348213400558077
17932,0.46396857621808846
2156,0.023349429779749877
2260,0.007375968930241406
578,5.933657003593351E-4
2188,0.04435361194691079
4528,0.002134685660235515
1276,0.006619786983692804
4198,0.01178574085119247
2208,0.006977768520483528
8326,0.12763491440876296
8369,0.024055776413954306
8457,0.04454863769977019
8407,0.023562762193001206
8328,0.04454169619190173
8425,0.04445737582773447
8402,0.004043510434888909
8432,0.011848711839443679
8445,0.05262982026541645
2192,0.01699058613611983
2220,0.033320142350796535
15065,0.03076706489630685
8468,0.9982058126885139
8420,0.6645211150484398
8362,0.995773679552446
8465,0.552005441645759
8466,0.9460387486033319
8338,0.9989555094226263
8359,0.8405277562669464
8422,0.21601431218093792
8342,0.9914812836815806
8456,0.9171675550187778
8324,0.42438715707886154
18700,0.03397341928105919
27586,0.06379858475366434
18800,0.008564149416382068
27582,0.045250683465530954
27608,0.011852536834982315
18555,0.005357975902326578
27579,0.0016343200319289205
18805,0.22592629263732975
532,0.051175124924636016
18561,0.0056680642239224635
18803,0.0024781386044220757
18813,0.12108085782792026
31745,0.039728586847476856
10215,0.9743609974633513
10204,0.4981184467903073
10218,0.9127030787395162
10167,0.9328504230756078
3345,0.04426924111087188
18725,0.9974117333885837
30916,0.008503028090272603
8276,0.9870881580167199
8278,0.822809121837866
17964,0.9999366139327971
18727,0.9965931322587616
18729,0.7096725087743729
18865,0.9982139287335455
19831,0.9982057600700879
19852,0.9995794847225916
17974,0.9981577917033901
19820,0.9947476227131269
17939,0.9973086888743539
18712,0.9831175561338839
17970,0.9982131708178356
18753,0.9982136870541805
19827,0.9841385166075899
18744,0.9982074395904748
17980,0.08032445407824039
18848,0.9982048161913188
17949,0.9990223208270783
19810,0.9803138752406498
18763,0.980686614886269
18669,0.9841078304731906
18869,0.28384277496433424
18670,0.9982035756624347
18877,0.9982115846712105
18701,0.5937866228811353
32612,0.00524210168892232
32619,0.044396498037013475
19883,0.5612395312725762
19822,0.11375399714550574
19823,0.006826698319497582
19817,0.37604110723487416
19808,0.04435994010252208
18510,0.04423375417456046
18611,0.044465016057337124
26801,0.0023876914598568422
18646,0.04445901750256696
26862,0.029375134167436336
13033,0.014303221834695146
13016,0.04440037057464734
18702,0.4176678249145449
18583,0.04432883461694266
18588,0.04444475212924708
18524,0.044355495834190045
18659,0.037163680464137726
18502,0.032179549855821554
18713,0.004556106243166045
26853,0.008544506708333705
13017,0.044491936318748905
13036,0.04427828935888234
18740,0.00921538884431553
18635,0.04440692244976284
18499,0.04445962502094607
18540,0.044386415073928445
18557,0.04453941226673335
18821,0.006959092712195581
13038,0.04444546093135692
26859,0.034620986324182014
13015,0.009887073706740983
18559,0.044399520524103724
18585,0.04438100947330403
8262,0.019357818701610324
18721,0.12161668678568938
18523,3.0033373101188174E-4
18804,0.0444194736771356
18610,0.04441345732464638
13023,0.04434419457456075
26803,0.04433311729553663
18871,0.006134970608568171
18699,0.4823497750080515
8250,0.04447833759617462
18771,0.044495565985532455
18586,0.9866441429910472
18835,0.003835578089289833
18628,0.020929073637218173
17663,0.04421863747012853
18497,0.028652559060101744
18492,0.04454052154224057
13021,0.04427740038855923
18537,5.466488761363299E-4
18767,0.0022662697396088546
13025,0.04444202528712715
18748,0.021565475971304884
18591,0.04449153213998177
18690,0.001643070673680173
13045,0.044347835799859285
13035,1.794862414481206E-4
26838,0.014880600105671486
13046,0.04430175909293424
18534,0.1864506583715633
18527,0.019740541300605166
18544,0.0032376213528346235
18569,0.04451970648415096
18854,0.04438582139855921
18645,0.37184019345832053
18562,0.053850142428106075
18634,0.00816364501777795
18656,0.01071442384123798
26840,0.002314050142979025
18686,0.006571156275336143
8239,0.05222443753615804
18749,0.04444458383040111
18572,0.02345848342647624
18520,0.01935849685491149
18619,0.04441702615458111
13043,0.04438859188284943
19884,0.7644360268489125
27624,0.7631320297003169
27672,0.3167050464143413
27554,0.9982081548853677
27622,0.005649704523345518
27653,0.8176852688982597
27553,0.5394095663859196
27552,0.9421228226701979
27673,0.978616943327294
27632,0.9933749707060567
27693,0.9982099965996409
27694,0.9947754761435296
27646,0.5731916383853329
11214,0.1971276362679325
9769,0.044526543184333495
557,0.9922825952388391
26854,0.9971005424407773
561,0.6732967050161841
17704,0.9049359138119341
31759,0.9956326148662705
26876,0.9972914786756725
31762,0.05518513594749078
30917,0.02954992233156642
31723,0.9687288767460664
15050,0.08804942063888065
15056,0.03941806094551549
15057,0.0027366057983310467
15049,0.04424990317316022
15070,0.04456457478787135
15059,0.04423714529212276
15075,0.044379940179864984
15073,0.007088038338354993
15052,0.034257895501561796
4292,0.9357255431325825
4115,0.750633784515897
4120,0.9851112429954428
5006,0.9973345146952056
4991,0.8126782604429943
4104,0.9982075927154314
4116,0.014618937047341417
5011,0.9982116700135248
4196,0.9441548385555045
4129,0.002185270193608295
4983,0.9304633858224954
5010,0.9997527816379287
4252,0.9439582015011158
4113,0.7201383030336529
4999,0.9572407339908221
4100,0.2577922414766015
4993,0.885072706959103
33034,0.027686141792654655
30737,0.010218774953862012
30747,0.04443678062631262
26824,0.10987005071694536
19824,0.00800554635975599
19847,9.507059665693042E-4
19879,0.010474862524870733
19833,0.006640757974767644
30602,0.11703799056850765
26884,0.04451331810764448
19832,0.08523427202263409
26826,0.026208739711772143
30615,0.03195644904494382
13042,0.030720100592994303
13044,0.0443119419249576
19865,0.044435203313031586
19816,0.044490120082751584
18600,0.04446022845048278
27682,0.06502749607197227
2137,0.06053466517505724
8247,0.043491459748644996
8366,0.12802608884336336
8441,0.03444011456502766
8423,0.044473888365338214
8477,0.0034590050811011243
8281,0.7337824220124071
8252,0.04452856791536253
8382,0.0012904314337476796
9013,0.005339831351245522
8240,0.01937230170670613
8372,0.00822580947350534
8426,0.11853280762777534
8291,0.11296058336111475
18660,0.012472622312411984
8390,1.317286885096103E-4
8451,0.04452238549689395
11227,0.00308784677355558
8439,0.007560870774232819
8305,4.079868232479709E-4
9751,0.036496695643551916
8473,0.034386878989276934
13041,0.009361264095998708
12551,6.299983058716255E-5
9012,0.5905705154004162
8271,0.04428099736832494
17696,0.04448227959127358
8410,0.0033505220599420083
13011,0.04445616747585314
11225,0.005975588179210809
8243,0.2989136631951701
8306,1.1988821951089071E-4
8264,0.04455505450463028
8273,0.174074098226226
8478,0.044277511699084206
8255,0.044296125318103556
24718,0.021442372975512203
8349,2.906118182672931E-4
8299,0.004122047388184657
8418,0.3241630901728542
8427,0.009528501799476754
21087,0.044113921880843836
8355,0.044436875441381904
18822,0.08263399033508301
8395,0.004897349153506093
8374,0.001509793935202629
8260,0.04451609573080009
13027,0.005138914424665213
13013,0.0023564673010368696
21080,0.003296417926798017
19863,5.44248310734229E-5
19872,0.04453590095957065
19858,0.02547821385361974
19860,6.62475730891522E-6
19828,0.04436419863232199
19841,0.06757345870537317
19834,0.04434866574722971
19869,0.04435060852755093
19846,0.32649365461024105
19862,0.04437683282694016
8265,0.1205321219555901
30599,0.2816280878483195
30613,0.38631033030268347
30655,0.8044295344730846
18624,0.34433313808053984
18612,0.04431337903777645
8248,0.04452782511174186
18812,0.0040780318100036945
18829,0.010810654972534509
18867,0.013119451942000301
18843,0.1155378342083045
18505,0.004861510611625378
2689,0.2663888042722664
19848,0.4398544799727141
18574,0.04449805992765561
18688,0.0015543921544029136
22454,0.020298096461319793
18791,0.39028071136418147
8238,0.011697018585879612
17691,0.04423556694098411
18726,0.04443892944637534
18665,0.06742272001687434
2676,0.37451549605799667
18880,0.00793440678440783
10210,0.0951415341085318
18595,0.04440798817417149
21098,0.013855392383854354
18658,0.04431677791459489
2613,0.922078924439406
18511,0.43718256301679753
18762,0.45701686355853177
18728,0.15400510931280023
18598,0.04446682257549787
19840,0.007346818116518081
10233,0.019827218036232178
18860,0.04433578144847294
18868,0.04443679276289937
19855,0.005483835330159475
18607,0.05757539954122215
19839,0.044466258339433344
2409,0.625265286499818
10172,0.04450342156914044
18757,0.11755650769358843
19843,0.04444496992424623
3470,0.6362292001861142
6078,0.12991798223554205
2097,0.044549274697554306
2117,0.018262225418440747
538,0.044515796920102615
2136,0.044426139119209805
2150,0.04449203167740012
2147,0.04445816600047981
2168,0.10100530513743566
2172,0.044430000054219196
2141,0.02535411129743585
18633,0.0015719104779874373
18679,0.009089019420655863
18716,0.002559096886769953
18563,0.04449027319655419
26830,0.044316293368004384
27639,0.044374653208042354
18824,0.2636429195633572
17665,0.04451775100186715
2681,0.030625252267440273
2448,0.04452566020798477
6069,0.8780906883632859
2620,0.07134409544235244
2519,0.2812740264558405
2655,7.483702709475129E-6
2458,6.097095102843685E-4
2686,0.24736283996082886
5697,2.9924523287645956E-4
2670,0.03792749074712396
2485,0.0076257134957694135
2551,0.31390902748791727
2611,0.04448486953924264
2514,0.06867185109368669
2591,0.03739243957787346
30885,3.781794354635414E-6
33016,5.007872475367926E-7
2113,0.04449968628823748
18853,0.011705879547855836
18550,0.03640896735888001
18668,9.198898996216036E-4
18642,0.003875783077161222
18676,0.1065259401659918
18775,0.04425789771365447
18875,0.044374305915094524
18796,0.3106080984298309
18828,0.29594315962749235
18811,0.02605239374177209
18674,0.0026226876556023656
18657,0.04454782289843443
18731,0.9260160783120647
18751,0.003456710074576049
18519,0.04355393741367141
18856,0.04438267732344011
18816,0.04455724705414156
18736,0.04445736628737895
18564,0.03893247582152541
18758,0.15221766079286025
18881,0.020630896096969078
18720,0.012057177136762761
18697,0.044315183409515284
18644,0.007032490696785794
18711,0.044427044483664906
18841,0.33317914563686174
8275,0.044255860577327555
24751,0.005888016871856305
22481,0.0027627980715523477
505,0.08232155032587483
27858,0.02720284578630749
8352,0.004682837180656766
24768,6.882731997263111E-5
31629,0.00529936665765465
24720,0.04450931248362582
27846,0.007397994962233556
19859,0.010693414313109252
9745,0.04011167797950619
10235,0.03435844750131654
18842,0.02219050087178749
19876,0.014132931302551006
18529,0.0010221030409694927
8269,0.027877444563140768
10216,0.011360578031969722
18680,0.004889734603415265
24763,7.828732331203067E-4
27887,0.004208137843909658
22476,0.04447220018724397
27896,0.01342968999552318
31609,0.04446082186323343
19881,0.003559170549176475
18530,2.0936537217701977E-4
24777,0.0442575618204339
21100,0.5645447935334336
24770,0.001867076454480346
18840,0.0011680197072140646
27604,0.018258802107972802
27866,0.00435107909065634
24773,0.005246454137109426
10221,0.013087166261473757
27890,0.0019753823238224384
32791,0.002669994652463114
24761,7.16222996923212E-5
19885,0.006357044562956177
19826,0.0019519474769731592
18541,0.01863578093535058
9742,0.009342436329302234
17703,0.01885930103439136
24707,0.0166412884386282
12550,0.031364558821257
24757,0.007402347114221751
30651,0.009804262279940369
22461,0.027777465619929324
24709,0.006995778291511591
558,0.017756485931565244
24769,2.8904376459329396E-4
30586,8.621656288926063E-4
18705,0.0010744479623120613
18872,0.001058352828226573
10186,0.012925587181159007
9749,0.0014873364608615873
17673,0.004552488408788169
24712,0.03078693822155694
31600,0.03041544987779018
31685,0.0011098447784055887
12552,0.011700533118037348
30653,5.659789033705587E-5
31621,0.04436321575668242
11816,5.565389930671487E-4
22447,0.018377653212716012
32992,0.011861372270703415
31607,0.006748809188345853
9795,0.13545922923723488
18792,0.007715173748436286
9787,0.4471433347549437
10194,0.1530026638069258
33029,0.015611910341039998
11215,0.044309583892554114
11222,0.39356510132518613
11230,0.004694321511785361
11216,0.00511376181691623
9761,0.9861502948463411
3480,0.006886354906408079
2202,0.04447299303044131
4517,0.044376113154535435
4533,0.04430089349278254
1368,0.04434837910443962
2253,0.044510441750191046
4496,0.044350630396363756
1360,0.08193149712744864
2096,0.04427847183980421
1370,0.044506240602303675
4522,0.05873170436799069
3484,0.005439575788357682
1362,0.09312086980515186
2264,0.04433649657069326
3411,0.029554863830122912
2195,0.03870376405641454
19512,0.16002828016237194
15068,0.9453081224178841
15046,0.9933792811470822
15053,0.3532676303095772
15064,0.9982130190971927
30905,0.9280322226340987
30922,0.2550557046504671
32668,0.9412113005150616
32600,0.9012663416449379
32767,0.9750892535249279
30903,0.8537718754028085
30936,0.7134146004412528
33012,0.9949375488014943
32774,0.9303282756469705
32734,0.9957691400710593
30927,0.9368589970046243
30940,0.46537864244901517
30860,0.9835354458452881
32670,0.8692975639859402
30864,0.372974699259264
33014,0.9100682808407022
32636,0.9710451574366671
33002,0.08249115286153713
32754,0.6754187730836986
30911,0.9969214750829104
30875,0.7391560251085177
30908,0.35204237208752476
33020,0.9144969748476144
32725,0.9982112084016125
30928,0.9559859043458039
32790,0.2660100311480934
32731,0.9821494979875978
30739,0.9982130830773115
33032,0.9976748258032792
32592,0.9624678365555261
32662,0.9981104541461937
30923,0.5394283497592919
30869,0.7748487940588681
32604,0.9139462200359956
30868,0.990846669548888
32797,0.9966902978337768
32724,0.9406009917208967
32742,0.9898545600812673
30896,0.9982084724764686
30918,0.5746606231377315
30891,0.8604377438666315
32759,0.9678050745514761
32746,0.67861078883381
32999,0.7843743316821516
32678,0.8071081493077696
32679,0.9540144416427147
32680,0.9808356320810494
32740,0.8433554576335027
27857,0.04283806852139374
27868,0.13909009932112
4134,0.6359352366852788
18617,0.35949224338682284
2422,0.044522486400541225
2462,0.5607135700877915
1274,0.0225669240715309
2587,0.816692222362928
521,0.32809611898794866
18715,0.6385490460408186
18493,0.99456865344722
11212,0.03314196572883098
32756,0.04456541482094277
26841,0.007290348838821053
30937,0.0033947457784175563
30900,0.009577998691264793
33030,0.022638427521059424
33033,0.011140215967337951
33018,0.014063446999660835
32991,0.04427219137313398
5008,0.6657450279923204
4186,0.3770902705612559
4282,0.01656506564363021
19830,0.018958502077038315
4255,0.04637188775946391
5013,0.017647771043287613
4265,0.24968309248649925
4998,0.08007170905275535
10184,0.04435434623976471
4220,7.7621725986056E-4
4224,0.012418176665389686
4163,0.044520265706235844
4173,0.11529243565237988
4147,0.2596793488806657
4216,0.7843588093539886
5003,0.04446308608181774
4221,0.017967371679925202
5005,0.05453362843525843
4178,0.34369762774386786
4103,0.04443114660600601
19873,0.27555858884368084
5001,0.27245863063473474
4138,0.044561324453979236
4283,0.008688196364896516
4164,0.002489403601017203
4150,4.435268136945534E-4
24731,0.005428248161381512
24744,0.12050648368762773
26808,0.0029857775793880664
30612,0.009385254840922815
6067,0.3542298904399055
3326,0.5014029295155411
8249,0.04445409522187151
8258,0.4850453305861702
8241,0.044395230003466006
5256,0.03963336013363445
8266,0.8609490092394553
26799,0.04433707162418022
27543,0.048858985809763215
27560,0.557754058920201
27617,0.04438665549894996
17948,0.11555140484953633
27580,0.05599038160247755
27544,0.04432849028125139
27551,0.8775996005484638
26860,0.003912531278679674
27702,0.0018029074712929375
27561,0.015641454851713824
27625,0.00221888498176843
27647,0.8501466451485441
27636,0.10665578327746471
27613,6.113792502243353E-4
27587,0.03939148664929064
27661,0.042902182062998014
8294,0.9588279118214817
10193,0.002764292746980734
555,0.0537192447623477
26812,0.009444242679621366
30753,0.01840811631896354
31603,0.04422910785907459
31633,0.035308312593685436
544,0.04426946395785714
32608,0.1765892481343628
32645,6.73852517019092E-5
31754,0.04432137197414879
31665,0.09710050985442244
31720,0.0030486372964133794
31612,0.044514697086380756
31703,0.003721108364053635
32611,0.020774959558617693
31670,0.006013155494686791
26880,0.015084546238618915
31718,0.044441965395301215
31659,0.012900708575663356
31729,0.008741514668705383
31749,0.035138911493593904
540,0.0035934894779109613
31613,0.030806862595600525
31740,0.007862604587465667
31682,0.0029657043608473294
31689,0.010118992812743087
31712,0.04569352687571369
30746,0.004568852352034865
32596,7.482933546032347E-4
31756,0.012191300438788502
31758,0.010321259207426683
31699,0.005390051367925907
31730,0.01554024403918258
522,0.2369434867505968
31615,0.019629474233407263
31732,0.013569037444580805
31654,0.03777028381164949
31724,0.007308894353978667
31722,0.04426853101171636
32644,0.008513937603778407
31672,0.0042199566298092225
31649,0.015671157247168527
31650,0.04429484413873105
32661,0.0013583043527113598
26809,4.437152275589682E-4
32605,0.013262010807180147
563,0.12946866079260796
31620,0.007374827635881964
552,0.04702375853968708
31656,9.798445583124122E-5
31751,0.002323811776484193
31743,2.503118277226413E-4
519,0.044503689208946796
31636,0.4768768284598225
31710,0.7847300359884333
31622,0.013321129296965844
546,0.04436146683726825
31679,0.04440166849011419
32588,0.01093151196553168
32646,0.04280532905558603
31688,0.020621123258800902
26855,0.0015477492594313449
526,0.06266381964978272
31719,0.0443500799412204
31691,0.012799828403000913
32778,0.005748692650535804
31671,0.04446668879393625
548,0.005614943603761136
30754,0.044345719204674235
32587,0.07530669016437867
31638,0.0035557438241916295
31737,2.4225225822496182E-4
31611,0.04436588455149712
32643,0.01463527536895943
31624,0.044309977988424364
31627,0.0040109032187931855
30933,0.1115803180179947
31695,0.005012952298714549
31619,0.044478144411499144
31702,0.04456797158955433
31746,0.001475960164551629
31663,0.008326202688488533
26817,0.04436458840264621
31667,0.02018819175833439
507,0.01321970938217513
31757,0.028717944669864104
551,0.4458790562453847
564,0.044313865221140884
30873,0.002003877539969243
32631,0.04449633899918114
32776,0.003915820107007887
26806,0.0011763886386885398
32617,0.0347902882864908
31652,0.04435483730986472
31631,0.04447446778714929
31715,0.044372405089727895
31635,0.044439027564978105
31601,0.04437479885364447
32713,0.0010896612867275061
545,0.044275324158653734
31708,0.012170028081118856
26795,0.04451117991726449
32777,0.01750359306140039
530,0.04451183397514659
31641,0.023437196666633704
31683,0.04425686803807767
31628,0.04426732461037665
30742,0.0033230179038303076
11809,0.18085661818447119
2426,0.9970755332086779
2668,0.989693356289854
2430,0.9982136022380412
5706,0.9532254611297158
2447,0.49085102805753494
2641,0.9871951654673102
2443,0.9982081964683369
2654,0.9992427619753972
2627,0.9639665578190678
2630,0.6423979700754048
1327,0.9178080719690563
2574,0.909587934479974
5687,0.9937125335377922
1344,0.970937634737362
2464,0.9982028422293995
2454,0.9897654193663508
3476,0.9763147080680454
2413,0.9456017291772462
2619,0.9979660217013094
2688,0.9982036590245164
5701,0.722252965939214
2660,0.9982053498912291
2638,0.9941414095322786
2609,0.9945464433380996
3482,0.9668186966081703
2435,0.9683455641275294
2614,0.9538465307072268
2433,0.9888135398669974
2417,0.9982142573734469
5684,0.9985320617989797
9030,0.03162159094574153
30644,0.02546453922534661
19818,0.007620121344677897
2499,0.9982026307355019
3519,0.9982093534864642
2679,0.021227499757369726
3462,0.9956892778391976
2582,0.9982092834383534
3499,0.9674425744045982
2481,0.9810178323572835
5689,0.9982103708738651
5646,0.9763610802390903
2539,0.9982068835938043
2470,0.9952509679666968
2453,0.9970696170299221
2589,0.9914136187749784
2584,0.9387731571434721
2644,0.9980191029824593
5670,0.9941286809947472
2549,0.9865796197660434
3503,0.9243569730147192
2550,0.9822106593019885
3493,0.9980044879465768
2411,0.6138336189673206
2431,0.9977135934845708
3501,0.998206905562377
2511,0.9449142293761071
2597,0.9999997035648917
2487,0.9267764154328866
2489,0.9941607385488797
2593,0.9963373661921987
5756,0.9982072614675153
2570,0.9161335462662964
3522,0.990265508881358
3498,0.9742684812947333
2500,0.9982074748480846
5716,0.5764122818347767
2694,0.949856874999955
5719,0.7747228880774566
3514,0.651500858057226
3507,0.9617420129373995
5685,0.9982084198625033
3485,0.9982103357806885
2601,0.9163072272317556
2580,0.8123947608324432
5678,0.9591024150075904
5733,0.9982081782194031
3489,0.8230013026344003
2423,0.6867667084161823
5735,0.9271188228411205
3511,0.99820947473943
2532,0.9988462319532123
3468,0.9481968459355546
6071,0.9848151428245774
5645,0.548597412732742
2552,0.3865729692400438
6056,0.9944265428864795
3497,0.9817167014971196
2635,0.24086010705904273
3494,0.8168106361453216
5760,0.9982104156135053
2636,0.965234633463037
2647,0.9929576268915095
3495,0.9947389201029211
2531,0.9926961843345109
2588,0.9982100236781523
2541,0.9970268066407323
6051,0.9876017046092784
5739,0.9982140102292458
2530,0.9999275639662103
5751,0.998207830104986
5680,0.9982139787904826
5673,0.9339380659428655
2583,0.989919638327196
5773,0.09987610947640096
2579,0.9934661331797966
3518,0.975584987093473
2673,0.9991521105146441
2520,0.9982153011086154
6053,0.682491254142789
5638,0.9982055345141461
5676,0.9613794064574286
2414,0.8616746209717573
2508,0.998202695774506
3466,0.9976003041172438
2691,0.9982044329176025
3509,0.9824312316151896
2558,0.9982061574196291
2496,0.9982150384885826
5713,0.9961058604973819
2475,0.98804826590566
2672,0.8755324346235411
5766,0.4877686869912417
5682,0.9101118338668703
2504,0.5538837016721732
3492,0.9901223856697906
5726,0.9984082582531105
3505,0.9523063312458221
2472,0.9877359664643309
5742,0.9977846016788792
2450,0.9999080744819394
5675,0.8826576507967828
5699,0.9982145522490209
2494,0.9982069434386356
2603,0.9975272560176908
5763,0.9981875108444425
2463,0.9851552873983822
6061,0.2143410759088574
5695,0.9674610831350962
2503,0.9898170092432792
2612,0.996219942956277
2640,0.9226545325597763
2594,0.9939911667046779
2522,0.9953601213556239
2690,0.9680995989209221
6064,0.9977846933783652
5724,0.9947110011654677
2642,0.889488859235255
2650,0.9982128515845754
3520,0.15857532813633263
5727,0.9634132729401721
2460,0.9982062949561948
3523,0.9299980882867762
8293,0.9465353759163301
1342,0.9526800738902202
1347,0.9982117992503449
1348,0.9982019312383156
1354,0.9958428049618482
1330,0.9982051457618664
1357,0.9982103357923582
1345,0.9990865484746173
1364,0.972613423336456
1350,0.39350994807959927
1329,0.998970851043265
26805,0.01657353470616754
27595,0.005716521633486298
27594,0.07812198667166173
10188,0.03534042184612025
11224,0.0051808441814257715
2120,0.031885508172528276
1336,0.053920831915990355
1292,0.04431649336539676
1343,0.04433338735325087
5228,0.044575797388404934
18662,0.0025392780653839537
32711,0.8605980547789216
32640,0.9972542655692361
32733,0.9982047181805936
32616,0.16797968059024027
32595,0.9982033317296929
32768,0.9982063104973752
32638,0.7719778189781584
32652,0.9536528140115855
30606,0.9816079714589103
32697,0.9811931011556131
32606,0.6008709868003924
32675,0.9849527432757073
32796,0.9961106424800257
32628,0.923005983908052
31640,0.9389674733826379
32593,0.9982077227608093
32738,0.9982014310892123
32648,0.9976141226419584
32639,0.9999983595375571
32641,0.9982059430635356
32727,0.7156873110014405
32627,0.9668257375538076
32688,0.9982073783726043
32739,0.999827381681494
32772,0.9897805587025481
32594,0.7700564633772948
32654,0.3516400896887968
32666,0.9808540724911745
32714,0.9982094588380551
32653,0.9548357006292746
32582,0.998208201962722
32694,0.9729818360791109
32598,0.5005085227272125
32584,0.9996938486500366
32789,0.9340859692271911
32690,0.4812408719810099
32705,0.9314036174401531
32718,0.9982122372606036
32647,0.9874647021237194
32743,0.8740923258459832
32691,0.9276835365947961
32684,0.9464259502871143
32753,0.999999119473272
27567,0.2749385729710453
27556,0.9805999447716929
13048,0.04450324512338485
13026,0.021485355450828324
13030,0.04430699240567993
18768,0.044511060563520034
15076,0.2865190702622816
15071,0.04432020926121725
15062,0.04452914997016491
15047,0.04425678623726425
15054,0.034000513999263945
15061,0.06379715563768569
15055,0.1065124154401835
15074,0.09217762865415326
15066,0.04616235170411758
15058,0.044308045743777266
15060,0.04430632694001048
15072,0.013113810601893771
19502,0.04439251033434659
19508,0.04452964244584674
19505,0.03011692248306511
19506,0.04429535804824144
19509,0.04019656949354101
19504,0.036744734919996115
19507,0.044425203390449454
26816,0.11913729545410372
1129,0.07174976957451643
1120,0.6650687765444707
31658,0.43394476701947293
31738,0.06274373355674913
30931,0.04432470849853614
9041,0.15234152753433533
2651,0.04431581133477251
8298,0.8892355971384032
17656,0.061121890219634614
17662,0.04451514565593037
17658,0.04193884447941735
27850,0.5032731348713163
27852,0.9796677385857602
27891,0.03635995620504852
27876,0.732144139515182
27853,0.1955740030014996
27838,0.16718936268827672
27862,0.9834238468372145
27840,0.22526909869021153
5291,0.9837934517962952
5647,0.9982042215930192
2502,0.9631708649444324
2622,0.9982098381769945
3370,0.997965683102869
2510,0.9998430289008204
2659,0.9982106303563593
5243,0.8572933770517793
2444,0.9583094275195361
5642,0.9976223898316146
2491,0.7971929920451041
2648,0.9999959209541316
5639,0.8681887169698981
5665,0.8959161053917613
5755,0.9487069364713149
5633,0.9982079798285083
5721,0.9972145617832644
5630,0.9982071927334267
5738,0.9838694033011438
5748,0.9929866996770578
3375,0.9982106586843029
5669,0.9714012646396389
2495,0.9992480011483551
5629,0.7816790181827077
5698,0.9982087571910788
2436,0.999780938976053
5753,0.9817621569914967
5737,0.9902731622916999
2483,0.9998135097818024
2449,0.9982151499648401
5679,0.9998394935844396
5653,0.7980252964796097
5625,0.9984871863491931
5651,0.9982062892368102
5747,0.905243708260995
2652,0.9911134227291212
5634,0.9556462576593819
2517,0.9982136649897675
5757,0.9988041734593863
6077,0.9943960053527165
5770,0.9625912360610088
5677,0.8100997281622101
5312,0.9976176287541824
5655,0.9982068101573216
5765,0.9899798364266083
17688,0.006777448334236341
17690,0.005866922450434301
31744,0.0055674485231865835
30732,0.044547668206779446
30600,0.09363310843683655
26850,0.04444643515372545
31701,0.001877288371964949
31714,0.002164571556922462
30749,0.04457493568167308
30751,7.494872471986532E-4
31660,0.006627818823524695
533,0.044401028556705587
31760,0.038373221412755794
31684,0.04428771495216155
31651,0.009694996837140512
30880,0.044519954760143254
26804,0.04720196775527487
30736,0.04428089944578304
30745,0.04439467112115208
26810,0.04439875417575904
31728,0.029145160504315926
31727,0.00815995724929384
31632,0.18181143833233313
543,0.09352721147727963
32998,0.04442157777472842
32993,0.030695405291224203
26858,0.00926975753718402
26827,0.0030177203310075246
523,0.044408549488951655
26883,0.0443712720942252
30758,0.002121774279909312
30748,0.00968946792198562
518,0.05292552121478731
562,0.2451925837396824
4112,0.22641767178541683
18827,0.003522171685642497
18826,0.7532883803901216
18807,0.8731505252565299
18503,0.00854977750661048
18752,0.03263510771894565
18535,2.0290513921240427E-4
18498,0.23301556203762344
18531,0.044550278828379454
18543,0.41571622175914946
3323,0.860090310195301
32635,0.04435421763549269
511,0.022457378974501802
27679,0.014373615053079944
10230,0.038754449818054135
27562,0.04433870975603283
30624,1.3495481881700558E-4
27686,0.04444736708019436
27626,0.04437022079857823
5659,0.089661198570024
27573,0.026645578280514507
5663,0.4097036252175509
26815,0.0017514078569843905
8367,0.044271381707473835
31645,0.12059221443273507
27627,0.004653143560549425
27671,0.005865305823409731
27585,0.04443859905676362
27877,0.04001310518776754
31643,0.04425843457601643
30581,2.556800650559095E-4
30582,0.007041111072988579
30590,0.018776442338382264
30605,0.06691802175268216
30608,0.35549306105237816
30658,0.044301203103353406
30583,0.023244190901078897
30642,0.006474084042757008
3461,0.04431499682732487
18754,5.420766298864841E-4
18597,0.051964177575648245
18689,0.04426902583147605
18718,0.004582881967057133
17670,0.04448469712164394
19835,6.180855497826015E-4
18616,0.002581505579433168
18855,0.0061493067942268356
18847,0.02317459608150293
17660,0.04428025639635267
17705,0.18466048165397153
18784,0.04441251801266909
18723,0.04448069927954604
27677,0.015265394776007128
18717,0.04441068498755719
18632,0.04446623077744824
18766,0.003087813398123681
18682,0.05479834013089652
18599,0.04424715184794339
18739,1.510884450278362E-4
18631,0.17627191914337204
18552,0.04430764085161109
22485,0.0442889679899804
18706,0.0028588648578855734
5337,0.6929834259515207
5332,0.5338765430158031
5305,0.044350453777016206
5253,0.14700278334115474
5306,0.408408676015576
5315,0.22501710948900056
5310,0.011981233150522632
5320,9.554334938089514E-5
5328,0.1570538471306699
5311,0.005531343394321653
2181,0.04437788920479438
3340,0.9938805850988923
3354,0.01456469449183114
5314,0.49811622713419934
5316,0.04441203002582021
5322,0.08009407599215929
5271,0.9125415375665485
2153,0.044379783809949364
3341,0.04442013516608933
5324,0.017062243870167564
5335,0.04427268964906507
3355,0.19271385834819704
5722,0.2685429923395079
5331,0.28266501656602183
2160,0.3884676269008175
672,0.044498054487214424
2516,0.9424359489496401
690,0.042087289893096236
2674,0.004713112226155029
3338,0.39391520939118874
31608,0.045883368316579666
9007,0.04439900345543105
9028,0.014846698884928075
9014,0.05296126851074387
8261,0.29994692205376916
8454,0.1381223845748365
9047,0.04427350877449162
8471,0.044380749100150794
9785,0.0016832950288238402
9067,0.044462109918661064
9736,0.04445745372508237
12544,0.04434770022065102
9776,0.011351847649015893
10206,0.059464953916280476
9017,0.09567821260782967
10180,0.04454923457496203
9009,0.0023812773585041315
9022,0.04432770636724231
11229,0.044270242573807225
6335,0.008248470176394315
10228,0.04079702328164392
10229,0.9847276065628662
8316,0.0135742627672698
3376,0.04442365991910423
9050,0.04431010654929398
9024,0.04448618375011977
9043,0.013247288925293792
10203,0.0041833258519574845
10192,0.044547353103531286
9027,0.6304608116341495
9059,0.044287438087151666
6315,0.0936606242921281
15051,0.04437427071283066
8307,0.044346226380165825
9060,0.04432008318949229
9044,0.07001897037230714
11813,0.04448443033114306
8227,0.08099343590207156
6316,0.010030549122195871
17697,0.08625628320886533
26842,0.016005324057609724
26845,0.0445860165291834
26849,0.020408562211543645
5725,0.0102855994536407
5000,0.04441373379620567
5758,0.04447332655528059
5336,0.04446057449219232
5626,0.04451073309101583
2667,0.10507106561517812
5301,0.00855900748066158
2634,0.6913010612368193
2484,0.002273358986922793
5693,0.009095966684449642
5740,0.001035250039271784
5764,0.003545693025066864
5692,0.16637796322189763
2130,5.2703260435239355E-6
5636,0.001517974183494277
4272,0.0034979846250666625
5732,0.044311769883319384
5658,0.044264845736724366
5681,0.044296699037160894
5661,0.001119589107168187
4212,3.884552271787758E-5
4986,0.04434464356269794
2461,0.08098385663196331
5002,0.04443093995264904
2115,0.02052625246407729
5736,5.215505420336839E-4
2666,0.01668504216861614
2177,2.591450238566841E-6
5640,0.013116457057231351
2649,0.5633569227188963
5734,9.664060853841967E-4
4155,0.09938296475944462
5711,0.0022795436891324557
4223,0.0030741725065009835
4988,0.04430242958623753
5672,0.016731685740712796
4107,0.010605437208032807
2476,0.06087426248608323
4263,0.0405097456971039
5730,0.044257009661007145
3334,0.02140262315386681
5761,0.03259947834162928
5683,0.04445397866396905
4992,0.00655134174193854
5664,0.04455713392165829
5649,0.02061756389789156
5654,0.0027845569425889592
4110,0.04437033502951795
4159,0.04444495069547309
2616,0.002322485595249067
5641,0.04438925761024603
5674,0.4575100065667065
2467,0.04425954028688929
5671,0.005688377040322394
4165,0.057872613430679426
4989,0.0190183638508496
5718,6.175115288628877E-4
3344,1.628975156660556E-4
5323,0.7091265948819048
2446,0.4252893207862522
5741,0.0037899137011241607
5723,2.509267198343343E-4
2434,0.006296524123896986
4209,6.878854760393314E-4
5652,3.924053401651908E-4
2559,0.025887280636718156
5222,0.04441373334927947
2577,3.513690059730149E-4
5710,8.943444804366241E-4
5667,0.037345554365535535
5754,2.4165111443776035E-5
4208,0.004554714106921299
4984,0.02629650167298936
5282,0.04452057258186324
5774,0.044242814343549
2546,0.11620358102051517
5707,0.03809207013875733
2441,0.002969169517334364
5712,0.04451521096726905
5632,0.0020055781939931194
5743,0.044475871301024615
2563,0.004231533883321031
5660,0.044436148104667554
5759,7.832255339562688E-5
5752,0.006270482677519207
5648,0.017228103443024095
5628,5.4746314163593294E-5
5624,0.044311590456382825
5666,0.06351867529963512
5686,0.08114624816896794
2682,0.04439781408059763
2595,0.0025506020866845913
2142,5.792418201399821E-4
2482,0.044307772095119435
2542,0.04430038181993089
2680,0.009051222752100603
2547,0.044352776367094476
2576,0.04438624945351371
5012,0.0019573580073646703
4266,0.04432784796307296
5688,0.00427609976416808
4181,0.0010326845637430994
2575,5.013154007324856E-4
2548,0.044267836780156986
5635,1.9525483460747464E-4
4247,0.024178480172076543
5004,0.044289145492313706
5690,0.044246699683821014
5317,0.6509319439638968
5643,0.01581679126951029
5705,0.044279565098639215
5745,0.012792195261892146
3329,0.0018798555817494355
4229,9.13600883830682E-4
2602,0.01673982033236642
5691,0.04427625350124168
2493,0.01458389194056877
2490,0.005144486414374746
18556,0.044518940486911074
11815,0.04437235857054528
9055,0.44096692193094794
15069,0.044311021339574916
13010,0.04454149151333432
19867,0.04435324783745813
9790,0.26599920503549307
22452,0.04441628530068445
15063,5.374534963350643E-4
13020,0.017111763105637716
15048,0.3386106144605042
18732,0.0023689066721607863
12547,0.044359681176411696
11211,0.04441449866697169
22453,0.0443854194210538
10169,4.6004288275841126E-4
9803,0.04443715341650595
22479,0.02058024346688817
17661,0.0025503352710285923
13034,0.04423207758038104
9800,0.00437959822323364
19880,0.044345156186161555
21092,0.01063678159441437
10185,0.04434295417996972
18703,5.724457716143309E-4
17963,0.014886013304362225
13014,0.0027616671864001577
19853,0.023965698213941122
19501,0.07009000421001743
9057,0.006824066154728862
19845,0.04440868371664466
12555,0.009668443905056702
17706,0.5420612361599186
18735,0.04427395821567634
12548,0.0034614317803748143
17667,6.952123947387477E-5
9033,0.04428097171089585
17934,0.04446019364242926
17692,0.04441982096394362
18685,0.188694333963183
11228,0.0013070380939745698
19844,0.04441881154691545
18501,0.4544351443420042
18532,0.44597211676651466
18528,0.7680838868381732
18521,0.04438309640828433
18677,0.04436759038688201
18525,0.0012521440591480798
18698,0.02193830206103626
18678,2.0943651682008273E-4
30930,0.0121040180961883
18730,0.044298333202393916
18547,0.11972024737593184
18808,0.029265867541902864
33008,0.0019963387702499904
30887,0.004830656489903555
18772,0.004637616075862636
18664,0.04613833469749964
30892,0.6314993999902703
30934,0.9443590148763312
30920,0.611826631140471
30877,0.9741353258603523
18620,0.11221770621891251
18866,0.04439333831406816
18630,0.04445493244914644
4124,0.9982186816265519
4482,0.9318869866733587
2669,0.971412626575649
4109,0.998961564487522
2527,0.9707861069921743
4143,0.813229943107408
4262,0.7868160973659273
4274,0.9994441788389563
4233,0.9982093837439105
4507,0.9982137592527182
4505,0.28940845666535087
3455,0.17147174021697564
4201,0.9852908159555409
4182,0.9635106601455562
4241,0.9870393092455446
4296,0.9998250774394085
3513,0.9648231072509741
3448,0.8240174048364567
4264,0.9964602672322198
4500,0.8681927457630584
3388,0.9407325972817291
4276,0.49214815762803643
2459,0.9974587192844052
2624,0.9982082976645691
4539,0.9982098839212095
3456,0.979212920484211
4287,0.8156891015298786
2665,0.727119932810263
4192,0.9987037212416155
3452,0.25115698078689
4249,0.9982012836473377
4144,0.9995903675664368
3437,0.9052682274311968
3393,0.9664141889490928
2661,0.9982079739899095
4261,0.9967728160749332
2474,0.9998476435656933
4524,0.998782859741723
4295,0.9474327284400895
2646,0.9810704739880161
3458,0.9516964908814864
4499,0.998206557714004
4180,0.9982144869168984
4275,0.99964463341804
4543,0.9982081163095343
4267,0.9689534107455715
4236,0.10239340653004861
4231,0.9894928067179115
4531,0.9982054059348691
3404,0.971166257700526
3412,0.8357852891594056
4101,0.9975723597787244
4506,0.9940221123187879
3453,0.9737356867489583
4214,0.9998081118826133
3413,0.9759929503708844
26828,0.8323381377293987
26825,0.055196538643792356
27851,2.42120721066029E-4
5650,0.1111242031598295
10178,0.04442318189466715
8237,0.04448146562140289
6334,0.044498325929475224
31721,0.04444259154992049
2133,0.1397670514053583
8343,0.14755743874460894
5015,0.28914537365425613
9031,0.016457335460694573
9069,0.0442758087583168
5249,0.02292560066148134
9781,0.0445359212867332
5219,0.04435655164774717
2438,0.04546670319028895
4172,0.0442998665804033
18513,0.011656020550197661
9020,0.02075363750400651
13029,0.11829297253386462
8344,0.09292627538548875
8277,0.044316515928953165
10171,0.05013261927838684
26807,0.0018283619060852825
4131,0.011173885512769226
5241,0.04427480042678988
18566,0.04428262784962857
8452,0.017032182219127598
31753,8.143797632033354E-5
4177,0.06323159721638154
9066,0.015987466191140928
2149,0.4381264206021879
18551,0.0011580500293194842
27545,0.0010802652854798602
8339,0.19303082690346074
13032,0.03680813511883979
9011,0.24020672032113607
26811,0.001139051728490896
5700,0.05966710865803227
18504,0.0021262203310952682
18641,0.007222393789108387
18514,3.4260594557976667E-4
8228,0.0442478445573549
10236,0.006793465110886744
27629,0.012132781010510322
5281,0.04439890567616693
27578,0.009267057758644918
26822,1.172412897212683E-5
2125,0.05232139399915105
18573,0.23101053624026768
5767,0.07014872002713317
9797,0.0268146187044471
30757,1.1034789587650574E-5
6323,0.04351118112067253
27640,0.010010165885012395
2656,0.030597261129893864
5731,0.044546278577514774
8254,0.010867605009447591
9032,0.614960278511255
6337,4.97674319294949E-4
9747,0.006130591473251803
5637,0.04451804221841723
6047,0.009224704502300902
6066,0.040361365909156656
3361,0.03423110907809197
4157,0.4073498444052347
6328,0.16881356712043338
17962,6.87419030888099E-4
9755,0.014896041232359858
27704,6.715880527708755E-6
2567,0.0336480473309772
8370,0.24294208569427753
10165,0.002394978854087864
17947,0.04431004243053064
2424,0.025748012722312235
31755,0.023502262841859727
8361,0.005250600316859816
27872,5.655206941632795E-4
5709,0.044406532773022915
27670,4.3586363693997396E-5
8386,0.5184073393317601
9788,0.007309285242378325
8405,0.044340505615963366
10224,0.003906538650265373
26796,0.029115677111258228
5220,0.1489352760237624
9767,0.04421660947667681
6046,0.6020116318121793
33003,0.04426664421926396
18579,0.04442922072286596
5248,0.04437358209384116
8458,0.0015741833578583068
8230,0.0444191579482349
6330,4.5348915935804787E-4
6058,0.04443232076626317
8327,0.04450831808122952
8350,0.007771346564543706
32994,3.8213443620307004E-4
6322,0.1862987986179947
9802,0.0023994936826468786
8459,0.24100092700033296
26837,8.590834928298052E-4
9779,0.044491009204992805
18517,0.007750014757784083
8229,0.03506447483276576
5258,0.04426692601294492
8482,0.04298370558184495
9783,0.04437638011387171
27667,7.841245428843982E-4
8334,0.0932383882357204
8267,0.04438288425121355
2145,0.04442541145649782
5657,0.23663085093447536
31750,0.027071452381999404
2554,0.04442773365011164
8403,0.2351368541425657
2534,0.16867589140535239
8233,0.023816167929043876
2586,0.044335754308425526
8421,0.04442389238257322
2171,0.0023237448249419763
27593,0.01268958571930028
18516,0.002251903001700528
8397,0.33708602093110096
8428,0.02705608317244975
26813,8.016349293271782E-4
3352,0.010071443806767843
8474,0.04528659689568763
10207,0.011419801089762741
6076,0.06817037408802826
2565,0.024103772787129062
9037,0.042778642770895145
8481,0.1050365699289008
547,0.008279917459261656
2556,0.9500566233192366
6065,0.044396192217903994
5218,0.014491518735174326
9792,0.08410351883726566
26823,1.7183528105893357E-4
4185,0.23248942740595238
8235,0.7204503653498204
18536,0.044471245814782505
13024,0.044322557075268394
2687,0.039888800640478485
8450,0.015564183064263435
3327,0.14536330566046882
8325,0.044348517573918445
9008,0.03784966159001107
12540,0.03536719780224723
3346,0.04439278914370663
13037,0.04453150386705183
8358,0.04449034056460507
17951,0.04452263052523505
8330,0.044224762606653055
8396,0.044524535700357686
2121,0.04757055503243447
26802,1.7734504747854265E-5
5236,0.044294081246379645
5298,0.12479468186885334
2179,0.024120854816415613
31726,6.487023808159079E-5
4188,0.05473989613173283
9051,0.02079857732511268
6314,0.04423363648454811
10234,0.044561231204424234
8435,0.04428505321833368
12556,2.6403866027427094E-4
5252,0.06833745321815365
9061,0.03788476186986237
8440,0.1265697584937871
18618,0.02020196978927149
2161,0.07429897333214616
2082,0.019042865092435506
8417,0.06649451448795536
8373,0.0198511399742732
24771,0.044297450737871745
18606,0.0060691339086371855
2466,0.32178071467773156
26877,1.1137917184660038E-4
5276,0.04449938417373048
9016,0.022579563786840867
12553,0.2982917802022013
4210,0.033195555316004835
8345,0.006358744724744958
6324,1.6955550956076066E-4
8462,0.1595384867269004
27576,0.008845075950079696
17955,0.04452791522805701
8301,0.044492406814092764
9046,0.04451248381345448
6319,0.027916605875560194
13049,0.04428915324140971
21091,0.04438566632368473
19856,0.03160976089441554
8467,0.10202778240457495
6338,0.044497472524665876
12557,0.008215354845227141
506,0.8749926668169937
516,0.799214145743357
536,0.9211442025634495
509,0.19185777681056776
517,0.9982049790390894
514,0.12045871508370858
508,0.10675833043249086
539,0.4223900663948159
24748,0.08335587126790243
24753,0.17674222526286631
24708,0.07685298641571547
24740,0.03199899047583932
24760,0.044467743504165956
24743,0.006490455378899957
24727,0.04438192494450933
24735,0.058579657378338534
24710,0.06659814434671367
24741,0.04433225184780438
24733,0.08961427500346612
24750,0.006417667273057939
24739,0.004746389109539726
24742,0.021369975725366305
5300,0.9782224823243137
5230,0.9982046275526006
5217,0.8738610721888266
5286,0.9775249360565866
5260,0.933787187296842
5279,0.9950326469170215
5216,0.9810610843694227
5302,0.3127362312366259
5229,0.9179845226557127
5325,0.047328887116728016
5269,0.9997363296586964
5270,0.998202135888996
5319,0.8814651037456945
5339,0.9982105965493288
5308,0.9405868932382386
5247,0.8924076577086292
4530,0.17917098075826393
4536,0.3904181423420739
4542,0.9616393087538095
4532,0.9640091170322119
4525,0.04572581163859089
2633,0.04393117045037426
8272,0.6027931310921099
32656,0.488152794030185
30743,0.9409008369551732
32794,0.028174451426592178
32779,0.9943992414333905
30867,0.7871265536269565
32793,0.11431814967149871
32577,0.3703393359106274
30895,0.012629804273574066
32775,0.9276025517756022
26872,0.521498034203845
32698,0.9878260338319858
30926,0.9279809654774208
32700,0.9981477924297647
30740,0.10371018946258477
26835,0.09009048511272971
32763,0.8348682829144263
32773,0.03188051484108198
32785,0.9842142582906351
30862,0.24540330758933523
32623,0.11564648073171784
32658,0.9843652389272036
32586,0.9982088636663372
32744,0.8076911958639242
30919,0.021023402067043263
32602,0.14245911016410745
32625,0.7893569969882949
32720,0.9963042804059106
30914,0.9867859669967722
32615,0.053527758256233834
32769,0.16545438916986802
4193,0.8400420656995224
525,0.9982055193034397
577,0.9999385097903608
683,0.9982085938298458
27635,0.004240142244279909
27592,0.009909151257250164
2497,0.9958612148308976
2623,0.9998478231973932
2420,0.9999986659581428
2535,0.999851897080008
2429,0.9999719516825244
2692,0.9982121765127846
2100,0.5639700670522622
2526,0.3767838453788554
2479,0.9848051672550333
2521,0.9982035696032637
2513,0.9998096652284802
4535,0.9161916286907356
4521,0.7226382596904253
1107,0.5614374362239632
1378,0.044394461834444746
668,0.04437853576203073
2083,0.04450312666140776
1365,0.04454874891918656
1356,0.04451574541894648
1290,0.5299262205346238
671,0.04445938067468878
650,0.044354783925330044
2132,0.6359678838007321
1306,0.04790855361417272
1301,0.04454043564731764
2111,0.0445250881102375
646,0.005800484423908216
662,0.044443991544286354
2088,0.04449599817603949
588,0.002991479959049177
1127,0.018187784662379042
571,0.008382573092404389
2092,0.04450186679612783
1369,0.3998725959704086
654,0.04436039810712436
601,0.15008666244195995
1122,0.04448687404543731
2185,0.4258065604430189
652,0.019873661238465658
27863,0.028775724902600653
27854,0.27716611546789766
27867,0.04429733159150364
27893,0.04441858763338009
27885,0.03830092709329473
22484,0.04440937100089908
2152,0.04452219990155784
2151,0.10944467648387636
2176,0.9432500205818357
21084,7.090225803076549E-4
21094,0.044540953261977954
30595,6.684861128409683E-4
30597,0.04435766962863416
549,0.9982032397321612
553,0.381717323664045
542,0.999449256740391
535,0.6412492891636947
554,0.5932803799431795
524,0.948637067902558
537,0.9981470044855456
531,0.6517611020277986
556,0.9560036843228624
510,0.8832096202130663
2228,0.4087230375863881
3423,0.010101452900542946
2193,0.044349013487701046
3414,0.32815459818748416
3396,0.04437585787854323
17701,0.04789305057316995
6331,0.9982035533288545
9048,0.044374102345089
9054,0.07796977995523319
18621,0.9702323728653706
8437,0.9989632668683641
8436,0.01418496787170181
8415,0.2524473413721734
8434,0.31320596933320577
31731,6.970679710797158E-4
31733,0.006561735207384155
18817,0.008750833161764459
