a4,a106,p85912
a4,a498,p126318
a4,a689,p126206
a4,a280,p141402
a4,a106,p86072
a4,a227,p146440
a4,a385,p142277
a4,a689,p86006
a4,a385,p141857
a4,a689,p126526
a4,a194,p83218
a4,a385,p142305
a4,a106,p80314
a4,a689,p85812
a4,a385,p142109
a4,a344,p73234
a4,a194,p84682
a4,a689,p85760
a4,a24,p126580
a4,a106,p85824
a4,a689,p85818
a4,a498,p126269
a4,a56,p80914
a4,a24,p94443
a4,a371,p85604
a4,a106,p73186
a4,a343,p126322
a4,a689,p82594
a4,a106,p80794
a4,a689,p126457
a4,a329,p85654
a4,a106,p82714
a4,a275,p81562
a4,a627,p94743
a4,a385,p141955
a4,a689,p141255
a4,a24,p126246
a4,a106,p73858
a4,a24,p94691
a4,a4,p85858
a4,a24,p94675
a4,a385,p141360
a4,a344,p73090
a4,a106,p83410
a4,a689,p94507
a4,a689,p85582
a4,a130,p80362
a4,a109,p83362
a4,a329,p85738
a4,a385,p141878
a4,a329,p85662
a4,a689,p126232
a4,a24,p126373
a4,a24,p126451
a4,a689,p126237
a4,a689,p84850
a4,a106,p85844
a4,a106,p86004
a4,a689,p126304
a4,a498,p85968
a4,a106,p85628
a4,a106,p82306
a4,a689,p81658
a4,a689,p126251
a4,a498,p85958
a4,a106,p85990
a4,a24,p94467
a4,a317,p28887
a4,a24,p94543
a4,a398,p141430
a4,a689,p85954
a4,a4,p126233
a4,a689,p85878
a4,a861,p85798
a4,a359,p85962
a4,a227,p146460
a4,a689,p146475
a4,a24,p126346
a4,a627,p86012
a4,a194,p85928
a4,a343,p126294
a4,a689,p85780
a4,a689,p85902
a4,a689,p82450
a4,a24,p94471
a4,a106,p85708
a4,a243,p126334
a4,a280,p146420
a4,a254,p142270
a4,a106,p85974
a4,a689,p85670
a4,a689,p142368
a4,a24,p126574
a4,a24,p126203
a4,a861,p85796
a4,a24,p94671
a4,a385,p141276
a4,a24,p94623
a4,a280,p146441
a4,a24,p126595
a4,a385,p142144
a4,a254,p142312
a4,a689,p85966
a4,a24,p126244
a4,a106,p74050
a4,a689,p85816
a4,a106,p77746
a4,a106,p82906
a4,a689,p146471
a4,a24,p126313
a4,a689,p85940
a4,a24,p94599
a4,a359,p85786
a4,a4,p85882
a4,a689,p75226
a4,a243,p126211
a4,a689,p85856
a4,a689,p84610
a4,a545,p82378
a4,a812,p94667
a4,a499,p74098
a4,a689,p75370
a4,a689,p126514
a4,a689,p85910
a4,a385,p142046
a4,a227,p146532
a9,a689,p234319
a13,a767,p130758
a973,a123,p246991
a973,a123,p246844
a973,a255,p246774
a973,a698,p246981
a973,a123,p247058
a973,a123,p246834
a973,a255,p246742
a973,a698,p246976
a973,a123,p246997
a973,a123,p247054
a973,a123,p246842
a973,a123,p246873
a973,a689,p246841
a973,a255,p246778
a973,a123,p246986
a973,a280,p246833
a973,a123,p247280
a973,a255,p246780
a973,a510,p246777
a973,a509,p246786
a973,a255,p246850
a973,a243,p247282
a973,a255,p246830
a973,a255,p246750
a973,a123,p246931
a973,a1017,p247283
a973,a255,p246874
a973,a782,p246998
a973,a255,p246832
a22,a861,p58687
a26,a174,p3816
a26,a206,p3270
a26,a206,p3309
a26,a108,p3868
a26,a206,p3426
a26,a579,p4011
a26,a579,p4050
a26,a108,p3738
a26,a579,p3933
a26,a579,p4193
a26,a108,p3777
a26,a579,p3725
a26,a579,p3608
a26,a650,p3985
a26,a206,p3088
a26,a108,p3790
a26,a206,p3036
a27,a476,p162972
a31,a521,p48465
a31,a367,p58995
a31,a198,p48437
a31,a367,p58709
a31,a367,p58885
a237,a123,p247154
a237,a123,p247112
a237,a123,p247186
a47,a162,p162992
a47,a27,p162980
a56,a106,p81010
a56,a106,p76378
a56,a575,p80890
a56,a106,p81058
a56,a106,p72850
a56,a106,p76354
a56,a106,p76258
a56,a499,p76306
a56,a627,p73018
a56,a627,p76330
a56,a106,p80770
a56,a106,p76282
a56,a344,p76210
a56,a4,p80962
a57,a344,p146282
a57,a231,p94925
a57,a231,p95036
a66,a425,p184930
a68,a123,p12863
a70,a421,p68961
a496,a275,p71730
a98,a797,p186722
a98,a280,p186794
a104,a198,p34022
a104,a986,p21238
a104,a986,p53135
a104,a986,p53153
a104,a986,p53169
a104,a827,p53121
a110,a880,p87311
a112,a785,p10505
a112,a78,p10991
a711,a585,p238937
a119,a126,p147412
a119,a371,p68918
a119,a530,p147394
a138,a367,p48229
a150,a280,p171939
a150,a137,p171953
a150,a137,p171969
a150,a605,p171943
a150,a720,p171928
a156,a684,p123882
a893,a123,p233360
a893,a123,p224943
a158,a558,p195837
a34,a35,p227850
a34,a252,p228762
a34,a647,p231004
a34,a647,p231061
a34,a647,p228344
a549,a932,p20810
a201,a343,p51879
a201,a1023,p52005
a201,a1023,p51735
a202,a239,p197587
a204,a109,p141647
a212,a473,p114586
a212,a767,p128418
a212,a958,p123732
a212,a24,p118250
a212,a897,p126051
a212,a280,p126037
a212,a889,p123372
a212,a24,p118314
a212,a666,p126079
a212,a242,p112282
a212,a242,p112602
a212,a280,p126061
a212,a198,p130476
a212,a115,p115562
a212,a551,p115178
a212,a280,p116858
a212,a280,p116538
a212,a212,p114650
a212,a24,p114010
a212,a106,p128370
a212,a212,p126028
a212,a24,p114314
a212,a551,p114170
a212,a421,p126048
a212,a424,p117354
a212,a473,p126041
a212,a666,p126077
a212,a574,p115642
a212,a897,p126023
a226,a794,p238565
a49,a669,p58830
a49,a367,p58764
a49,a371,p58731
a231,a859,p196707
a232,a166,p127132
a232,a166,p126920
a232,a343,p126940
a232,a346,p126888
a232,a70,p126904
a233,a421,p184594
a234,a861,p126400
a234,a861,p126463
a234,a861,p126487
a234,a812,p126517
a903,a346,p127072
a903,a868,p126876
a903,a170,p164350
a903,a619,p222693
a903,a326,p12827
a903,a170,p173125
a903,a794,p180819
a903,a984,p222689
a903,a343,p222749
a903,a619,p222718
a903,a368,p164347
a33,a932,p20644
a33,a932,p20340
a33,a705,p21016
a33,a923,p20988
a33,a932,p21026
a33,a932,p20770
a33,a932,p20678
a33,a932,p20854
a33,a339,p20498
a33,a932,p20224
a33,a932,p20698
a240,a812,p147421
a63,a2,p222690
a63,a121,p222755
a249,a548,p147448
a252,a649,p250588
a252,a351,p2973
a252,a903,p250400
a252,a752,p250704
a252,a123,p250804
a255,a137,p246771
a255,a698,p246799
a255,a973,p246744
a255,a497,p246740
a255,a280,p246795
a255,a510,p246773
a255,a973,p246779
a255,a698,p246802
a255,a510,p246804
a255,a510,p247045
a255,a255,p246764
a255,a698,p246805
a255,a973,p246763
a255,a973,p246776
a255,a973,p246751
a255,a973,p246770
a258,a47,p162940
a260,a104,p53089
a605,a280,p71994
a605,a280,p71738
a605,a280,p71890
a605,a587,p171941
a605,a150,p171923
a605,a720,p71962
a605,a280,p72050
a605,a280,p71986
a605,a666,p171950
a605,a280,p171951
a605,a136,p71778
a605,a666,p171960
a605,a880,p71546
a605,a136,p71698
a605,a280,p71586
a605,a808,p71714
a605,a136,p71642
a605,a587,p171942
a605,a280,p71666
a605,a880,p71882
a605,a605,p171957
a605,a136,p71754
a605,a880,p71578
a605,a280,p71538
a605,a150,p171926
a605,a136,p71906
a605,a698,p171956
a605,a280,p171940
a605,a280,p71530
a269,a1007,p250104
a269,a350,p250072
a269,a1007,p250016
a271,a710,p12935
a271,a710,p10343
a271,a371,p231023
a271,a78,p20542
a271,a421,p230852
a271,a271,p231042
a271,a710,p13025
a271,a710,p11891
a271,a896,p20384
a271,a932,p20376
a271,a421,p227109
a271,a710,p13097
a620,a880,p172565
a620,a835,p172637
a620,a827,p172545
a620,a827,p172513
a620,a827,p172621
a620,a827,p172577
a275,a689,p68962
a277,a39,p86717
a285,a695,p2992
a285,a827,p3002
a698,a240,p194567
a698,a240,p178365
a698,a280,p178059
a698,a123,p218691
a698,a636,p178206
a698,a280,p178149
a698,a123,p218667
a698,a123,p218651
a698,a280,p178392
a698,a280,p178131
a698,a280,p178239
a698,a123,p219019
a698,a689,p178101
a698,a587,p196167
a698,a243,p245577
a698,a280,p178125
a698,a123,p219007
a698,a280,p178419
a698,a243,p245505
a287,a216,p47897
a287,a216,p47821
a287,a198,p47909
a287,a198,p48609
a287,a216,p48345
a287,a287,p47809
a287,a216,p47805
a287,a198,p47937
a287,a287,p47921
a287,a198,p48385
a287,a287,p48381
a287,a198,p47917
a288,a227,p146531
a730,a326,p225646
a291,a710,p11729
a291,a922,p12575
a292,a986,p53103
a298,a320,p60136
a299,a243,p178374
a300,a587,p195987
a308,a827,p19903
a43,a932,p20938
a43,a932,p20898
a916,a987,p178176
a916,a239,p197097
a587,a280,p147495
a322,a123,p230282
a322,a123,p230073
a324,a548,p61102
a324,a932,p60251
a324,a324,p60895
a324,a548,p61056
a324,a56,p61378
a324,a662,p60849
a324,a681,p61125
a330,a923,p28335
a951,a226,p240983
a357,a137,p234064
a340,a986,p53167
a343,a689,p246445
a343,a24,p126278
a343,a385,p141213
a343,a551,p245307
a343,a689,p234784
a343,a501,p172449
a343,a24,p126256
a343,a689,p126556
a343,a689,p218639
a343,a280,p28599
a343,a785,p234399
a343,a954,p172437
a343,a689,p234139
a343,a24,p126249
a343,a24,p126319
a343,a24,p126330
a343,a785,p234204
a343,a636,p234819
a343,a689,p246379
a343,a689,p234189
a343,a421,p234424
a343,a24,p126262
a343,a689,p234754
a343,a24,p126270
a343,a627,p126228
a343,a421,p234874
a343,a243,p245517
a343,a689,p146428
a343,a24,p126276
a343,a243,p172413
a343,a689,p246415
a343,a636,p234879
a343,a109,p126293
a343,a24,p126475
a343,a421,p234844
a343,a243,p245391
a343,a689,p234789
a343,a550,p234919
a343,a689,p234484
a343,a689,p146539
a343,a689,p234964
a343,a20,p141983
a343,a689,p246385
a343,a421,p234114
a343,a599,p245295
a343,a689,p234849
a343,a421,p246391
a343,a24,p126354
a343,a343,p234134
a343,a689,p234454
a343,a636,p234219
a343,a689,p146422
a343,a280,p172421
a351,a695,p2966
a351,a695,p2976
a351,a355,p2995
a351,a939,p2969
a351,a476,p2977
a351,a476,p2974
a351,a355,p2968
a351,a877,p2998
a355,a695,p3008
a355,a695,p3012
a355,a695,p3001
a355,a695,p2994
a355,a695,p3015
a355,a252,p2984
a355,a351,p2996
a355,a695,p2990
a355,a695,p3013
a355,a695,p2970
a359,a627,p85660
a359,a545,p85784
a359,a4,p85810
a359,a4,p86084
a366,a956,p185970
a366,a123,p184250
a366,a137,p184050
a366,a956,p185954
a366,a976,p185938
a366,a137,p186890
a366,a649,p186650
a366,a137,p185306
a366,a137,p184690
a366,a137,p184338
a366,a371,p185146
a366,a824,p186210
a366,a137,p184354
a366,a956,p186578
a366,a956,p186050
a366,a137,p184226
a366,a956,p184002
a366,a137,p184322
a366,a421,p186562
a366,a956,p184378
a366,a300,p184762
a366,a137,p184786
a366,a551,p185834
a366,a137,p185730
a366,a956,p185794
a366,a371,p185674
a366,a137,p185234
a366,a976,p186450
a366,a421,p184698
a366,a371,p185754
a366,a551,p185882
a366,a976,p186346
a366,a137,p185106
a366,a824,p185778
a366,a137,p185090
a366,a976,p185906
a366,a956,p185770
a366,a956,p186146
a366,a137,p186362
a366,a137,p184010
a366,a371,p185626
a366,a824,p185866
a366,a371,p184946
a366,a371,p185122
a366,a137,p185458
a366,a137,p185194
a366,a371,p185642
a366,a976,p186394
a366,a137,p184298
a366,a137,p186666
a366,a996,p184610
a366,a137,p185618
a366,a976,p184490
a366,a976,p184922
a366,a137,p184194
a366,a137,p185370
a366,a551,p186466
a366,a824,p186002
a366,a649,p186082
a366,a137,p186410
a366,a366,p184826
a366,a421,p185130
a366,a976,p186434
a366,a649,p186170
a366,a421,p184858
a366,a421,p185058
a366,a137,p186802
a366,a137,p186338
a366,a137,p185282
a366,a976,p184842
a366,a137,p184754
a366,a300,p186570
a366,a421,p184426
a366,a976,p185378
a366,a551,p186202
a366,a551,p186066
a366,a551,p186602
a366,a976,p184722
a366,a976,p184890
a366,a137,p185482
a366,a649,p186226
a366,a137,p186922
a366,a137,p186906
a366,a649,p186122
a366,a649,p186114
a366,a551,p186626
a366,a976,p186594
a366,a976,p185402
a366,a137,p185434
a366,a137,p186586
a366,a976,p185922
a366,a137,p184154
a366,a137,p186482
a366,a137,p184450
a366,a558,p186058
a366,a137,p186858
a366,a649,p186162
a366,a137,p186642
a366,a996,p186178
a366,a137,p186874
a366,a137,p186842
a366,a137,p184482
a366,a824,p185826
a366,a137,p186378
a366,a137,p185266
a366,a137,p184138
a366,a551,p186322
a366,a366,p184018
a366,a956,p186274
a366,a371,p184794
a366,a137,p184810
a366,a300,p185170
a366,a642,p185114
a366,a956,p185986
a366,a824,p186290
a366,a956,p185874
a366,a137,p185330
a366,a137,p186770
a366,a976,p185418
a366,a956,p186018
a366,a956,p186242
a366,a371,p185658
a366,a137,p184066
a366,a137,p184714
a366,a137,p185250
a366,a956,p186258
a366,a137,p184674
a366,a371,p184914
a366,a421,p185738
a366,a137,p185698
a366,a421,p184874
a250,a371,p127662
a250,a137,p129678
a250,a371,p127518
a250,a371,p127770
a250,a371,p129762
a250,a371,p127590
a250,a232,p127416
a250,a473,p127482
a250,a767,p127944
a382,a863,p20370
a382,a382,p20608
a382,a863,p20964
a382,a863,p20320
a382,a932,p20990
a382,a382,p20932
a382,a923,p20858
a382,a863,p20788
a382,a880,p21066
a382,a932,p20844
a382,a880,p21014
a382,a932,p20600
a382,a880,p21080
a382,a382,p20992
a382,a880,p21058
a382,a923,p20632
a384,a649,p184370
a384,a720,p186698
a385,a1017,p247284
a385,a761,p247318
a385,a1017,p247273
a385,a720,p213727
a385,a1017,p247275
a385,a551,p213399
a385,a976,p211144
a390,a343,p51141
a390,a557,p51375
a399,a754,p162788
a417,a70,p123242
a418,a423,p19567
a418,a791,p19897
a418,a791,p19647
a425,a649,p184202
a425,a649,p184026
a425,a280,p186778
a425,a425,p184210
a425,a137,p184618
a425,a551,p183970
a425,a720,p184218
a425,a551,p184186
a425,a976,p184634
a425,a551,p184498
a425,a626,p185154
a425,a698,p184530
a425,a976,p184626
a425,a698,p184514
a425,a367,p186954
a425,a371,p186946
a433,a548,p51321
a1000,a652,p50709
a445,a123,p194887
a445,a550,p234279
a445,a689,p195037
a445,a445,p234174
a445,a726,p234439
a445,a558,p194907
a445,a371,p234284
a445,a240,p195307
a445,a123,p194507
a445,a551,p218645
a445,a689,p218649
a445,a371,p234269
a445,a123,p194957
a445,a233,p245367
a445,a976,p194627
a445,a636,p234289
a445,a634,p195117
a445,a123,p195077
a445,a123,p195737
a445,a551,p195347
a445,a550,p234169
a445,a240,p195357
a445,a558,p219005
a445,a619,p218841
a445,a550,p234274
a445,a551,p218847
a445,a551,p218999
a666,a1017,p246924
a666,a460,p127188
a666,a326,p199834
a666,a371,p128106
a666,a1017,p246950
a666,a720,p123022
a666,a212,p126078
a666,a1017,p246933
a666,a166,p130506
a666,a365,p128238
a666,a720,p171962
a666,a326,p199904
a666,a326,p199526
a666,a767,p129780
a666,a1017,p246898
a666,a166,p128838
a666,a600,p130638
a666,a460,p130206
a666,a460,p129918
a666,a767,p130020
a666,a166,p130116
a666,a767,p130002
a666,a326,p200044
a666,a782,p247089
a666,a794,p171961
a666,a232,p129930
a666,a767,p130038
a666,a198,p128994
a666,a497,p246964
a666,a424,p200296
a666,a137,p201052
a666,a166,p129372
a666,a371,p127992
a666,a198,p128388
a666,a758,p129936
a666,a767,p129756
a666,a365,p128094
a666,a460,p130272
a666,a326,p199722
a666,a767,p130056
a666,a166,p130512
a666,a232,p128598
a452,a986,p21187
a728,a666,p246957
a749,a551,p162828
a753,a231,p95162
a753,a320,p95009
a465,a178,p48305
a465,a106,p47765
a476,a285,p2980
a476,a649,p250844
a476,a939,p68956
a476,a473,p162948
a476,a317,p68926
a476,a126,p68939
a476,a827,p68953
a476,a351,p2975
a476,a500,p68914
a476,a649,p250364
a476,a555,p68913
a476,a695,p2972
a477,a617,p20085
a477,a615,p19619
a477,a198,p34024
a477,a615,p19963
a477,a615,p19761
a477,a617,p20033
a477,a615,p19639
a477,a615,p20095
a477,a617,p20063
a477,a617,p19693
a477,a615,p19825
a477,a367,p19945
a477,a615,p19751
a477,a615,p19905
a483,a932,p21018
a545,a689,p246859
a545,a123,p246987
a545,a123,p247028
a545,a123,p247031
a545,a106,p48125
a545,a123,p246927
a545,a666,p246901
a545,a740,p247251
a545,a689,p48749
a545,a689,p47605
a545,a106,p47653
a545,a137,p247246
a545,a123,p247040
a545,a689,p47841
a545,a123,p246923
a545,a689,p246861
a545,a740,p247257
a545,a689,p48741
a545,a123,p247245
a545,a106,p47829
a545,a123,p247156
a545,a689,p47613
a545,a123,p247102
a545,a740,p246945
a545,a280,p247306
a545,a761,p247185
a545,a666,p247101
a545,a740,p247106
a545,a106,p47749
a545,a106,p48165
a545,a106,p48481
a545,a689,p47853
a545,a469,p247236
a545,a123,p247090
a545,a106,p47677
a545,a545,p48737
a545,a123,p247104
a493,a186,p28303
a493,a125,p28655
a494,a243,p245223
a494,a243,p245613
a494,a243,p245571
a494,a636,p246397
a494,a243,p245313
a494,a343,p245397
a935,a346,p126944
a498,a558,p195627
a498,a510,p245283
a498,a698,p245589
a498,a513,p195397
a498,a498,p126649
a498,a539,p146494
a498,a539,p146445
a498,a498,p126323
a498,a689,p146427
a498,a689,p234474
a498,a212,p126646
a498,a689,p126676
a498,a539,p146487
a498,a487,p126321
a498,a498,p146430
a498,a498,p234479
a498,a342,p126340
a498,a109,p75058
a498,a897,p146481
a498,a861,p126670
a498,a243,p146518
a498,a498,p146459
a498,a689,p126685
a498,a4,p85964
a498,a636,p234309
a498,a539,p146495
a498,a343,p126263
a498,a4,p146476
a498,a539,p146497
a498,a812,p126562
a498,a498,p126307
a498,a689,p146436
a498,a839,p146491
a498,a487,p126209
a498,a140,p218625
a498,a194,p85762
a498,a243,p146521
a498,a551,p146463
a498,a123,p195597
a498,a498,p146431
a498,a498,p146498
a498,a551,p196997
a498,a243,p126697
a498,a861,p126284
a498,a487,p126303
a498,a976,p219031
a498,a689,p85956
a498,a498,p75274
a498,a839,p146485
a498,a627,p74938
a498,a689,p146507
a498,a140,p218621
a498,a494,p245403
a498,a4,p126315
a498,a558,p218615
a498,a243,p146479
a499,a106,p74026
a504,a619,p10307
a508,a186,p28527
a78,a710,p10667
a78,a641,p763
a78,a710,p11945
a78,a932,p20686
a78,a641,p1075
a78,a710,p11675
a78,a710,p11873
a78,a932,p20718
a78,a932,p20586
a78,a932,p20970
a78,a641,p723
a78,a710,p12737
a78,a932,p20690
a78,a641,p819
a78,a710,p10775
a78,a710,p10541
a78,a641,p939
a78,a480,p20712
a78,a932,p20518
a78,a710,p12125
a78,a78,p20578
a78,a710,p10739
a78,a923,p20808
a78,a641,p907
a78,a641,p923
a78,a710,p11963
a78,a641,p851
a78,a932,p20574
a78,a641,p1131
a78,a710,p12629
a78,a710,p12773
a78,a710,p10415
a78,a641,p1083
a78,a710,p12341
a78,a710,p11603
a78,a932,p20746
a78,a78,p20576
a78,a932,p20820
a78,a710,p10091
a78,a641,p995
a78,a710,p12953
a78,a932,p20946
a78,a641,p1051
a78,a710,p13079
a78,a641,p931
a78,a480,p20716
a78,a641,p867
a78,a641,p987
a78,a710,p13043
a78,a484,p20708
a78,a710,p11423
a78,a291,p12701
a78,a641,p875
a78,a932,p21084
a528,a827,p146298
a529,a781,p50637
a529,a932,p20640
a529,a78,p20816
a529,a932,p20652
a529,a628,p52257
a529,a923,p20628
a529,a781,p49935
a529,a529,p51663
a529,a842,p51465
a529,a433,p51393
a99,a320,p94799
a488,a692,p68545
a544,a424,p199680
a544,a859,p199078
a544,a815,p184562
a544,a859,p199316
a546,a280,p161560
a546,a399,p162628
a546,a333,p162836
a546,a754,p71946
a548,a119,p147484
a548,a530,p147493
a548,a225,p147367
a558,a106,p213932
a558,a956,p186042
a906,a243,p245553
a561,a186,p28975
a565,a986,p21901
a567,a710,p12917
a567,a710,p12161
a568,a557,p51537
a572,a976,p184170
a358,a551,p197047
a358,a739,p197107
a368,a368,p173813
a368,a124,p173285
a368,a953,p164290
a368,a368,p173797
a368,a655,p173349
a368,a344,p172981
a368,a903,p181004
a368,a655,p173669
a368,a911,p164320
a576,a1017,p250132
a576,a731,p3009
a576,a166,p3019
a579,a791,p19973
a579,a615,p19741
a579,a615,p19811
a579,a423,p19637
a579,a206,p21272
a579,a26,p4219
a579,a206,p3504
a579,a986,p4115
a579,a791,p19627
a579,a615,p20037
a579,a206,p19931
a579,a206,p22105
a579,a615,p19921
a579,a26,p3296
a579,a615,p19747
a579,a791,p19613
a579,a206,p3153
a579,a615,p19957
a579,a615,p19893
a579,a615,p19719
a579,a615,p19733
a579,a603,p19919
a579,a615,p19661
a579,a791,p19981
a579,a615,p19725
a579,a615,p19559
a579,a26,p4037
a579,a26,p4063
a579,a206,p19829
a579,a26,p3998
a579,a615,p19865
a579,a615,p20029
a579,a196,p3712
a579,a791,p19985
a579,a615,p19695
a579,a615,p19937
a579,a206,p21323
a579,a26,p3673
a579,a791,p19879
a579,a206,p21867
a579,a615,p19939
a579,a615,p19997
a579,a206,p3205
a579,a615,p19549
a140,a798,p218663
a140,a550,p234364
a140,a140,p218635
a140,a550,p234574
a140,a798,p218745
a140,a123,p218655
a140,a123,p218759
a140,a123,p218753
a140,a689,p218675
a140,a689,p218659
a225,a548,p147403
a602,a371,p124022
a607,a271,p231118
a612,a198,p127740
a612,a232,p128706
a612,a371,p127260
a612,a371,p128208
a612,a198,p127752
a612,a365,p127698
a612,a198,p128004
a612,a198,p128700
a612,a600,p129090
a612,a232,p127296
a612,a839,p128154
a612,a232,p128148
a612,a166,p130656
a612,a720,p128136
a612,a232,p129798
a612,a106,p127704
a612,a889,p127380
a612,a166,p127248
a612,a280,p127686
a612,a889,p128040
a612,a232,p128292
a612,a758,p127392
a612,a232,p127374
a612,a166,p130152
a612,a232,p127692
a612,a232,p128682
a612,a166,p128688
a612,a166,p127968
a612,a232,p128142
a612,a232,p128160
a615,a579,p19721
a615,a791,p20081
a615,a206,p19887
a615,a477,p19685
a615,a308,p19801
a615,a784,p19663
a615,a579,p19649
a615,a579,p19901
a615,a206,p19891
a615,a579,p20011
a615,a579,p19821
a615,a579,p19823
a615,a391,p19547
a615,a615,p19585
a615,a617,p19745
a615,a615,p19917
a615,a206,p19701
a615,a932,p19909
a615,a477,p19863
a615,a615,p19723
a615,a391,p20111
a615,a206,p19925
a615,a615,p19883
a615,a579,p19697
a615,a827,p19569
a615,a477,p19787
a615,a402,p34026
a615,a784,p19827
a615,a687,p34011
a615,a391,p19993
a615,a784,p19995
a615,a579,p20017
a615,a615,p19785
a615,a402,p19899
a615,a579,p19805
a615,a583,p34006
a615,a579,p19783
a615,a615,p19889
a615,a791,p19881
a615,a391,p20069
a615,a477,p19763
a615,a402,p34019
a615,a583,p34008
a615,a912,p19553
a615,a579,p19739
a615,a477,p20105
a615,a473,p19839
a615,a477,p19715
a615,a579,p19673
a615,a391,p20067
a615,a206,p19731
a615,a615,p20007
a615,a855,p19667
a615,a477,p19623
a615,a579,p19711
a615,a391,p19929
a615,a784,p19629
a615,a402,p34016
a615,a579,p19729
a615,a477,p19947
a615,a579,p20003
a615,a391,p19911
a615,a579,p19767
a615,a473,p20103
a615,a391,p20023
a615,a579,p19643
a626,a649,p185098
a626,a367,p185610
a626,a839,p185298
a626,a198,p48237
a626,a720,p185490
a627,a106,p74122
a627,a24,p126436
a627,a24,p94715
a627,a689,p83122
a627,a106,p86016
a627,a344,p84202
a627,a106,p72970
a627,a106,p73138
a627,a861,p94731
a627,a371,p74218
a627,a24,p126226
a627,a689,p74914
a627,a689,p84466
a627,a689,p83026
a627,a106,p80146
a627,a24,p126225
a627,a24,p94635
a627,a689,p126730
a627,a106,p83866
a627,a689,p85838
a627,a106,p73522
a627,a106,p86000
a627,a689,p72226
a627,a24,p94711
a627,a689,p74410
a627,a689,p79234
a627,a106,p73474
a627,a24,p126220
a627,a24,p94571
a627,a106,p73570
a627,a275,p80026
a627,a689,p86028
a627,a689,p81082
a627,a627,p74434
a627,a106,p77794
a627,a689,p79930
a627,a106,p83650
a627,a106,p76786
a627,a106,p76018
a627,a24,p94747
a627,a106,p78538
a627,a106,p83938
a627,a106,p86018
a627,a689,p72418
a627,a24,p94583
a627,a689,p72946
a627,a106,p77314
a627,a545,p81826
a627,a689,p126234
a627,a359,p85830
a627,a689,p126427
a627,a24,p126221
a627,a539,p126613
a627,a106,p85688
a627,a106,p85744
a627,a689,p86022
a627,a24,p94519
a627,a24,p126703
a627,a24,p126213
a627,a106,p86036
a627,a627,p94703
a627,a689,p72202
a627,a194,p82810
a627,a106,p84298
a627,a106,p76738
a627,a329,p85836
a627,a194,p83338
a627,a106,p79954
a627,a861,p82186
a627,a106,p76186
a627,a106,p79522
a627,a106,p83674
a627,a24,p126367
a627,a24,p94611
a627,a689,p126292
a627,a689,p83962
a627,a627,p94431
a627,a343,p126230
a627,a689,p126324
a627,a689,p85782
a627,a689,p76762
a627,a106,p77266
a627,a371,p74146
a627,a861,p126235
a627,a106,p75874
a627,a109,p74770
a627,a106,p85692
a627,a109,p74866
a627,a194,p79282
a627,a194,p83818
a627,a106,p81394
a627,a106,p72922
a627,a109,p94727
a627,a106,p85600
a627,a106,p75970
a627,a861,p126295
a627,a689,p94751
a627,a689,p126424
a627,a106,p86026
a627,a106,p72154
a627,a194,p74458
a627,a106,p72994
a627,a106,p86024
a627,a106,p83002
a627,a24,p126223
a627,a4,p85834
a627,a689,p80170
a627,a106,p82930
a627,a106,p72466
a627,a106,p81154
a627,a689,p75442
a627,a689,p84322
a627,a689,p79066
a627,a24,p94719
a627,a689,p94587
a627,a689,p85690
a627,a106,p73450
a627,a106,p75946
a627,a545,p85832
a627,a106,p75994
a661,a334,p146554
a636,a172,p146545
a636,a172,p146551
a636,a172,p146548
a639,a109,p84370
a644,a262,p95180
a644,a462,p122574
a644,a407,p86580
a644,a170,p164383
a644,a473,p49413
a644,a619,p226368
a644,a371,p86445
a644,a1009,p94850
a646,a923,p28615
a646,a923,p28199
a646,a856,p28431
a646,a615,p29239
a646,a923,p28727
a646,a923,p29127
a646,a923,p29015
a646,a566,p29151
a280,a240,p147439
a681,a344,p80578
a681,a106,p80554
a1010,a758,p162596
a1010,a275,p71746
a108,a108,p3920
a108,a26,p3842
a108,a206,p20009
a108,a26,p3881
a108,a26,p3764
a108,a26,p3751
a108,a108,p4024
a108,a37,p146553
a108,a26,p3465
a108,a26,p3829
a108,a26,p3647
a692,a106,p76522
a286,a692,p68515
a286,a231,p68775
a296,a123,p228401
a296,a231,p231384
a296,a984,p224848
a296,a123,p230510
a296,a1007,p230453
a296,a123,p228971
a296,a123,p230301
a296,a123,p229465
a296,a123,p227584
a296,a123,p229959
a296,a344,p231802
a296,a647,p229047
a296,a258,p225665
a296,a431,p231973
a296,a233,p233322
a296,a123,p232999
a296,a123,p228154
a296,a123,p227356
a296,a1007,p227394
a296,a123,p230586
a296,a123,p225893
a296,a123,p227242
a296,a123,p227945
a296,a123,p225684
a296,a344,p231916
a296,a252,p229826
a296,a123,p229807
a296,a647,p231175
a296,a252,p232334
a296,a123,p228895
a296,a123,p227869
a296,a123,p228933
a296,a123,p225741
a296,a123,p229750
a296,a123,p225874
a296,a344,p231764
a296,a1007,p231441
a296,a326,p226919
a296,a252,p231327
a296,a326,p227660
a296,a123,p229161
a649,a243,p197637
a721,a243,p141612
a207,a720,p126064
a207,a70,p126033
a729,a710,p12359
a731,a166,p2991
a736,a194,p78682
a742,a106,p85774
a752,a903,p250700
a755,a260,p47705
a195,a136,p162868
a195,a399,p162572
a195,a136,p162580
a195,a136,p162700
a759,a545,p78394
a761,a1017,p247136
a761,a782,p247141
a761,a794,p247087
a761,a761,p247153
a761,a280,p247194
a761,a280,p247188
a761,a280,p247191
a761,a280,p247200
a761,a761,p247198
a761,a371,p247220
a761,a123,p247298
a761,a1017,p247183
a761,a385,p246739
a761,a761,p247202
a761,a761,p247152
a761,a280,p247174
a761,a761,p247016
a761,a1017,p247140
a761,a740,p247261
a761,a95,p247015
a761,a740,p247145
a761,a280,p247184
a761,a243,p247299
a761,a280,p247196
a761,a1017,p247170
a761,a280,p247203
a761,a761,p247303
a761,a761,p246883
a761,a761,p247137
a761,a782,p247169
a761,a545,p247190
a761,a1017,p247221
a761,a280,p247151
a761,a545,p247121
a762,a478,p88463
a762,a869,p68958
a762,a869,p68923
a762,a126,p68959
a762,a897,p68937
a762,a869,p68911
a762,a31,p53159
a762,a126,p68934
a762,a687,p22071
a762,a39,p86725
a762,a986,p53093
a423,a206,p19969
a423,a784,p19563
a423,a206,p19793
a423,a791,p19581
a423,a932,p20107
a423,a206,p19775
a423,a791,p19681
a423,a206,p19765
a423,a206,p19749
a461,a1009,p95105
a767,a280,p128352
a767,a106,p128400
a767,a666,p129768
a767,a24,p129834
a767,a365,p129900
a767,a342,p128484
a767,a666,p130032
a767,a666,p129786
a767,a666,p130014
a767,a767,p129774
a497,a782,p246960
a497,a666,p246965
a497,a123,p246968
a774,a913,p122580
a774,a641,p1115
a774,a932,p20682
a774,a710,p11711
a774,a710,p12755
a774,a641,p1027
a774,a710,p10523
a774,a710,p10559
a774,a710,p12557
a785,a123,p11981
a785,a983,p231460
a785,a619,p10181
a785,a123,p10811
a785,a123,p12809
a785,a123,p13007
a785,a619,p234062
a785,a896,p234077
a785,a123,p12503
a785,a123,p12899
a785,a112,p11207
a179,a666,p128046
a797,a859,p197227
a798,a123,p218629
a798,a140,p218761
a798,a140,p218619
a509,a137,p246884
a509,a280,p246857
a509,a137,p246781
a509,a137,p246890
a509,a137,p246921
a509,a137,p246845
a509,a243,p246818
a509,a123,p246846
a509,a509,p246782
a509,a123,p246784
a509,a509,p246858
a509,a123,p246756
a724,a6,p222752
a827,a476,p68909
a827,a986,p53105
a827,a477,p19599
a827,a939,p88472
a827,a4,p68902
a827,a986,p53095
a827,a615,p20035
a827,a106,p53145
a827,a198,p34002
a827,a198,p34021
a827,a986,p21816
a827,a869,p68966
a827,a615,p19857
a827,a126,p68896
a827,a391,p19571
a827,a476,p68954
a827,a402,p34001
a827,a980,p88475
a827,a687,p53099
a827,a615,p34013
a827,a126,p53097
a827,a106,p53171
a827,a367,p19831
a827,a615,p19791
a827,a367,p19895
a827,a784,p21663
a827,a289,p68938
a827,a198,p34031
a827,a615,p19853
a827,a756,p3006
a827,a615,p19835
a827,a198,p34020
a827,a986,p53109
a827,a367,p20097
a827,a334,p88460
a827,a986,p21561
a827,a986,p53113
a827,a689,p68964
a827,a391,p19655
a827,a617,p21255
a810,a641,p3361
a810,a641,p3140
a810,a641,p4141
a831,a710,p12323
a832,a720,p162916
a342,a24,p126601
a342,a689,p126335
a342,a24,p126229
a342,a24,p126326
a342,a551,p141192
a342,a689,p126279
a342,a24,p126368
a342,a24,p126673
a342,a24,p126721
a839,a954,p146384
a842,a371,p52203
a842,a529,p51447
a842,a297,p49539
a842,a842,p52041
a842,a529,p52023
a842,a365,p49395
a309,a243,p249988
a309,a903,p250592
a824,a366,p186194
a824,a366,p185762
a824,a366,p185994
a824,a366,p185850
a824,a366,p185810
a824,a366,p186282
a855,a603,p19989
a859,a551,p197237
a859,a545,p196327
a859,a797,p196027
a859,a231,p195907
a859,a551,p196097
a859,a636,p196727
a859,a739,p196037
a859,a545,p196987
a859,a689,p195957
a859,a916,p197117
a859,a739,p196467
a859,a739,p196657
a859,a551,p197147
a859,a976,p196717
a859,a689,p196487
a859,a551,p196637
a859,a739,p196977
a859,a551,p196427
a859,a636,p196337
a859,a636,p197177
a859,a551,p196697
a859,a859,p196047
a859,a551,p197007
a859,a239,p196617
a865,a341,p234504
a865,a689,p234229
a865,a371,p234409
a865,a811,p234304
a869,a762,p68907
a869,a762,p68942
a869,a762,p68921
a869,a126,p68906
a869,a762,p68967
a869,a119,p68912
a869,a762,p68905
a872,a558,p195817
a872,a445,p194897
a873,a615,p34033
a35,a431,p230263
a35,a984,p229427
a35,a123,p232714
a35,a123,p227831
a35,a123,p225228
a35,a123,p227812
a35,a123,p224905
a35,a123,p225855
a35,a123,p232942
a35,a123,p231726
a878,a271,p232600
a880,a827,p68915
a106,a827,p53161
a106,a827,p53137
a106,a126,p53117
a896,a923,p20382
a896,a641,p1123
a896,a339,p20186
a896,a526,p20862
a896,a641,p1099
a896,a880,p87203
a896,a526,p20892
a896,a56,p68665
a896,a488,p68805
a896,a896,p20836
a896,a526,p20610
a896,a557,p68590
a896,a954,p164407
a896,a923,p20412
a896,a794,p234076
a896,a896,p68840
a896,a863,p21060
a896,a932,p20832
a896,a932,p20330
a896,a225,p68725
a896,a407,p94970
a896,a526,p20210
a896,a70,p86560
a230,a902,p47997
a230,a902,p48669
a712,a710,p10721
a712,a710,p12107
a712,a710,p11765
a712,a710,p11027
a712,a710,p11153
a712,a710,p11495
a712,a710,p10235
a712,a710,p10685
a712,a710,p10865
a243,a385,p178320
a243,a636,p245523
a243,a689,p146466
a243,a123,p218727
a243,a280,p178167
a243,a123,p219051
a243,a106,p194747
a243,a24,p126505
a243,a539,p126376
a243,a551,p245289
a243,a24,p126338
a243,a689,p197307
a243,a4,p142284
a243,a861,p126366
a243,a689,p126466
a243,a558,p195977
a243,a300,p195997
a243,a558,p195447
a243,a227,p146542
a243,a689,p197257
a243,a123,p218713
a243,a123,p218867
a243,a494,p245625
a243,a343,p141220
a243,a954,p146450
a243,a494,p245487
a243,a329,p142214
a243,a398,p142151
a243,a689,p146472
a243,a280,p178062
a243,a343,p172433
a243,a689,p178050
a243,a123,p218859
a243,a123,p218685
a243,a398,p141654
a243,a227,p146528
a243,a123,p218949
a243,a123,p195007
a243,a689,p197567
a243,a24,p126282
a243,a123,p218981
a243,a987,p178314
a243,a519,p141850
a243,a24,p126688
a243,a123,p195377
a243,a4,p126271
a243,a689,p126523
a243,a551,p146501
a243,a227,p146473
a243,a227,p146451
a243,a280,p178317
a243,a9,p234384
a243,a280,p146449
a243,a906,p245319
a243,a123,p219001
a243,a227,p146505
a243,a106,p194737
a243,a954,p146435
a243,a689,p196247
a243,a24,p126345
a243,a123,p194797
a243,a558,p194937
a243,a106,p194497
a243,a106,p194477
a243,a501,p172397
a243,a494,p245619
a243,a125,p28399
a243,a550,p234344
a243,a550,p234489
a243,a280,p146523
a243,a689,p126412
a243,a385,p142256
a243,a123,p194847
a243,a811,p178212
a243,a627,p126634
a243,a20,p142179
a243,a123,p218661
a243,a123,p218913
a243,a551,p146455
a243,a24,p126250
a243,a4,p126208
a243,a445,p245385
a243,a440,p194447
a243,a385,p146526
a247,a494,p243215
a907,a371,p130326
a907,a371,p130416
a907,a106,p130236
a910,a24,p94627
a910,a24,p94707
a912,a615,p19717
a925,a218,p164314
a925,a438,p146320
a925,a839,p146404
a933,a545,p47977
a933,a689,p48197
a933,a198,p48057
a438,a718,p146252
a944,a762,p68950
a944,a944,p86743
a944,a1004,p86733
a944,a1004,p86735
a944,a156,p68932
a944,a277,p86739
a955,a692,p68700
a955,a407,p68635
a955,a318,p68630
a955,a692,p68645
a955,a407,p68550
a955,a383,p68540
a955,a692,p68850
a961,a689,p48121
a962,a186,p28631
a962,a186,p28823
a637,a123,p234045
a637,a407,p234053
a637,a794,p234080
a965,a425,p184642
a216,a689,p47665
a216,a689,p48045
a216,a287,p47761
a216,a689,p48201
a216,a275,p47657
a216,a287,p47993
a216,a216,p48509
a216,a216,p48293
a216,a216,p48297
a216,a367,p48505
a216,a106,p48049
a216,a689,p48613
a216,a198,p47797
a216,a933,p48289
a216,a287,p47833
a216,a689,p47697
a216,a669,p47753
a216,a689,p48485
a216,a689,p48569
a216,a689,p48565
a216,a106,p48617
a216,a689,p47701
a216,a465,p48693
a216,a106,p47661
a216,a216,p48473
a980,a126,p53131
a980,a986,p53141
a980,a986,p53125
a980,a473,p53119
a980,a986,p53147
a980,a827,p53157
a980,a476,p162956
a980,a986,p53165
a980,a317,p88470
a980,a476,p162928
a983,a271,p231365
a983,a407,p232030
a983,a710,p12593
a983,a619,p232011
a984,a726,p234629
a984,a726,p234659
a984,a726,p234649
a652,a1023,p50889
a652,a812,p94844
a1007,a649,p250520
a1007,a371,p250236
a1007,a837,p250608
a1007,a123,p250140
a1007,a837,p250860
a1007,a123,p250056
a1007,a350,p250748
a1007,a123,p250228
a1007,a837,p250464
a1007,a695,p250184
a1007,a345,p250688
a1007,a649,p250584
a1007,a123,p250188
a1007,a837,p250764
a1007,a243,p250048
a1007,a123,p250628
a1007,a695,p250268
a1007,a123,p250232
a1007,a421,p250240
a1007,a123,p250284
a1007,a837,p250376
a1007,a649,p250428
a1007,a837,p250632
a1007,a837,p250052
a1007,a123,p250292
a1007,a837,p250340
a1007,a837,p250412
a1007,a123,p250288
a1007,a649,p250004
a1007,a837,p250452
a1007,a695,p250068
a1007,a837,p250012
a1007,a649,p250832
a1007,a649,p250532
a1007,a649,p250436
a1007,a695,p250548
a1007,a695,p250264
a1007,a837,p250648
a1007,a837,p250440
a1007,a695,p250100
a1007,a649,p250496
a1009,a234,p94802
a1009,a913,p94898
a1009,a231,p49683
a1009,a913,p122466
a1009,a913,p94889
a1009,a234,p94787
a1009,a234,p95045
a1009,a234,p94979
a1009,a234,p94781
a1009,a461,p95114
a1009,a234,p94796
a1009,a234,p94838
a1009,a234,p95120
a1009,a913,p94826
a1009,a234,p94994
a1009,a234,p94856
a1009,a234,p94961
a1009,a234,p94871
a1009,a234,p94817
a1009,a913,p94988
a1009,a234,p94952
a1009,a234,p95099
a1009,a234,p95141
a1009,a913,p94892
a1009,a913,p94793
a1009,a214,p95183
a1009,a234,p94772
a1009,a234,p94862
a1009,a758,p94982
a1009,a70,p94754
a1009,a231,p94922
a1009,a234,p94946
a689,a545,p126631
a689,a689,p146500
a689,a194,p77338
a689,a558,p218613
a689,a636,p178281
a689,a233,p218905
a689,a343,p234464
a689,a317,p146535
a689,a539,p146524
a689,a498,p146490
a689,a194,p84586
a689,a329,p141374
a689,a545,p85766
a689,a859,p196447
a689,a233,p218893
a689,a343,p234794
a689,a275,p78922
a689,a106,p78586
a689,a545,p141885
a689,a551,p85576
a689,a398,p141094
a689,a194,p78898
a689,a545,p141479
a689,a558,p219039
a689,a4,p82426
a689,a545,p126332
a689,a670,p218801
a689,a194,p74338
a689,a636,p178440
a689,a498,p146537
a689,a4,p85666
a689,a551,p234724
a689,a636,p234824
a689,a140,p218673
a689,a24,p126204
a689,a627,p79306
a689,a545,p85892
a689,a868,p142354
a689,a243,p197317
a689,a4,p85922
a689,a343,p234859
a689,a796,p218773
a689,a627,p86048
a689,a498,p146432
a689,a194,p77650
a689,a636,p234749
a689,a4,p146468
a689,a194,p74266
a689,a513,p219035
a689,a109,p74986
a689,a545,p141241
a689,a106,p81538
a689,a545,p142165
a689,a371,p234214
a689,a545,p85650
a689,a689,p146433
a689,a343,p234764
a689,a498,p126655
a689,a868,p142361
a689,a109,p141640
a689,a286,p85586
a689,a545,p218983
a689,a551,p196297
a689,a545,p126272
a689,a868,p141528
a689,a636,p178368
a689,a627,p84058
a689,a545,p85764
a689,a343,p246421
a689,a636,p234314
a689,a558,p197717
a689,a545,p84778
a689,a341,p218637
a689,a243,p197277
a689,a4,p84730
a689,a109,p141864
a689,a636,p178080
a689,a4,p82882
a689,a861,p86054
a689,a243,p146538
a689,a286,p77626
a689,a4,p141101
a689,a545,p218815
a689,a24,p126261
a689,a689,p146434
a689,a539,p146470
a689,a343,p234969
a689,a545,p218929
a689,a627,p72346
a689,a627,p126202
a689,a785,p234524
a689,a4,p142382
a689,a109,p141913
a689,a109,p79810
a689,a4,p126511
a689,a498,p146477
a689,a194,p75418
a689,a280,p178395
a689,a109,p141836
a689,a627,p126643
a689,a545,p141465
a689,a558,p196857
a689,a627,p126448
a689,a627,p83050
a689,a194,p79642
a689,a343,p146417
a689,a636,p197607
a689,a545,p218777
a689,a545,p85632
a689,a498,p126342
a689,a545,p141500
a689,a636,p234914
a689,a558,p219037
a689,a545,p141598
a689,a627,p79090
a689,a106,p83914
a689,a4,p85758
a689,a545,p85636
a689,a4,p126219
a689,a976,p195567
a689,a861,p85848
a689,a194,p80458
a689,a445,p194967
a689,a627,p126333
a689,a24,p94551
a689,a194,p85702
a689,a545,p126257
a689,a194,p94515
a689,a785,p234579
a689,a627,p84106
a689,a812,p126472
a689,a4,p126320
a689,a498,p146464
a689,a106,p73714
a689,a243,p146419
a689,a550,p234924
a689,a545,p218763
a689,a4,p85854
a689,a636,p196457
a689,a976,p197297
a689,a342,p126289
a689,a286,p79906
a689,a498,p74962
a689,a551,p196197
a689,a627,p83146
a689,a539,p146512
a689,a785,p234434
a689,a551,p196237
a689,a636,p234459
a689,a194,p78634
a689,a627,p75130
a689,a243,p196257
a689,a194,p80242
a689,a868,p141731
a689,a785,p234959
a689,a545,p141906
a689,a233,p218883
a689,a698,p178065
a689,a233,p218861
a689,a342,p126247
a689,a785,p234534
a689,a636,p234664
a689,a636,p178431
a689,a539,p141395
a689,a545,p141556
a689,a243,p146474
a689,a498,p85944
a689,a4,p85808
a689,a785,p234199
a689,a545,p218797
a689,a627,p126391
a689,a636,p234814
a689,a627,p85626
a689,a286,p76594
a689,a106,p72634
a689,a551,p146458
a689,a545,p197687
a689,a194,p79210
a689,a421,p234429
a689,a106,p76930
a689,a55,p126661
a689,a545,p85900
a689,a280,p141605
a689,a4,p85614
a689,a558,p195577
a689,a545,p85942
a689,a636,p234669
a689,a4,p126520
a689,a785,p234369
a689,a140,p218837
a689,a636,p234779
a689,a758,p141549
a689,a385,p141388
a689,a4,p81610
a689,a398,p141808
a689,a636,p178047
a689,a551,p219023
a689,a839,p146483
a689,a627,p85850
a689,a976,p196127
a689,a4,p85916
a689,a109,p79786
a689,a194,p78946
a689,a545,p141367
a689,a636,p178077
a689,a627,p81706
a689,a545,p126349
a689,a551,p85630
a689,a106,p85996
a689,a689,p146469
a689,a194,p78802
a689,a636,p196597
a689,a636,p196507
a689,a627,p81850
a689,a636,p196647
a689,a233,p218855
a689,a194,p85800
a689,a194,p78730
a689,a359,p85806
a689,a627,p72538
a689,a286,p76834
a689,a243,p146462
a689,a551,p196137
a689,a494,p246427
a689,a106,p85776
a689,a106,p76546
a689,a398,p141381
a689,a545,p126592
a689,a545,p141591
a689,a343,p234124
a689,a286,p85814
a689,a194,p85868
a689,a861,p85698
a689,a194,p80698
a689,a636,p196577
a689,a109,p126227
a689,a194,p77386
a689,a4,p141206
a689,a109,p75202
a689,a636,p196847
a689,a329,p85664
a689,a636,p197387
a689,a243,p126535
a689,a243,p172429
a689,a343,p246361
a689,a106,p85588
a689,a539,p146525
a689,a4,p85574
a689,a343,p246439
a689,a545,p218653
a689,a545,p85870
a689,a109,p75154
a689,a636,p196537
a689,a785,p234739
a689,a4,p86040
a689,a4,p85908
a689,a398,p141472
a689,a627,p94559
a689,a636,p197557
a689,a636,p234774
a689,a636,p178164
a689,a861,p75346
a689,a590,p94735
a689,a343,p146443
a689,a545,p126706
a689,a636,p178218
a689,a109,p94483
a689,a106,p85876
a689,a551,p126538
a689,a4,p82474
a689,a194,p77770
a689,a194,p85898
a689,a4,p146488
a689,a24,p126212
a689,a698,p178161
a689,a4,p126236
a689,a342,p126341
a689,a194,p84562
a689,a4,p85872
a689,a106,p80530
a689,a4,p126277
a689,a4,p85828
a689,a627,p86060
a689,a551,p218623
a689,a344,p84514
a689,a861,p85914
a689,a785,p234149
a689,a551,p85616
a689,a551,p141941
a689,a636,p234529
a689,a4,p126454
a689,a344,p79546
a1017,a698,p243835
a1017,a631,p241882
a1017,a280,p247314
a1017,a695,p235713
a1017,a123,p246760
a1017,a137,p246936
a1017,a123,p246914
a1017,a785,p241076
a1017,a243,p247073
a1017,a740,p247165
a1017,a666,p246925
a1017,a794,p247099
a1017,a545,p247091
a1017,a280,p243122
a1017,a243,p247248
a1017,a123,p246809
a1017,a1017,p247182
a1017,a123,p246940
a1017,a371,p247211
a1017,a782,p247092
a1017,a469,p246743
a1017,a761,p247123
a1017,a666,p246939
a1017,a782,p246887
a1017,a243,p247061
a1017,a123,p246826
a1017,a761,p247181
a1017,a1017,p247124
a1017,a280,p244455
a1017,a280,p246869
a1017,a740,p246878
a1017,a469,p247258
a1017,a123,p247062
a1017,a371,p245106
a1017,a123,p246894
a1017,a252,p247050
a1017,a280,p237015
a1017,a280,p243804
a1017,a782,p247068
a1017,a1017,p247260
a1017,a137,p236271
a1017,a698,p238689
a1017,a123,p247020
a1017,a280,p247224
a1017,a740,p247226
a1017,a695,p238999
a1017,a1017,p247259
a1017,a123,p246952
a1017,a123,p247134
a1017,a123,p246819
a1017,a137,p238875
a1017,a123,p247083
a1017,a123,p246932
a1017,a123,p246768
a1017,a385,p247274
a1017,a280,p247161
a1017,a782,p237604
a1017,a740,p247310
a1017,a123,p247071
a1017,a123,p247075
a1017,a740,p247126
a1017,a123,p246856
a1017,a782,p247080
a1017,a123,p246919
a1017,a123,p246943
a1017,a740,p247254
a1017,a740,p247264
a1017,a123,p247281
a1017,a782,p247131
a1017,a123,p247018
a1017,a1017,p247316
a1017,a740,p247119
a1017,a123,p247077
a1017,a1017,p247215
a1017,a782,p240859
a1017,a761,p247138
a1017,a280,p247271
a1017,a280,p242471
a1017,a280,p247297
a1017,a280,p247228
a1017,a280,p237449
a1017,a469,p247304
a1017,a280,p247308
a1017,a371,p247219
a1017,a243,p247287
a1017,a740,p247256
a1017,a137,p247111
a1017,a229,p242161
a1017,a123,p246812
a1017,a740,p247214
a1017,a973,p247009
a1017,a123,p246866
a1017,a497,p246961
a1017,a280,p247207
a1017,a385,p247276
a1017,a794,p247095
a1017,a229,p235651
a1017,a740,p247117
a1017,a123,p247294
a1017,a280,p246889
a1017,a123,p247052
a1017,a123,p246816
a1017,a1017,p247100
a1017,a740,p246746
a1017,a280,p239061
a1017,a1017,p247295
a1017,a123,p246955
a1017,a123,p247082
a1019,a58,p2986
a1024,a863,p20974
a1024,a932,p20724
a1024,a863,p20176
a1024,a932,p20630
a116,a202,p197707
a1027,a548,p51645
a1029,a641,p3530
a1029,a641,p3621
