a259,a366,p49026
a259,a366,p49450
a259,a105,p49118
a259,a105,p49722
a259,a366,p49078
a259,a955,p49750
a259,a366,p49546
a519,a366,p32258
a602,a366,p70192
a602,a936,p27335
a602,a279,p28512
a787,a453,p10009
a787,a453,p10269
a787,a787,p10049
a787,a235,p24794
a787,a787,p10249
a529,a384,p143636
a529,a384,p143530
a529,a384,p143622
a529,a384,p143614
a529,a384,p143664
a529,a384,p143640
a529,a384,p143520
a167,a235,p24805
a167,a859,p25740
a167,a852,p27071
a167,a235,p24981
a666,a105,p48946
a666,a857,p26125
a666,a852,p24288
a695,a136,p173042
a695,a279,p241607
a695,a136,p165570
a695,a279,p163539
a695,a228,p239003
a695,a279,p163609
a695,a136,p191325
a695,a228,p240894
a695,a737,p202307
a695,a279,p162865
a695,a228,p238259
a695,a972,p193348
a695,a952,p163137
a695,a279,p238538
a695,a279,p190973
a695,a136,p188493
a695,a105,p221430
a695,a279,p163351
a695,a228,p244087
a695,a952,p165876
a695,a279,p238786
a695,a283,p167145
a695,a279,p238290
a695,a279,p200207
a695,a341,p163141
a695,a737,p202251
a695,a952,p163205
a695,a279,p162885
a695,a542,p193341
a695,a149,p173060
a695,a363,p189597
a543,a105,p49222
a543,a105,p48750
a543,a105,p48926
a543,a105,p48846
a543,a105,p49262
a543,a105,p49578
a543,a105,p48774
a543,a543,p49834
a727,a114,p110011
a235,a167,p24816
a235,a825,p24882
a812,a495,p27808
a812,a637,p87956
a812,a572,p113235
a812,a279,p117795
a812,a279,p116419
a813,a279,p163437
a296,a366,p49086
a556,a165,p225674
a556,a165,p225724
a556,a400,p225710
a556,a663,p225696
a556,a186,p225650
a556,a165,p225718
a556,a663,p225660
a556,a165,p225618
a556,a186,p225644
a556,a663,p225766
a556,a165,p225624
a556,a165,p225728
a556,a186,p225754
a556,a165,p225636
a302,a656,p10089
a302,a656,p10074
a302,a955,p10149
a825,a955,p9959
a825,a955,p10234
a825,a955,p10259
a825,a235,p24871
a825,a955,p9994
a825,a859,p25234
a341,a968,p150579
a341,a105,p129545
a341,a529,p143540
a341,a384,p143554
a341,a105,p129839
a341,a279,p87992
a952,a695,p166956
a952,a363,p188218
a952,a279,p185167
a952,a279,p173031
a952,a136,p166461
a952,a695,p166434
a952,a279,p173034
a952,a136,p166317
a952,a384,p143548
a316,a279,p92901
a316,a316,p109969
a316,a936,p26301
a316,a279,p107701
a316,a114,p93086
a316,a486,p92446
a316,a114,p92886
a316,a114,p92376
a316,a663,p92116
a316,a279,p92386
a316,a114,p109927
a316,a279,p93046
a316,a114,p93326
a316,a114,p93236
a316,a114,p92801
a316,a279,p93096
a316,a279,p129125
a316,a114,p92171
a316,a114,p92111
a316,a279,p92761
a316,a663,p92406
a316,a279,p92946
a316,a279,p93251
a316,a279,p189885
a316,a114,p92961
a316,a279,p93016
a316,a663,p91735
a316,a279,p93041
a316,a279,p92931
a316,a105,p65989
a316,a114,p92891
a316,a114,p93066
a316,a279,p93246
a316,a279,p92501
a316,a114,p92291
a316,a105,p65988
a572,a24,p113123
a572,a24,p115171
a572,a279,p114899
a572,a24,p119427
a572,a24,p114707
a572,a24,p115203
a572,a24,p114915
a572,a211,p114723
a572,a975,p119395
a572,a24,p113171
a572,a279,p117331
a572,a24,p117427
a572,a279,p117459
a573,a366,p219206
a488,a488,p167181
a574,a366,p218854
a574,a366,p218886
a574,a366,p218874
a574,a366,p218918
a53,a235,p28677
a904,a316,p189901
a55,a211,p127146
a55,a211,p127124
a325,a663,p201145
a325,a972,p201103
a325,a400,p225714
a325,a663,p200599
a325,a663,p201033
a325,a663,p201411
a325,a325,p200795
a325,a663,p202153
a325,a972,p201215
a325,a972,p200767
a89,a105,p221453
a583,a255,p99385
a583,a255,p103585
a583,a400,p219044
a583,a366,p219170
a583,a400,p219182
a583,a400,p218812
a583,a400,p218876
a583,a400,p218800
a583,a400,p218938
a583,a400,p218822
a583,a366,p111061
a583,a366,p218856
a583,a366,p219090
a583,a400,p219056
a583,a400,p218930
a852,a825,p24959
a852,a366,p32323
a852,a859,p27115
a852,a876,p27918
a852,a852,p32608
a852,a852,p24970
a852,a79,p32603
a852,a167,p26048
a852,a876,p26961
a852,a859,p25674
a852,a852,p26972
a852,a104,p32348
a852,a104,p32458
a852,a876,p27863
a431,a279,p105979
a431,a279,p105769
a998,a876,p28050
a69,a114,p109465
a69,a279,p114883
a69,a114,p92486
a69,a279,p108667
a69,a279,p110263
a69,a279,p117923
a69,a114,p127129
a69,a279,p113811
a69,a637,p88072
a69,a279,p92611
a69,a114,p108793
a69,a114,p93336
a69,a114,p107575
a69,a663,p92836
a69,a279,p118275
a69,a486,p113923
a69,a114,p116019
a69,a279,p98461
a69,a114,p93206
a69,a114,p92206
a69,a114,p115571
a69,a211,p118483
a69,a279,p99175
a69,a114,p106819
a69,a24,p115043
a69,a114,p106567
a69,a24,p111397
a69,a114,p92216
a69,a279,p92821
a69,a279,p107365
a69,a279,p88108
a69,a279,p114339
a69,a211,p127122
a69,a114,p93296
a69,a279,p108961
a69,a114,p109129
a69,a114,p127162
a69,a366,p117299
a69,a279,p107071
a69,a279,p93006
a69,a663,p93346
a69,a279,p114003
a69,a114,p106483
a69,a279,p108373
a69,a279,p93171
a69,a279,p92651
a69,a114,p127137
a69,a663,p92316
a69,a279,p87964
a69,a663,p92851
a69,a279,p109171
a69,a114,p106735
a69,a279,p108583
a69,a69,p93131
a69,a279,p92951
a69,a663,p92366
a69,a279,p107743
a69,a279,p108877
a69,a279,p114147
a69,a637,p87892
a69,a24,p112825
a69,a279,p107491
a69,a279,p97621
a69,a663,p93106
a69,a279,p99805
a69,a279,p104131
a69,a663,p92331
a69,a279,p93271
a69,a279,p114195
a69,a279,p92966
a69,a279,p117395
a69,a24,p112363
a69,a24,p110431
a69,a24,p106651
a69,a663,p92806
a69,a279,p92186
a69,a279,p116355
a69,a279,p114291
a69,a279,p114371
a69,a24,p108121
a69,a279,p118083
a69,a279,p108457
a69,a24,p105475
a69,a279,p114227
a69,a24,p102493
a69,a279,p117603
a69,a24,p118547
a69,a114,p92131
a69,a114,p127123
a69,a637,p88104
a69,a279,p115507
a69,a24,p114115
a69,a316,p110137
a69,a24,p110599
a69,a114,p106987
a69,a24,p102619
a69,a637,p88016
a69,a279,p110347
a69,a114,p106903
a69,a114,p109675
a69,a279,p117875
a72,a469,p105727
a79,a852,p32398
a79,a109,p32553
a79,a852,p32288
a955,a105,p49258
a955,a825,p10174
a955,a422,p13466
a955,a955,p13722
a955,a656,p10129
a955,a542,p200333
a955,a542,p193929
a955,a656,p10229
a955,a373,p13474
a955,a825,p9989
a955,a542,p193670
a955,a542,p194139
a955,a695,p193327
a955,a373,p14090
a955,a825,p9939
a955,a542,p193971
a955,a825,p9954
a955,a542,p194272
a955,a542,p193404
a955,a373,p13510
a955,a542,p193334
a85,a852,p23771
a793,a363,p193145
a94,a279,p236895
a94,a228,p244986
a876,a235,p25091
a876,a825,p25245
a876,a852,p27885
a105,a165,p130199
a105,a341,p130259
a105,a366,p49114
a105,a543,p49110
a105,a255,p150471
a105,a286,p49462
a105,a366,p48838
a105,a341,p150639
a105,a459,p131783
a105,a114,p149925
a105,a364,p129311
a105,a255,p150045
a105,a366,p49630
a105,a364,p150333
a105,a279,p130919
a105,a673,p150105
a105,a69,p88216
a105,a573,p65955
a105,a279,p150039
a105,a663,p92656
a105,a165,p130301
a105,a364,p49198
a105,a279,p150111
a105,a364,p49038
a105,a165,p130691
a105,a279,p149859
a105,a165,p131393
a105,a279,p129359
a105,a366,p49214
a105,a364,p128669
a105,a165,p131909
a105,a341,p150555
a105,a543,p49242
a105,a366,p49306
a105,a366,p49718
a105,a366,p49102
a105,a364,p150339
a105,a366,p48814
a105,a366,p49682
a105,a165,p130331
a105,a366,p49278
a105,a255,p150627
a105,a165,p128861
a105,a543,p48730
a105,a663,p131633
a105,a165,p128933
a105,a366,p49318
a105,a364,p130109
a105,a279,p128465
a105,a543,p48790
a105,a1006,p65995
a105,a364,p130247
a105,a908,p149865
a105,a366,p49674
a105,a543,p48714
a105,a366,p49586
a105,a366,p49654
a105,a316,p65997
a105,a366,p49414
a105,a366,p49558
a105,a259,p49134
a105,a366,p49210
a105,a279,p150147
a105,a89,p221890
a105,a364,p129749
a105,a165,p130715
a105,a364,p49174
a105,a165,p128291
a105,a89,p220855
a105,a543,p49814
a105,a364,p129371
a105,a279,p150459
a880,a134,p220533
a880,a136,p221292
a880,a165,p220487
a880,a972,p221591
a880,a542,p193761
a880,a134,p220579
a880,a737,p219064
a880,a136,p220947
a880,a136,p220648
a363,a972,p193502
a363,a972,p193495
a364,a908,p150285
a364,a105,p130133
a364,a105,p49122
a364,a279,p149991
a364,a663,p130391
a364,a543,p49398
a364,a105,p150219
a364,a341,p130049
a364,a384,p149829
a364,a968,p150195
a364,a279,p131597
a364,a105,p130115
a364,a105,p129587
a364,a105,p130817
a364,a279,p128453
a364,a279,p127169
a364,a105,p49270
a364,a165,p129323
a364,a114,p149997
a364,a279,p150183
a364,a663,p129317
a364,a366,p49266
a364,a279,p131081
a364,a279,p150249
a364,a105,p150363
a364,a165,p129185
a364,a114,p150189
a364,a114,p130073
a364,a384,p143544
a364,a105,p149799
a364,a908,p150243
a364,a279,p149817
a364,a279,p150213
a364,a105,p129989
a364,a384,p143672
a364,a279,p127121
a364,a105,p48998
a364,a384,p143564
a364,a908,p150201
a364,a366,p48934
a364,a114,p149883
a364,a366,p49042
a144,a787,p27049
a104,a852,p32388
a104,a852,p32343
a104,a366,p32273
a104,a366,p32318
a104,a852,p32358
a104,a852,p32473
a104,a366,p32448
a104,a366,p32513
a104,a366,p32438
a104,a852,p32623
a637,a69,p88044
a637,a69,p88128
a637,a69,p88256
a637,a279,p88176
a637,a69,p88228
a109,a104,p32633
a109,a79,p32418
a109,a235,p24156
a109,a852,p32493
a109,a79,p32588
a373,a955,p14070
a373,a955,p13534
a114,a936,p88208
a114,a279,p90721
a114,a364,p150057
a114,a255,p98587
a114,a279,p70297
a114,a908,p150633
a114,a69,p108709
a114,a69,p93051
a114,a255,p150645
a114,a255,p93136
a114,a936,p87924
a114,a279,p104341
a114,a366,p70780
a114,a69,p93216
a114,a69,p92581
a114,a715,p147327
a114,a255,p104635
a114,a255,p104929
a114,a69,p108163
a114,a69,p106525
a114,a459,p129491
a114,a715,p146901
a114,a69,p107113
a114,a316,p92881
a114,a316,p92996
a114,a69,p107449
a114,a255,p103543
a114,a69,p92196
a114,a936,p24827
a114,a69,p93266
a114,a366,p91489
a114,a255,p100561
a114,a936,p88012
a114,a316,p110179
a114,a316,p93141
a114,a255,p111355
a114,a69,p109591
a114,a69,p93196
a114,a316,p92306
a114,a69,p109045
a114,a165,p130163
a114,a69,p109381
a114,a936,p24123
a114,a255,p100981
a114,a459,p129527
a114,a316,p93186
a114,a69,p105937
a114,a69,p92591
a114,a69,p116003
a114,a366,p26510
a114,a69,p127157
a114,a69,p106777
a114,a364,p128501
a114,a255,p111019
a114,a69,p114771
a114,a255,p149775
a114,a936,p88264
a114,a69,p109885
a114,a255,p104677
a114,a316,p108331
a114,a69,p106861
a114,a255,p92561
a114,a69,p106693
a114,a69,p127172
a114,a364,p149985
a114,a69,p92201
a114,a279,p91615
a114,a255,p111229
a114,a316,p93286
a114,a255,p92791
a114,a165,p130361
a114,a255,p100603
a114,a316,p92336
a114,a255,p100855
a114,a69,p93061
a114,a936,p90109
a114,a316,p93126
a114,a69,p93311
a114,a366,p26675
a114,a69,p93356
a114,a69,p127155
a114,a255,p102115
a114,a366,p90673
a114,a69,p92496
a114,a316,p92311
a114,a364,p149901
a114,a69,p106441
a114,a420,p93121
a114,a211,p127151
a114,a69,p99427
a114,a255,p92426
a114,a114,p90853
a114,a255,p93031
a114,a316,p92601
a897,a211,p115779
a897,a24,p115731
a897,a366,p115315
a897,a366,p115251
a897,a279,p114947
a897,a366,p115347
a897,a366,p115331
a897,a486,p113459
a897,a211,p115235
a897,a486,p113667
a897,a897,p113635
a897,a486,p114483
a897,a279,p113187
a897,a279,p114515
a897,a211,p114467
a897,a24,p115059
a384,a529,p143522
a384,a529,p143616
a384,a341,p143560
a384,a952,p143552
a384,a279,p150435
a384,a341,p143542
a384,a364,p143566
a384,a384,p65944
a384,a279,p150165
a384,a529,p143638
a384,a364,p150423
a384,a255,p150573
a384,a364,p143678
a384,a255,p150543
a384,a279,p65942
a384,a715,p143612
a384,a105,p150291
a804,a804,p167208
a804,a136,p166785
a804,a136,p166065
a804,a952,p167199
a804,a804,p166641
a804,a804,p167217
a804,a804,p165633
a804,a804,p166623
a804,a804,p166722
a908,a364,p150279
a908,a255,p149919
a908,a105,p150099
a908,a364,p150225
a656,a302,p10104
a656,a302,p10084
a194,a398,p163669
a136,a228,p237856
a136,a279,p131549
a136,a279,p173049
a136,a737,p189213
a136,a279,p162945
a136,a279,p163449
a136,a228,p244304
a136,a165,p225632
a136,a279,p163347
a136,a279,p190829
a136,a279,p191789
a136,a880,p220625
a136,a279,p163561
a136,a279,p191293
a136,a279,p167001
a136,a279,p191149
a136,a804,p165840
a136,a279,p190333
a136,a279,p163501
a136,a279,p163379
a136,a279,p189309
a136,a279,p243188
a136,a165,p225628
a136,a804,p165534
a136,a279,p189469
a136,a737,p219108
a136,a279,p194286
a136,a279,p163197
a136,a279,p190669
a136,a149,p173046
a136,a279,p129425
a136,a279,p245234
a136,a279,p129053
a136,a279,p245637
a136,a279,p190141
a136,a279,p130457
a136,a279,p163281
a136,a952,p166713
a136,a279,p238879
a136,a804,p165867
a136,a279,p69499
a136,a279,p163309
a136,a149,p173041
a136,a279,p190397
a136,a279,p128825
a136,a366,p190621
a136,a880,p220993
a136,a737,p192285
a136,a279,p173029
a136,a279,p202195
a136,a279,p173045
a136,a695,p163537
a136,a279,p173024
a136,a149,p173052
a136,a279,p190813
a136,a279,p130061
a136,a279,p193950
a136,a279,p192045
a136,a136,p167019
a136,a279,p242723
a136,a880,p220717
a136,a279,p163323
a136,a279,p194034
a136,a279,p189709
a136,a279,p244831
a136,a279,p163225
a136,a880,p221660
a136,a341,p163577
a136,a279,p194230
a136,a972,p201439
a136,a279,p163617
a136,a279,p245823
a136,a279,p191949
a136,a279,p163375
a136,a279,p193908
a136,a804,p166992
a136,a279,p162969
a136,a279,p243436
a136,a279,p163531
a136,a279,p69301
a136,a695,p166308
a136,a279,p236213
a136,a279,p69436
a136,a279,p69571
a136,a279,p189437
a136,a279,p130625
a136,a279,p240336
a136,a279,p128987
a136,a279,p131831
a136,a663,p202209
a136,a279,p194055
a136,a279,p163479
a136,a279,p244769
a136,a279,p163089
a136,a279,p191005
a136,a972,p201901
a136,a279,p163279
a136,a279,p191021
a136,a279,p163409
a136,a279,p190605
a136,a279,p190077
a136,a279,p240057
a136,a279,p238135
a136,a279,p189869
a136,a279,p191309
a136,a279,p191485
a136,a279,p188203
a136,a695,p165660
a136,a804,p166218
a136,a279,p242816
a138,a138,p25795
a397,a663,p129395
a398,a751,p163885
a24,a114,p102451
a24,a69,p102703
a24,a255,p104215
a24,a366,p115651
a24,a279,p100351
a24,a366,p117667
a24,a572,p113539
a24,a279,p110809
a24,a975,p113427
a24,a114,p106609
a24,a366,p116179
a24,a366,p113411
a24,a366,p114131
a24,a69,p102745
a24,a366,p115523
a24,a69,p110389
a24,a114,p108205
a24,a366,p114563
a24,a69,p115139
a24,a279,p110851
a24,a486,p116099
a24,a897,p119091
a24,a24,p113891
a24,a572,p115363
a24,a572,p113283
a24,a366,p117443
a24,a69,p116035
a24,a279,p110515
a24,a279,p112783
a24,a366,p115123
a24,a24,p112195
a24,a366,p116675
a24,a366,p119315
a24,a69,p114163
a24,a211,p113491
a24,a366,p118387
a24,a69,p108037
a24,a572,p115155
a24,a572,p115379
a24,a572,p116755
a24,a255,p104005
a24,a69,p102535
a24,a897,p115923
a24,a366,p117651
a24,a366,p117251
a24,a486,p112321
a24,a279,p91891
a24,a24,p115283
a24,a897,p115027
a24,a279,p97705
a24,a211,p114819
a24,a279,p107911
a24,a24,p115955
a24,a366,p114787
a24,a255,p98293
a24,a366,p115011
a24,a114,p104761
a24,a366,p114435
a400,a400,p225764
a400,a400,p218816
a400,a400,p219038
a400,a556,p225708
a400,a583,p218934
a400,a136,p225658
a400,a583,p218964
a400,a583,p218888
a400,a366,p219194
a400,a556,p225762
a400,a366,p219154
a366,a279,p26246
a366,a24,p114803
a366,a105,p48766
a366,a279,p193488
a366,a279,p70241
a366,a279,p89851
a366,a24,p117283
a366,a279,p70724
a366,a279,p26092
a366,a279,p23837
a366,a24,p117187
a366,a663,p90685
a366,a279,p193299
a366,a279,p90403
a366,a105,p48898
a366,a279,p24629
a366,a105,p49282
a366,a897,p118995
a366,a663,p91477
a366,a105,p49286
a366,a279,p24431
a366,a279,p193131
a366,a583,p219210
a366,a279,p27610
a366,a364,p48854
a366,a542,p193117
a366,a279,p90679
a366,a279,p89995
a366,a663,p91243
a366,a279,p70696
a366,a279,p98797
a366,a279,p193201
a366,a105,p48818
a366,a279,p194125
a366,a279,p90067
a366,a279,p194251
a366,a104,p32308
a366,a279,p70276
a366,a543,p49238
a366,a105,p49426
a366,a663,p91279
a366,a69,p117363
a366,a105,p49638
a366,a279,p189517
a366,a663,p91801
a366,a279,p88224
a366,a583,p219180
a366,a259,p48746
a366,a105,p49510
a366,a279,p193831
a366,a663,p90121
a366,a583,p219026
a366,a663,p219014
a366,a663,p92711
a366,a279,p27852
a366,a279,p26070
a366,a574,p218866
a366,a279,p90397
a366,a279,p28325
a366,a279,p193635
a366,a279,p193642
a366,a663,p91573
a366,a279,p90709
a366,a583,p218884
a366,a972,p23716
a366,a583,p218924
a366,a279,p70640
a366,a663,p90619
a366,a136,p190461
a366,a104,p32253
a366,a279,p91471
a366,a279,p91669
a366,a24,p113075
a366,a105,p49126
a366,a105,p48954
a366,a279,p70549
a366,a364,p49158
a366,a105,p49590
a366,a279,p90367
a366,a279,p194041
a366,a279,p91987
a366,a663,p91459
a366,a24,p114403
a366,a279,p193838
a366,a279,p70178
a366,a24,p117523
a366,a279,p87912
a366,a279,p70199
a366,a279,p70381
a366,a279,p24046
a366,a279,p25278
a366,a279,p26026
a366,a259,p49522
a366,a279,p90841
a366,a24,p117811
a366,a279,p24706
a366,a114,p90871
a366,a279,p27533
a366,a279,p90043
a366,a279,p26334
a366,a105,p49246
a366,a279,p91885
a366,a574,p218882
a366,a279,p70094
a366,a279,p70101
a366,a663,p92991
a366,a279,p88188
a366,a279,p26323
a366,a105,p49330
a366,a114,p70556
a366,a24,p117827
a366,a24,p114547
a366,a24,p118851
a366,a279,p91981
a366,a519,p32268
a366,a279,p91993
a366,a279,p193376
a366,a279,p70073
a366,a279,p70619
a366,a105,p49598
a366,a279,p70255
a366,a663,p91231
a366,a279,p90613
a366,a279,p24849
a366,a583,p111775
a366,a279,p105895
a366,a279,p27291
a366,a279,p27412
a366,a495,p28094
a366,a279,p70143
a366,a624,p49350
a366,a104,p32393
a366,a366,p32428
a366,a105,p49454
a366,a114,p91501
a366,a24,p114083
a366,a663,p91543
a366,a279,p25773
a366,a105,p49690
a366,a104,p32283
a366,a279,p91927
a366,a663,p147057
a366,a583,p104467
a366,a114,p90667
a366,a279,p194300
a366,a79,p32333
a366,a279,p28292
a366,a574,p218922
a366,a663,p147273
a366,a104,p32403
a366,a24,p114867
a366,a279,p194237
a366,a737,p219136
a366,a279,p70269
a366,a279,p90427
a366,a279,p89839
a366,a279,p89941
a366,a574,p219138
a366,a279,p70150
a366,a105,p49574
a366,a279,p109087
a366,a279,p91765
a366,a279,p91957
a366,a663,p91429
a366,a279,p26466
a366,a583,p218878
a366,a104,p32498
a366,a279,p193215
a366,a279,p193236
a366,a24,p115091
a366,a542,p193845
a366,a663,p146865
a366,a114,p26609
a366,a737,p219068
a366,a279,p26576
a366,a583,p218942
a366,a279,p89887
a366,a327,p26312
a366,a897,p115187
a366,a279,p26994
a366,a279,p90379
a366,a715,p147021
a366,a279,p87888
a366,a279,p91417
a366,a114,p27566
a366,a24,p116131
a366,a24,p113619
a366,a364,p48962
a366,a259,p49050
a366,a663,p91867
a366,a602,p27456
a366,a663,p91441
a366,a279,p70591
a366,a663,p147183
a366,a279,p70304
a366,a279,p193824
a366,a279,p91789
a279,a69,p109003
a279,a316,p93256
a279,a936,p27027
a279,a366,p109297
a279,a105,p130583
a279,a663,p91405
a279,a316,p93261
a279,a366,p27104
a279,a366,p193768
a279,a695,p244273
a279,a114,p70080
a279,a279,p88292
a279,a255,p146895
a279,a136,p163363
a279,a366,p27555
a279,a366,p193551
a279,a420,p92786
a279,a936,p28776
a279,a316,p92396
a279,a366,p193775
a279,a663,p104299
a279,a366,p193096
a279,a972,p194279
a279,a316,p92136
a279,a279,p150411
a279,a136,p188197
a279,a255,p150453
a279,a136,p240398
a279,a364,p150237
a279,a279,p27324
a279,a279,p108919
a279,a69,p107029
a279,a602,p23815
a279,a366,p91627
a279,a366,p87948
a279,a279,p117971
a279,a364,p127139
a279,a364,p150051
a279,a211,p116579
a279,a366,p27159
a279,a211,p127144
a279,a972,p193887
a279,a384,p149955
a279,a936,p88272
a279,a366,p26620
a279,a695,p162881
a279,a255,p101359
a279,a366,p91999
a279,a364,p150321
a279,a211,p113859
a279,a69,p114643
a279,a105,p150255
a279,a136,p191885
a279,a279,p90331
a279,a136,p191629
a279,a366,p100057
a279,a136,p239685
a279,a136,p239592
a279,a69,p114963
a279,a952,p185125
a279,a366,p88144
a279,a136,p189789
a279,a279,p25982
a279,a279,p131507
a279,a736,p200305
a279,a366,p91921
a279,a366,p25718
a279,a366,p70563
a279,a279,p70668
a279,a211,p116403
a279,a255,p100645
a279,a279,p107407
a279,a69,p92676
a279,a136,p173055
a279,a663,p92351
a279,a136,p238104
a279,a459,p130943
a279,a136,p190413
a279,a366,p24057
a279,a255,p104719
a279,a279,p90943
a279,a366,p91783
a279,a366,p70157
a279,a366,p193180
a279,a279,p87940
a279,a366,p91873
a279,a136,p243033
a279,a279,p90763
a279,a384,p150441
a279,a136,p163337
a279,a136,p194006
a279,a972,p194020
a279,a384,p150465
a279,a136,p190797
a279,a136,p163357
a279,a136,p130511
a279,a105,p128561
a279,a136,p193922
a279,a341,p87976
a279,a165,p128363
a279,a136,p190525
a279,a936,p88096
a279,a663,p92421
a279,a880,p193817
a279,a972,p193579
a279,a279,p130145
a279,a136,p69598
a279,a69,p116867
a279,a69,p108835
a279,a663,p91249
a279,a279,p90715
a279,a279,p91879
a279,a936,p87904
a279,a69,p92641
a279,a364,p129347
a279,a316,p129287
a279,a279,p149949
a279,a366,p91483
a279,a366,p90271
a279,a366,p26983
a279,a316,p91747
a279,a279,p90391
a279,a341,p163453
a279,a695,p200179
a279,a69,p114355
a279,a136,p163093
a279,a69,p114179
a279,a24,p113795
a279,a908,p150651
a279,a105,p131807
a279,a136,p236368
a279,a410,p70430
a279,a69,p97915
a279,a366,p28633
a279,a459,p130205
a279,a136,p200151
a279,a136,p194160
a279,a366,p91729
a279,a69,p92226
a279,a366,p89875
a279,a341,p163463
a279,a69,p110641
a279,a136,p188429
a279,a279,p28567
a279,a366,p28314
a279,a366,p193285
a279,a936,p88116
a279,a136,p163465
a279,a936,p23573
a279,a69,p109339
a279,a279,p163117
a279,a936,p27313
a279,a114,p106105
a279,a572,p117379
a279,a366,p90025
a279,a279,p28798
a279,a136,p193110
a279,a486,p92246
a279,a136,p189533
a279,a366,p26268
a279,a366,p25938
a279,a897,p114851
a279,a136,p163291
a279,a364,p150231
a279,a114,p108247
a279,a936,p88248
a279,a279,p91975
a279,a972,p193558
a279,a105,p128819
a279,a972,p193901
a279,a136,p129095
a279,a136,p191165
a279,a366,p90697
a279,a366,p26059
a279,a69,p109633
a279,a366,p89833
a279,a366,p26081
a279,a316,p93036
a279,a366,p70745
a279,a136,p191933
a279,a279,p91861
a279,a136,p173021
a279,a114,p93081
a279,a972,p193355
a279,a136,p129155
a279,a136,p129083
a279,a279,p238569
a279,a136,p163285
a279,a459,p130241
a279,a279,p129689
a279,a69,p117907
a279,a255,p98713
a279,a279,p90877
a279,a279,p131873
a279,a279,p129755
a279,a366,p89911
a279,a936,p91651
a279,a114,p128507
a279,a279,p91657
a279,a136,p202055
a279,a279,p117731
a279,a114,p88212
a279,a24,p100393
a279,a136,p241080
a279,a69,p117571
a279,a364,p149907
a279,a255,p150531
a279,a136,p191213
a279,a366,p70661
a279,a136,p163483
a279,a366,p26774
a279,a715,p143704
a279,a695,p163621
a279,a695,p163533
a279,a364,p150141
a279,a737,p193089
a279,a695,p163269
a279,a136,p162833
a279,a69,p107155
a279,a366,p70682
a279,a69,p93316
a279,a136,p128609
a279,a69,p109717
a279,a366,p91813
a279,a972,p193978
a279,a366,p193985
a279,a136,p163605
a279,a366,p193103
a279,a936,p87960
a279,a972,p193614
a279,a366,p193369
a279,a366,p90385
a279,a695,p238600
a279,a114,p93161
a279,a114,p26840
a279,a255,p149931
a279,a136,p189389
a279,a341,p149793
a279,a255,p105139
a279,a136,p162929
a279,a936,p88084
a279,a255,p101401
a279,a695,p69589
a279,a972,p194027
a279,a24,p116819
a279,a279,p70612
a279,a136,p192109
a279,a24,p108289
a279,a136,p163077
a279,a136,p130769
a279,a488,p166002
a279,a316,p92896
a279,a279,p92166
a279,a936,p25971
a279,a279,p107953
a279,a936,p28589
a279,a105,p128435
a279,a69,p114259
a279,a459,p130901
a279,a136,p163511
a279,a69,p88112
a279,a695,p238941
a279,a695,p193544
a279,a211,p127127
a279,a364,p130427
a279,a279,p115715
a279,a69,p103627
a279,a366,p70290
a279,a136,p69382
a279,a255,p150405
a279,a366,p70605
a279,a316,p92921
a279,a695,p163359
a279,a255,p103711
a279,a366,p26697
a279,a366,p193873
a279,a136,p194048
a279,a459,p128417
a279,a255,p149835
a279,a69,p110305
a279,a255,p103039
a279,a279,p129275
a279,a24,p108079
a279,a114,p91609
a279,a136,p239096
a279,a136,p241204
a279,a366,p91963
a279,a366,p91909
a279,a136,p194258
a279,a114,p92586
a279,a279,p70577
a279,a279,p173028
a279,a136,p190893
a279,a136,p241018
a279,a366,p90409
a279,a114,p90805
a279,a459,p130985
a279,a136,p240119
a279,a279,p90217
a279,a24,p112489
a279,a952,p162917
a279,a366,p193306
a279,a366,p24750
a279,a316,p92296
a279,a363,p189757
a279,a936,p28864
a279,a24,p111271
a279,a136,p190253
a279,a366,p193600
a279,a136,p243343
a279,a366,p90373
a279,a316,p107785
a279,a279,p26719
a279,a279,p92356
a279,a136,p163567
a279,a69,p108625
a279,a936,p28721
a279,a255,p25300
a279,a952,p173033
a279,a167,p26708
a279,a114,p90637
a279,a114,p110221
a279,a279,p90703
a279,a695,p238197
a279,a136,p162933
a279,a459,p129707
a279,a279,p24728
a279,a366,p24508
a279,a69,p107323
a279,a812,p117843
a279,a459,p130307
a279,a279,p107659
a279,a255,p149961
a279,a366,p70262
a279,a572,p115443
a279,a366,p26411
a279,a936,p23782
a279,a420,p93091
a279,a114,p92176
a279,a279,p93226
a279,a936,p88288
a279,a602,p27346
a279,a366,p87896
a279,a255,p150327
a279,a69,p108415
a279,a364,p149889
a279,a69,p118339
a279,a279,p100687
a279,a695,p163581
a279,a366,p193712
a279,a366,p194118
a279,a737,p190749
a279,a69,p114211
a279,a69,p97747
a279,a69,p92986
a279,a366,p90415
a279,a69,p110473
a279,a69,p99301
a279,a69,p92101
a279,a279,p28380
a279,a136,p163623
a279,a486,p113315
a279,a255,p101107
a279,a936,p23925
a279,a936,p28556
a279,a972,p193796
a279,a114,p107533
a279,a136,p131561
a279,a572,p117507
a279,a431,p105811
a279,a136,p191373
a279,a69,p118467
a279,a366,p70318
a279,a737,p201733
a279,a366,p92005
a279,a936,p27434
a279,a366,p70115
a279,a936,p90259
a279,a341,p163601
a279,a136,p163505
a279,a366,p25960
a279,a136,p190365
a279,a459,p129461
a279,a69,p114323
a279,a366,p27973
a279,a366,p89965
a279,a952,p173027
a279,a69,p97537
a279,a279,p70171
a279,a431,p106147
a279,a279,p93101
a279,a936,p25333
a279,a279,p87996
a279,a366,p70164
a279,a972,p194090
a279,a279,p130589
a279,a136,p236678
a279,a69,p127132
a279,a366,p105391
a279,a364,p131867
a279,a69,p114099
a279,a279,p131795
a279,a114,p93221
a279,a279,p91153
a279,a936,p27731
a279,a316,p92361
a279,a69,p108541
a279,a459,p129827
a279,a366,p70206
a279,a136,p202069
a279,a952,p163069
a279,a255,p100897
a279,a364,p131471
a279,a136,p190269
a279,a364,p150315
a279,a24,p110557
a279,a366,p91777
a279,a136,p189981
a279,a69,p113971
a279,a663,p92976
a279,a366,p70794
a279,a366,p24695
a279,a972,p194202
a279,a279,p130949
a279,a366,p91423
a279,a69,p92856
a279,a136,p239127
a279,a1001,p118259
a279,a695,p245420
a279,a366,p70283
a279,a366,p70766
a279,a972,p194167
a279,a136,p69508
a279,a24,p102955
a279,a341,p162913
a279,a279,p23793
a279,a936,p25476
a279,a69,p93276
a279,a255,p147297
a279,a136,p163411
a279,a736,p201859
a279,a366,p28336
a279,a366,p87880
a279,a366,p70129
a279,a316,p93056
a279,a936,p24024
a279,a105,p150357
a279,a136,p190733
a279,a105,p92476
a279,a366,p91945
a279,a24,p117683
a279,a366,p193411
a279,a136,p166326
a279,a255,p149769
a279,a366,p70633
a279,a936,p87920
a279,a94,p243901
a279,a459,p129593
a279,a366,p189549
a279,a114,p92816
a279,a255,p150657
a279,a136,p191981
a149,a279,p173036
a149,a136,p173050
a149,a136,p173066
a673,a105,p150087
a673,a105,p150081
a932,a955,p13846
a936,a859,p24354
a936,a114,p88236
a936,a279,p87952
a936,a279,p27269
a936,a114,p91435
a936,a279,p23903
a936,a279,p28600
a936,a279,p28710
a936,a663,p91507
a936,a279,p28886
a936,a279,p28622
a936,a279,p87916
a936,a114,p24420
a936,a279,p88268
a936,a279,p91705
a936,a279,p88092
a936,a279,p28831
a936,a663,p91639
a936,a279,p87932
a936,a663,p91645
a936,a279,p87972
a936,a279,p88000
a936,a279,p28842
a936,a279,p88240
a936,a279,p88080
a936,a279,p28468
a936,a279,p26422
a936,a114,p88280
a936,a279,p27643
a936,a279,p23892
a936,a279,p24409
a936,a279,p88284
a936,a279,p25366
a936,a279,p23595
a936,a279,p89899
a936,a663,p91717
a936,a279,p87884
a936,a279,p23914
a936,a279,p88276
a936,a279,p28655
a936,a279,p24013
a936,a114,p91513
a936,a279,p28732
a936,a279,p88004
a936,a279,p28545
a936,a279,p28754
a936,a279,p27236
a936,a279,p26950
a936,a279,p88180
a936,a602,p27258
a936,a114,p87944
a936,a279,p28578
a936,a663,p91285
a410,a235,p25003
a458,a279,p107869
a940,a69,p113747
a1006,a366,p65952
a165,a105,p130325
a165,a556,p225620
a165,a663,p131075
a165,a105,p130283
a165,a105,p131927
a165,a663,p131531
a165,a105,p130349
a165,a556,p225740
a165,a105,p130571
a165,a186,p225614
a165,a556,p225726
a165,a279,p131543
a165,a880,p221637
a165,a279,p130661
a165,a105,p130319
a165,a556,p225720
a165,a136,p220924
a165,a663,p129221
a165,a136,p225738
a165,a459,p131933
a165,a279,p129167
a165,a663,p129851
a165,a105,p128303
a165,a105,p131915
a165,a556,p225648
a165,a114,p129569
a165,a663,p130373
a165,a105,p128771
a165,a165,p130289
a165,a556,p225772
a165,a186,p225612
a165,a556,p225776
a165,a663,p128399
a165,a556,p225622
a165,a400,p225698
a165,a105,p221269
a165,a364,p129197
a165,a663,p131063
a420,a114,p93071
a420,a663,p92716
a420,a211,p127141
a420,a663,p92736
a420,a663,p91207
a28,a167,p28699
a286,a286,p48906
a286,a286,p49018
a286,a286,p49478
a186,a556,p225752
a186,a556,p225646
a186,a556,p225608
a186,a663,p225780
a186,a556,p225678
a186,a165,p225604
a143,a279,p105307
a663,a936,p90115
a663,a255,p92571
a663,a366,p147309
a663,a459,p128285
a663,a325,p201047
a663,a114,p92181
a663,a114,p101275
a663,a486,p92876
a663,a366,p91453
a663,a663,p92191
a663,a255,p92741
a663,a366,p91261
a663,a69,p92321
a663,a316,p92411
a663,a715,p147123
a663,a211,p127175
a663,a366,p91465
a663,a69,p92846
a663,a69,p93331
a663,a556,p225656
a663,a24,p104257
a663,a255,p147303
a663,a420,p92751
a663,a165,p131603
a663,a715,p147291
a663,a364,p129335
a663,a420,p92726
a663,a715,p146991
a663,a366,p91111
a663,a366,p147231
a663,a69,p92371
a663,a325,p201117
a663,a366,p92746
a663,a715,p147255
a663,a69,p92126
a663,a255,p103375
a663,a325,p200739
a663,a715,p147249
a663,a556,p225670
a663,a715,p147033
a663,a316,p111565
a663,a715,p147195
a663,a663,p92261
a663,a165,p129935
a663,a366,p90625
a663,a715,p147159
a663,a69,p93351
a663,a255,p147261
a663,a366,p91819
a663,a255,p103753
a663,a459,p131303
a663,a936,p91663
a663,a715,p147111
a663,a459,p131015
a663,a165,p131213
a663,a715,p147177
a663,a366,p90103
a663,a325,p201257
a663,a69,p92861
a663,a69,p92431
a663,a366,p147147
a663,a255,p101527
a663,a366,p91237
a663,a366,p90691
a663,a400,p225694
a663,a366,p219004
a663,a255,p104173
a663,a316,p91753
a663,a556,p225692
a663,a255,p101611
a663,a366,p147081
a663,a366,p91549
a663,a136,p202265
a663,a165,p130469
a663,a255,p147237
a663,a69,p92826
a663,a486,p92941
a663,a69,p92231
a663,a663,p92906
a663,a69,p92416
a663,a316,p92251
a663,a936,p91633
a663,a366,p147039
a663,a364,p129191
a663,a223,p91225
a663,a459,p131369
a663,a325,p200935
a663,a279,p90607
a663,a366,p91591
a663,a165,p131609
a663,a556,p225760
a663,a936,p91723
a663,a366,p147207
a715,a663,p147165
a715,a663,p147153
a715,a384,p143610
a715,a663,p147009
a715,a663,p146979
a715,a663,p147105
a715,a384,p143618
a715,a114,p146925
a715,a663,p147201
a715,a663,p147003
a715,a114,p146889
a715,a663,p147189
a715,a663,p147063
a715,a663,p147093
a715,a663,p146997
a715,a366,p147243
a715,a279,p143706
a715,a663,p147225
a715,a384,p143588
a715,a663,p147267
a715,a279,p143696
a159,a24,p98923
a972,a880,p193418
a972,a279,p108499
a972,a542,p188290
a972,a136,p201397
a972,a243,p188179
a972,a136,p193999
a972,a279,p188200
a972,a136,p201887
a972,a279,p194153
a972,a279,p194069
a972,a279,p193572
a972,a279,p194293
a972,a880,p193649
a972,a366,p193705
a972,a325,p202237
a972,a363,p193509
a972,a279,p193859
a972,a279,p190637
a972,a279,p193124
a972,a363,p188293
a972,a542,p191133
a972,a542,p200543
a972,a363,p193565
a972,a952,p188176
a972,a279,p200165
a972,a279,p193656
a972,a279,p193607
a972,a279,p193320
a972,a279,p193362
a972,a279,p194013
a972,a279,p194195
a972,a325,p201173
a972,a695,p188653
a972,a136,p201691
a972,a279,p193992
a972,a955,p200347
a972,a363,p193516
a972,a279,p193789
a972,a279,p194146
a453,a787,p9969
a453,a787,p10254
a975,a486,p116115
a975,a279,p116691
a975,a24,p119507
a975,a24,p118067
a975,a279,p115827
a459,a279,p130937
a459,a105,p131801
a459,a279,p130211
a459,a114,p129509
a459,a105,p128741
a459,a279,p128597
a459,a114,p129533
a459,a105,p128693
a459,a279,p131009
a459,a279,p130355
a459,a279,p130979
a459,a114,p129479
a459,a663,p130631
a459,a114,p129815
a459,a165,p130385
a857,a666,p24662
a857,a666,p26367
a542,a955,p193530
a542,a972,p188170
a542,a366,p193390
a542,a955,p193782
a542,a955,p193677
a542,a972,p191837
a542,a136,p191853
a542,a955,p194174
a542,a366,p194076
a542,a955,p193243
a542,a955,p193383
a542,a955,p193957
a542,a972,p188278
a542,a955,p193432
a464,a105,p48862
a469,a674,p110935
a469,a69,p99763
a283,a136,p167073
a217,a363,p193467
a736,a972,p200193
a736,a279,p200781
a737,a573,p218852
a737,a279,p202083
a737,a136,p192077
a737,a695,p202293
a737,a279,p193082
a737,a663,p200977
a742,a165,p129173
a223,a420,p91213
a859,a410,p25212
a859,a167,p27764
a859,a167,p26554
a859,a852,p25553
a859,a852,p25685
a859,a852,p26543
a859,a876,p25223
a859,a167,p25036
a859,a876,p25102
a228,a136,p236306
a228,a695,p238321
a228,a136,p242909
a228,a279,p237112
a228,a695,p240305
a228,a228,p240646
a228,a695,p242940
a486,a897,p113603
a486,a663,p92871
a486,a279,p113267
a486,a495,p70451
a486,a897,p113875
a486,a24,p116067
a486,a279,p113347
a486,a663,p92926
a486,a24,p112447
a486,a279,p112405
a486,a663,p91939
a486,a279,p92236
a486,a69,p116083
a486,a897,p113939
a486,a279,p112279
a486,a663,p92436
a751,a488,p167100
a708,a583,p240150
a1014,a1011,p70416
a495,a859,p28072
a495,a366,p28248
a422,a269,p13746
a422,a955,p13490
a243,a972,p188173
a509,a272,p221798
a211,a24,p119347
a211,a279,p127134
a211,a24,p119411
a211,a663,p127176
a211,a279,p127158
a211,a114,p116659
a211,a279,p117955
a211,a279,p117635
a211,a211,p115747
a211,a24,p115107
a211,a105,p129467
a211,a211,p127125
a211,a24,p115411
a211,a420,p127145
a211,a663,p127174
a211,a572,p116739
a255,a279,p101485
a255,a24,p100435
a255,a255,p110725
a255,a279,p101023
a255,a663,p147279
a255,a279,p100939
a255,a279,p150585
a255,a114,p101065
a255,a384,p150525
a255,a24,p104089
a255,a663,p103963
a255,a255,p149763
a255,a255,p98083
a255,a279,p150519
a255,a114,p100771
a255,a663,p103501
a255,a663,p92831
a255,a279,p150261
a255,a279,p92701
a255,a279,p110683
a255,a279,p146907
a255,a384,p150597
a255,a24,p103333
a255,a279,p149943
a255,a279,p150399
a255,a105,p150489
a255,a663,p146967
a255,a255,p103669
a255,a279,p106357
a255,a279,p103795
a255,a279,p103081
a255,a663,p104593
a255,a279,p110893
a255,a279,p92916
a255,a663,p101317
a255,a486,p98041
a255,a114,p104845
a255,a255,p150297
a255,a24,p104551
a255,a279,p149913
a255,a114,p92401
a255,a114,p100813
a255,a114,p92631
a255,a663,p146973
a255,a663,p101569
a255,a279,p103837
a255,a279,p92391
a255,a279,p150003
a255,a279,p99049
a255,a279,p101149
a255,a663,p102997
a255,a24,p100519
a255,a114,p150369
a255,a279,p149757
a255,a114,p98671
a255,a663,p146985
a255,a114,p150417
a255,a279,p150447
a255,a583,p103165
a255,a663,p104425
a255,a255,p103417
a255,a384,p150561
a255,a279,p104803
a255,a279,p103123
a255,a114,p110095
a255,a24,p98629
a255,a255,p110767
a255,a255,p92696
a255,a968,p150267
a255,a114,p104971
a255,a24,p103249
a255,a279,p147315
a255,a279,p150345
a255,a279,p101443
a255,a279,p101233
a255,a255,p102913
a255,a114,p103207
a255,a255,p92981
a255,a279,p150507
a255,a663,p92911
a520,a859,p35217
a520,a520,p35207
a520,a319,p35180
a520,a319,p35251
a520,a319,p35252
a6,a617,p11158
a6,a617,p10366
a6,a73,p11986
a6,a617,p10438
a213,a233,p95998
a213,a224,p96148
a270,a370,p232236
a270,a77,p21436
a270,a270,p232255
a270,a892,p21278
a270,a928,p21270
a13,a710,p121566
a13,a931,p121575
a123,a468,p194597
a123,a305,p184761
a123,a617,p219640
a123,a123,p204220
a123,a232,p219588
a123,a617,p219808
a123,a270,p232008
a123,a617,p219492
a123,a370,p194948
a123,a343,p180214
a123,a617,p219452
a123,a232,p219644
a123,a169,p234710
a123,a617,p219444
a123,a617,p219264
a123,a305,p199924
a123,a617,p234307
a123,a617,p219296
a123,a647,p194804
a123,a468,p194570
a123,a305,p216642
a123,a305,p194408
a123,a123,p174814
a123,a647,p194912
a123,a653,p194534
a123,a305,p219388
a123,a370,p215750
a123,a653,p194741
a123,a370,p194489
a123,a653,p194543
a123,a617,p219768
a123,a305,p219652
a123,a755,p219436
a123,a653,p199444
a123,a562,p219336
a123,a305,p202474
a123,a123,p219340
a123,a755,p219488
a123,a305,p194714
a123,a562,p219796
a123,a617,p219572
a123,a123,p219740
a123,a653,p194552
a123,a755,p219424
a123,a468,p199288
a123,a305,p194579
a123,a305,p194894
a123,a123,p202393
a123,a468,p215702
a123,a617,p215718
a123,a617,p215674
a123,a647,p194795
a123,a617,p219760
a123,a647,p194354
a123,a647,p199492
a123,a370,p194858
a123,a305,p202411
a123,a232,p219748
a123,a617,p219460
a123,a370,p194309
a123,a169,p199612
a540,a77,p21734
a279,a305,p184581
a803,a859,p35185
a803,a859,p35154
a803,a803,p35203
a803,a803,p35260
a803,a803,p35220
a803,a859,p35171
a803,a319,p35244
a803,a319,p35132
a803,a803,p35250
a803,a803,p35222
a803,a319,p35196
a803,a319,p35289
a803,a319,p35236
a803,a319,p35258
a803,a803,p35187
a808,a261,p96351
a808,a305,p184800
a33,a928,p21538
a33,a928,p21234
a33,a702,p21910
a33,a928,p21920
a33,a928,p21664
a33,a928,p21572
a33,a928,p21748
a33,a928,p21118
a33,a928,p21592
a297,a319,p61233
a556,a979,p234750
a557,a951,p69817
a562,a123,p219476
a562,a123,p219512
a562,a123,p219224
a562,a980,p217076
a562,a123,p219440
a562,a617,p219692
a562,a617,p219724
a562,a123,p219780
a40,a941,p128057
a40,a319,p127901
a305,a343,p181546
a305,a343,p181102
a305,a653,p184674
a305,a647,p177888
a305,a343,p176388
a305,a123,p219656
a305,a343,p175638
a305,a653,p184734
a305,a899,p216998
a305,a653,p184767
a305,a123,p194606
a305,a617,p211598
a305,a123,p199156
a305,a343,p182397
a305,a343,p176638
a305,a653,p184773
a305,a343,p183914
a305,a343,p182471
a305,a123,p216354
a305,a617,p219624
a305,a653,p184704
a305,a305,p175538
a305,a343,p173822
a305,a123,p219348
a305,a232,p219732
a305,a617,p215698
a305,a343,p176788
a305,a647,p184647
a305,a123,p216270
a305,a123,p194885
a305,a123,p194525
a305,a343,p176488
a305,a617,p12724
a305,a617,p11194
a305,a123,p219384
a305,a123,p194471
a305,a123,p194390
a305,a169,p179955
a305,a343,p176988
a305,a343,p175488
a305,a123,p194849
a305,a123,p194939
a305,a123,p199516
a305,a653,p184722
a305,a899,p217116
a305,a343,p183951
a305,a343,p181694
a305,a343,p177188
a305,a123,p204193
a305,a343,p178038
a305,a123,p194561
a305,a617,p219520
a305,a647,p178888
a305,a980,p179918
a305,a343,p177688
a305,a123,p202465
a305,a123,p174558
a305,a343,p177088
a43,a928,p21832
a43,a928,p21792
a317,a319,p69782
a572,a319,p35173
a572,a928,p51086
a572,a319,p35283
a572,a319,p35227
a572,a928,p51014
a54,a928,p21416
a54,a928,p21366
a54,a319,p35169
a54,a928,p52940
a583,a642,p96094
a583,a534,p215308
a224,a317,p69967
a224,a928,p61854
a224,a808,p95854
a617,a370,p11752
a617,a305,p219352
a617,a617,p215482
a617,a617,p215730
a617,a617,p215714
a617,a617,p215614
a617,a586,p216074
a617,a617,p216038
a617,a169,p10834
a617,a617,p220311
a617,a755,p219556
a617,a617,p11356
a617,a617,p219584
a617,a617,p220288
a617,a617,p215738
a617,a617,p220336
a617,a980,p220403
a617,a617,p219432
a617,a617,p215726
a617,a617,p219612
a617,a617,p215770
a617,a270,p232179
a617,a169,p211850
a617,a123,p219668
a617,a617,p215786
a617,a617,p220283
a617,a123,p219504
a617,a617,p211857
a617,a617,p215946
a617,a617,p215546
a617,a617,p215618
a617,a342,p215914
a617,a617,p12076
a617,a617,p220274
a617,a899,p220301
a617,a468,p215894
a617,a617,p220340
a617,a445,p234756
a617,a305,p12058
a617,a134,p220377
a617,a123,p215706
a617,a617,p232635
a617,a617,p215622
a617,a123,p219700
a617,a617,p220416
a617,a617,p216090
a617,a562,p219792
a617,a617,p219756
a617,a617,p219604
a617,a617,p215854
a617,a123,p215754
a617,a617,p220326
a617,a617,p219576
a617,a123,p219332
a617,a617,p12328
a617,a73,p11140
a617,a617,p220341
a617,a123,p219772
a617,a617,p215626
a617,a123,p219552
a617,a642,p227657
a617,a305,p215478
a617,a755,p219600
a617,a6,p10402
a617,a370,p215886
a617,a342,p220294
a617,a123,p219228
a617,a617,p219568
a617,a617,p220328
a617,a123,p219764
a617,a617,p215654
a617,a617,p215850
a617,a123,p219752
a617,a134,p220413
a617,a617,p215634
a617,a6,p10348
a617,a617,p216002
a617,a617,p232730
a617,a617,p216102
a617,a617,p215734
a617,a270,p232122
a617,a617,p219720
a617,a370,p11086
a617,a562,p219480
a617,a77,p10996
a617,a617,p215878
a617,a617,p215874
a617,a123,p219704
a617,a342,p220368
a617,a617,p215518
a617,a617,p220322
a617,a755,p219564
a617,a617,p220327
a617,a617,p220282
a617,a617,p234364
a617,a562,p219516
a617,a81,p215542
a617,a6,p12274
a617,a342,p220357
a617,a617,p233414
a617,a617,p216042
a617,a305,p211822
a617,a123,p215722
a617,a899,p220309
a617,a617,p219252
a617,a81,p215858
a617,a617,p211836
a617,a617,p220287
a617,a305,p12760
a617,a617,p216050
a617,a617,p215630
a617,a667,p13120
a617,a617,p216086
a617,a617,p215742
a617,a169,p211787
a617,a468,p215918
a617,a305,p219536
a617,a270,p232160
a617,a123,p219448
a617,a617,p220305
a617,a562,p219680
a617,a123,p234326
a617,a617,p215970
a617,a979,p231058
a617,a123,p219812
a617,a617,p215514
a617,a617,p220325
a617,a617,p211794
a617,a123,p219328
a617,a617,p216046
a617,a617,p219616
a617,a980,p220395
a617,a123,p219456
a617,a617,p220281
a617,a617,p219508
a617,a468,p216010
a617,a617,p215646
a617,a617,p234060
a617,a617,p234345
a617,a617,p215682
a617,a150,p220381
a617,a73,p11068
a617,a617,p216054
a617,a617,p219344
a617,a617,p10852
a617,a617,p233433
a617,a617,p215486
a617,a617,p215594
a617,a134,p220339
a342,a586,p216018
a342,a319,p127913
a342,a617,p215530
a342,a617,p220369
a342,a500,p120639
a342,a319,p128261
a342,a586,p215902
a342,a231,p128273
a342,a230,p128177
a342,a184,p215578
a342,a635,p235262
a342,a92,p96555
a342,a389,p52202
a342,a762,p1167
a342,a230,p128045
a342,a230,p127909
a342,a762,p1183
a342,a642,p1180
a342,a389,p53282
a342,a184,p215782
a342,a136,p235291
a342,a345,p127997
a342,a230,p128069
a342,a762,p1169
a342,a136,p235296
a342,a617,p220386
a342,a136,p235241
a342,a319,p127857
a342,a762,p1177
a342,a136,p235261
a342,a740,p123177
a342,a617,p220349
a342,a740,p122952
a342,a136,p235236
a342,a610,p122871
a342,a200,p53012
a342,a266,p112987
a343,a647,p176688
a343,a653,p253617
a343,a921,p175738
a343,a136,p177388
a343,a653,p183840
a343,a653,p183322
a343,a468,p195326
a343,a468,p195494
a343,a653,p175022
a343,a230,p228037
a343,a230,p179038
a343,a305,p178788
a343,a305,p176938
a343,a305,p175888
a343,a305,p179696
a343,a230,p174718
a343,a653,p182360
a343,a647,p177738
a343,a647,p178438
a343,a123,p181176
a343,a305,p178338
a343,a755,p175938
a343,a653,p180695
a343,a980,p182249
a343,a305,p176738
a343,a980,p183581
a343,a653,p173902
a343,a305,p177538
a343,a468,p195062
a343,a468,p195254
a343,a305,p177488
a343,a305,p183026
a343,a468,p184247
a343,a230,p180251
a343,a647,p178538
a343,a305,p176538
a343,a343,p253201
a343,a305,p175288
a343,a305,p180325
a343,a305,p176238
a343,a647,p177788
a343,a305,p176438
a343,a980,p176588
a343,a653,p174958
a345,a230,p128217
a345,a231,p128249
a345,a500,p122844
a345,a165,p128141
a345,a941,p53084
a345,a165,p128257
a345,a899,p128109
a345,a230,p52922
a345,a230,p128173
a345,a165,p127885
a345,a941,p127917
a345,a342,p128145
a345,a899,p128161
a345,a230,p51356
a345,a230,p50762
a345,a230,p127905
a345,a230,p127881
a345,a230,p128125
a345,a342,p127989
a345,a941,p50672
a346,a647,p177288
a77,a928,p21580
a77,a928,p21612
a77,a928,p21480
a77,a928,p21864
a77,a928,p21584
a77,a928,p21412
a77,a77,p21472
a77,a928,p21468
a77,a928,p21640
a77,a77,p21470
a77,a928,p21714
a77,a928,p21840
a77,a928,p21978
a607,a253,p33981
a81,a617,p215842
a81,a468,p216058
a610,a230,p121863
a610,a486,p120063
a610,a486,p120693
a610,a486,p123249
a610,a486,p120657
a610,a486,p120162
a610,a486,p121881
a610,a486,p120666
a610,a230,p121845
a610,a486,p120045
a610,a762,p122862
a874,a270,p233813
a880,a232,p219484
a363,a305,p184884
a364,a202,p146763
a364,a928,p62245
a364,a319,p69952
a364,a202,p146795
a364,a200,p53192
a364,a912,p1184
a364,a928,p62567
a364,a928,p61256
a364,a500,p120378
a364,a928,p61187
a106,a950,p216414
a370,a928,p53156
a370,a261,p96423
a370,a123,p194345
a370,a169,p165477
a370,a123,p215882
a370,a941,p72598
a370,a617,p11860
a370,a867,p52706
a370,a270,p232198
a370,a768,p59280
a370,a123,p194624
a370,a928,p51896
a370,a928,p53174
a370,a500,p122016
a370,a928,p51878
a370,a123,p194966
a370,a500,p119910
a370,a928,p51212
a370,a305,p11716
a370,a123,p215690
a370,a123,p194876
a370,a123,p194813
a892,a892,p21730
a892,a950,p165504
a892,a343,p253969
a892,a892,p69937
a892,a859,p21954
a892,a928,p21726
a892,a928,p21224
a892,a224,p69822
a892,a500,p120396
a486,a500,p122250
a486,a500,p120054
a486,a610,p120315
a486,a610,p120081
a486,a610,p121890
a486,a610,p120306
a486,a500,p120351
a486,a500,p120387
a486,a610,p121143
a486,a610,p123321
a486,a610,p121602
a642,a123,p194732
a642,a261,p96277
a642,a912,p1178
a642,a169,p165480
a642,a472,p50510
a642,a617,p227581
a642,a169,p96343
a642,a92,p96367
a642,a106,p216450
a642,a370,p194363
a377,a500,p165495
a899,a345,p128169
a899,a230,p216988
a899,a617,p220308
a899,a40,p216510
a899,a169,p217114
a899,a169,p165447
a899,a230,p121944
a899,a169,p174222
a899,a169,p184605
a899,a153,p217036
a899,a617,p220307
a899,a370,p122034
a899,a153,p217158
a899,a617,p220314
a653,a123,p194750
a653,a343,p180140
a653,a343,p180732
a653,a123,p174206
a653,a305,p184728
a653,a343,p253681
a653,a123,p174702
a653,a169,p199432
a653,a343,p174878
a653,a892,p165372
a653,a343,p182175
a653,a230,p184887
a653,a343,p184358
a653,a305,p173870
a653,a647,p194687
a653,a899,p211759
a653,a343,p176188
a653,a123,p194723
a653,a123,p194372
a653,a239,p184842
a653,a370,p165438
a653,a343,p195502
a653,a305,p194957
a653,a305,p184770
a653,a343,p184469
a653,a123,p174158
a653,a500,p165516
a653,a123,p202960
a653,a123,p203005
a653,a816,p184926
a653,a343,p175038
a653,a343,p174830
a653,a305,p194480
a653,a343,p182434
a653,a305,p184653
a653,a305,p184710
a653,a123,p202879
a653,a123,p194399
a653,a370,p1011
a653,a305,p184782
a909,a808,p96118
a909,a755,p96163
a909,a230,p96451
a909,a230,p96097
a909,a230,p96064
a909,a230,p96214
a909,a755,p96016
a909,a941,p96136
a909,a230,p95974
a909,a941,p96244
a909,a755,p96265
a909,a230,p95980
a909,a230,p96599
a909,a230,p96563
a909,a230,p96283
a909,a230,p96383
a909,a230,p96439
a909,a230,p95905
a909,a230,p96172
a909,a755,p96040
a909,a892,p96031
a909,a230,p96467
a909,a230,p95917
a909,a230,p96371
a389,a342,p52238
a912,a762,p1176
a70,a230,p123069
a70,a230,p120270
a134,a617,p220350
a134,a6,p220374
a134,a617,p220315
a134,a617,p219784
a136,a356,p235301
a136,a342,p235271
a136,a342,p235284
a136,a342,p235239
a136,a136,p235299
a136,a305,p178088
a136,a342,p235251
a136,a343,p178488
a136,a342,p235295
a140,a319,p69812
a921,a343,p175438
a921,a921,p146719
a921,a169,p122421
a921,a921,p195094
a921,a921,p195302
a921,a484,p146827
a921,a230,p120279
a921,a169,p121017
a928,a928,p62337
a928,a33,p21848
a928,a370,p53318
a928,a928,p50546
a928,a928,p61716
a928,a370,p51536
a928,a928,p21674
a928,a928,p62728
a928,a928,p51680
a928,a364,p62659
a928,a54,p21420
a928,a768,p56428
a928,a43,p21872
a928,a77,p21482
a928,a1020,p21528
a928,a859,p21216
a928,a768,p55784
a928,a77,p21476
a928,a702,p21244
a928,a43,p21830
a928,a768,p58820
a928,a319,p62682
a928,a859,p21838
a928,a319,p61739
a928,a54,p52886
a928,a928,p21146
a928,a33,p21662
a928,a1023,p51410
a928,a892,p21732
a928,a77,p21846
a928,a77,p21474
a928,a77,p21492
a928,a319,p61279
a928,a928,p50654
a928,a980,p52724
a928,a859,p21996
a928,a319,p61371
a928,a892,p21256
a928,a54,p52958
a928,a54,p21352
a928,a1020,p21626
a928,a43,p21844
a928,a319,p61555
a928,a319,p62774
a928,a182,p61785
a928,a928,p21162
a928,a768,p55324
a928,a364,p62636
a928,a859,p21100
a928,a77,p21644
a928,a77,p21428
a928,a77,p21414
a928,a224,p61302
a928,a928,p61026
a928,a33,p21666
a928,a370,p50528
a928,a77,p21586
a928,a771,p21588
a928,a77,p21582
a928,a33,p21850
a928,a33,p21578
a928,a77,p21870
a928,a270,p21452
a928,a892,p21434
a928,a657,p21486
a928,a33,p21120
a928,a928,p21600
a928,a33,p21336
a928,a54,p21390
a928,a43,p21874
a928,a928,p21992
a928,a182,p62383
a445,a617,p234734
a677,a979,p234680
a150,a534,p215328
a679,a319,p69737
a941,a941,p123078
a941,a909,p96253
a941,a345,p51392
a941,a500,p122196
a941,a231,p128241
a941,a345,p51320
a941,a740,p122934
a941,a909,p96103
a941,a909,p96315
a941,a345,p50798
a941,a500,p122133
a941,a500,p122178
a941,a345,p128153
a941,a928,p52778
a941,a909,p96151
a941,a740,p123051
a941,a345,p53210
a941,a342,p120414
a941,a740,p122997
a941,a40,p128005
a941,a740,p122961
a941,a686,p72604
a941,a345,p50438
a686,a941,p72520
a165,a230,p128065
a165,a231,p128009
a165,a230,p128085
a165,a445,p234748
a165,a345,p128129
a165,a617,p234678
a165,a345,p127869
a165,a231,p128233
a165,a342,p128101
a169,a123,p211780
a169,a500,p51464
a169,a979,p232920
a169,a123,p216150
a169,a123,p199600
a169,a123,p174190
a169,a123,p199936
a169,a123,p200044
a169,a762,p1170
a169,a123,p199624
a169,a305,p175338
a169,a921,p123285
a169,a123,p194462
a169,a642,p216534
a169,a169,p165435
a169,a123,p180362
a169,a305,p180029
a169,a610,p122880
a169,a123,p199264
a169,a261,p96415
a169,a979,p234738
a169,a363,p184914
a169,a123,p216282
a169,a123,p174334
a169,a921,p120612
a169,a169,p199420
a169,a123,p180436
a169,a261,p96339
a169,a169,p199240
a169,a123,p199072
a950,a617,p220313
a950,a500,p165492
a950,a40,p216378
a950,a899,p220417
a950,a617,p220415
a951,a317,p69727
a430,a1003,p233110
a430,a980,p234288
a970,a319,p35177
a702,a77,p21892
a702,a892,p21896
a182,a364,p61118
a182,a182,p61923
a647,a305,p177138
a647,a642,p194651
a647,a343,p178288
a647,a343,p177938
a647,a468,p194498
a647,a346,p177588
a647,a123,p194453
a647,a165,p184635
a647,a123,p194444
a647,a343,p176888
a647,a123,p194660
a647,a343,p177638
a647,a305,p175788
a647,a123,p194642
a647,a343,p177988
a647,a305,p176088
a647,a123,p194336
a647,a123,p199480
a710,a230,p120999
a710,a500,p120234
a710,a500,p120585
a967,a941,p72595
a622,a136,p235294
a622,a874,p233091
a200,a342,p52976
a200,a1019,p53102
a200,a1019,p52832
a202,a364,p146859
a979,a270,p232578
a979,a617,p233224
a755,a123,p219284
a755,a123,p219472
a755,a230,p96229
a755,a123,p219636
a755,a909,p96268
a755,a123,p219428
a755,a123,p211563
a755,a232,p219420
a755,a909,p96034
a755,a909,p96139
a755,a123,p219500
a755,a941,p121062
a755,a343,p177838
a755,a980,p211808
a755,a123,p219260
a468,a370,p215806
a468,a586,p215910
a468,a343,p195158
a468,a239,p184920
a468,a617,p216026
a468,a305,p194669
a468,a343,p195246
a468,a305,p199348
a468,a980,p215890
a468,a270,p232882
a468,a123,p194633
a468,a123,p194417
a468,a343,p195038
a468,a123,p200068
a261,a642,p96575
a261,a319,p96169
a356,a136,p235277
a472,a500,p122817
a472,a500,p122790
a472,a230,p122826
a472,a500,p122799
a472,a500,p165369
a472,a472,p122808
a472,a500,p146839
a474,a319,p35189
a474,a319,p35275
a474,a319,p35282
a153,a230,p216956
a153,a153,p216938
a740,a941,p122943
a740,a342,p122970
a740,a941,p122988
a740,a740,p123024
a740,a740,p123033
a859,a892,p21152
a859,a77,p21860
a859,a803,p35182
a859,a1026,p21966
a859,a892,p21762
a859,a803,p35215
a859,a1020,p21114
a859,a859,p35290
a859,a928,p21098
a859,a928,p21308
a859,a859,p21254
a859,a1026,p21112
a859,a803,p35153
a859,a892,p21834
a859,a1020,p21964
a859,a892,p21708
a1003,a230,p229994
a1003,a430,p233281
a230,a500,p122718
a230,a343,p176288
a230,a909,p96487
a230,a70,p120441
a230,a345,p128221
a230,a345,p53336
a230,a909,p95971
a230,a909,p96055
a230,a345,p127929
a230,a363,p184863
a230,a345,p128181
a230,a610,p121269
a230,a909,p96124
a230,a909,p96157
a230,a342,p128053
a230,a500,p120036
a230,a909,p96235
a230,a909,p96154
a230,a909,p96391
a230,a165,p128269
a230,a909,p96375
a230,a740,p123114
a230,a1003,p229956
a230,a345,p51770
a230,a610,p120702
a230,a909,p96303
a230,a941,p88356
a230,a500,p123312
a230,a909,p96471
a230,a486,p120495
a230,a343,p227296
a230,a202,p146743
a230,a610,p121332
a230,a430,p233167
a230,a762,p122745
a230,a610,p121350
a230,a343,p182915
a230,a345,p127889
a230,a342,p128049
a230,a610,p120198
a230,a653,p184542
a230,a343,p178838
a230,a345,p51194
a230,a345,p128081
a230,a557,p69867
a230,a909,p96223
a230,a319,p128197
a230,a642,p51428
a230,a319,p127849
a230,a343,p182730
a230,a500,p122052
a230,a70,p122493
a230,a345,p127925
a230,a233,p96190
a230,a319,p128265
a230,a750,p96115
a230,a165,p128225
a230,a261,p96363
a230,a500,p122223
a230,a343,p183063
a230,a305,p179088
a230,a610,p122043
a230,a342,p128157
a230,a343,p178188
a230,a233,p95983
a230,a909,p96127
a230,a610,p123267
a230,a343,p228094
a230,a370,p119928
a230,a342,p127969
a230,a70,p123096
a230,a931,p120963
a230,a165,p128073
a230,a642,p1164
a230,a500,p122511
a230,a500,p122502
a230,a153,p216942
a230,a653,p184878
a230,a342,p128097
a230,a342,p127981
a230,a909,p96531
a230,a224,p120189
a230,a909,p96459
a230,a342,p128189
a230,a233,p95962
a230,a343,p174254
a230,a472,p122061
a750,a230,p96259
a750,a319,p96106
a231,a165,p128229
a231,a165,p128017
a231,a342,p128037
a231,a345,p127985
a232,a123,p219416
a232,a617,p219580
a232,a617,p12778
a232,a370,p11176
a232,a880,p219380
a232,a305,p219736
a232,a123,p219744
a232,a617,p219560
a232,a123,p219660
a232,a123,p219368
a233,a230,p95977
a233,a319,p96184
a233,a319,p96145
a233,a583,p96187
a233,a319,p96199
a586,a468,p215898
a586,a617,p216014
a980,a123,p199852
a980,a123,p199132
a980,a343,p184136
a980,a123,p204283
a980,a1003,p228379
a980,a123,p199456
a980,a232,p217098
a980,a123,p199372
a980,a343,p226213
a980,a343,p175688
a980,a343,p183248
a980,a343,p183433
a980,a123,p216426
a980,a305,p10636
a980,a123,p219548
a980,a343,p182619
a980,a653,p252849
a980,a123,p211570
a980,a979,p12850
a980,a343,p177238
a980,a617,p220400
a980,a123,p211731
a980,a980,p228550
a980,a342,p215790
a931,a345,p128041
a319,a319,p35235
a319,a803,p35156
a319,a54,p35170
a319,a928,p62038
a319,a572,p35268
a319,a233,p95911
a319,a803,p35230
a319,a319,p96007
a319,a342,p127897
a319,a230,p128205
a319,a230,p128193
a319,a803,p35264
a319,a230,p112895
a319,a928,p62613
a319,a803,p35241
a319,a928,p61049
a319,a803,p35209
a319,a928,p62268
a319,a803,p35243
a319,a803,p35219
a319,a520,p35254
a319,a803,p35238
a319,a233,p95932
a319,a928,p62084
a319,a803,p35221
a319,a928,p62544
a319,a233,p96181
a319,a928,p62498
a319,a319,p35240
a319,a233,p96001
a319,a970,p35211
a319,a520,p35223
a319,a520,p35188
a319,a233,p96205
a319,a342,p127853
a319,a319,p112875
a319,a803,p35150
a319,a319,p35232
a319,a319,p95920
a319,a572,p35141
a319,a474,p35276
a319,a928,p61417
a319,a342,p127893
a319,a319,p35245
a319,a572,p35239
a319,a803,p35134
a319,a803,p35291
a319,a928,p61164
a319,a230,p127933
a319,a233,p96193
a319,a230,p128089
a319,a572,p35274
a239,a468,p184923
a239,a653,p184845
a73,a73,p11896
a73,a6,p12022
a73,a617,p220299
a73,a617,p11932
a816,a305,p184890
a500,a931,p120945
a500,a230,p122115
a500,a653,p165483
a500,a653,p165375
a500,a486,p122448
a500,a941,p122187
a500,a486,p120207
a500,a230,p51338
a500,a941,p122160
a500,a370,p119991
a500,a230,p122529
a500,a486,p120549
a500,a230,p120153
a500,a342,p120333
a500,a899,p121953
a500,a230,p120252
a500,a486,p120324
a500,a370,p123186
a500,a486,p120360
a500,a610,p120747
a1019,a342,p53048
a1019,a572,p51824
a1019,a472,p52850
a1019,a200,p50708
a1020,a859,p21868
a1020,a928,p21618
a1020,a859,p21070
a1020,a928,p21524
a762,a486,p121935
a762,a342,p1168
a762,a169,p1172
a762,a912,p1175
a762,a342,p1174
a762,a342,p1166
a1026,a859,p21072
a1026,a859,p21938
a768,a370,p55416
a768,a928,p59372
a768,a928,p57808
a253,a370,p33123
a253,a253,p33633
a253,a259,p33453
a253,a253,p33201
a771,a928,p21576
a1,a358,p60200
a1,a391,p60764
a1,a988,p60760
a1,a358,p54850
a1,a787,p54654
a1,a391,p60680
a1,a857,p60708
a1,a675,p60268
a1,a105,p37898
a1,a857,p60292
a1,a1,p54862
a259,a197,p43218
a259,a197,p44498
a259,a105,p44858
a259,a197,p41558
a259,a259,p45678
a259,a197,p45558
a259,a105,p39998
a259,a197,p43418
a259,a259,p44078
a259,a197,p44058
a259,a259,p45858
a259,a105,p44878
a259,a105,p45318
a259,a197,p45598
a259,a259,p44478
a259,a31,p44598
a259,a259,p44698
a259,a197,p45638
a259,a852,p43918
a259,a259,p45758
a521,a521,p17161
a521,a930,p17192
a781,a20,p225229
a781,a20,p225390
a781,a549,p246556
a781,a20,p225369
a108,a620,p88730
a108,a193,p77211
a108,a798,p126446
a108,a105,p83307
a108,a343,p73203
a108,a105,p87099
a108,a798,p126334
a108,a105,p81531
a108,a144,p86201
a108,a105,p89080
a108,a105,p88644
a108,a343,p74643
a108,a105,p89426
a108,a105,p75411
a108,a798,p125894
a108,a798,p126166
a108,a105,p79659
a108,a798,p126942
a108,a105,p88914
a108,a798,p125694
a108,a798,p126230
a108,a798,p126830
a108,a105,p79395
a108,a105,p83955
a108,a105,p88732
a108,a105,p88824
a108,a105,p89076
a108,a798,p126270
a108,a343,p82587
a108,a343,p81939
a108,a798,p125958
a108,a343,p80835
a108,a105,p88756
a108,a343,p85371
a108,a876,p86161
a108,a105,p73371
a108,a798,p126326
a108,a798,p125606
a108,a105,p77187
a108,a343,p73419
a108,a876,p86441
a108,a105,p89238
a108,a105,p84675
a108,a343,p79419
a108,a105,p84051
a108,a105,p89454
a108,a105,p85347
a108,a105,p88612
a108,a105,p89004
a108,a144,p86129
a108,a798,p125526
a108,a144,p86337
a108,a358,p127194
a108,a105,p82971
a108,a343,p77139
a108,a144,p86465
a108,a876,p86241
a1009,a105,p83835
a787,a185,p29688
a229,a358,p46338
a229,a637,p40378
a229,a637,p39378
a229,a637,p45998
a229,a358,p46478
a534,a358,p119567
a802,a358,p47838
a802,a358,p54586
a802,a549,p35978
a802,a105,p38198
a802,a358,p54842
a802,a624,p54606
a675,a1,p60266
a675,a1,p60716
a675,a857,p60230
a675,a857,p60204
a675,a1,p60270
a675,a69,p60232
a675,a1,p60274
a20,a868,p225376
a20,a808,p149013
a20,a209,p205126
a20,a556,p225544
a20,a634,p205078
a20,a180,p148605
a20,a634,p205134
a20,a808,p148701
a20,a549,p148785
a20,a484,p149685
a20,a808,p148929
a20,a617,p225474
a20,a808,p149229
a20,a781,p225537
a20,a20,p149175
a20,a549,p149619
a20,a484,p149673
a20,a781,p225159
a20,a634,p205174
a20,a556,p225551
a285,a105,p77571
a285,a105,p80931
a285,a144,p86313
a285,a105,p84195
a285,a105,p77019
a285,a105,p87173
a285,a105,p78003
a285,a105,p87079
a285,a857,p87155
a285,a144,p86537
a387,a637,p47918
a387,a624,p41298
a387,a1,p46398
a806,a806,p17203
a807,a420,p211063
a807,a105,p206755
a807,a239,p208999
a807,a239,p208927
a808,a534,p96940
a808,a876,p148767
a808,a857,p127459
a808,a20,p149631
a808,a20,p149523
a808,a20,p149079
a808,a20,p149469
a808,a69,p96913
a84,a930,p32672
a84,a930,p32650
a780,a624,p41218
a780,a624,p40758
a780,a624,p42478
a780,a624,p39958
a556,a556,p225173
a556,a617,p225355
a556,a20,p225313
a556,a781,p225404
a556,a105,p207319
a556,a617,p225600
a556,a340,p225222
a556,a781,p225439
a556,a617,p225502
a558,a857,p60756
a559,a185,p30072
a559,a843,p17207
a559,a843,p17189
a559,a843,p17172
a414,a662,p42418
a585,a549,p164988
a309,a930,p32661
a309,a550,p32663
a239,a1003,p208699
a239,a497,p208747
a239,a1003,p208735
a239,a807,p206779
a239,a556,p218768
a239,a1003,p209083
a239,a807,p208939
a239,a972,p208627
a597,a122,p246754
a597,a122,p246724
a583,a549,p218564
a852,a919,p29288
a852,a913,p32644
a852,a919,p30080
a852,a942,p30344
a798,a857,p126678
a798,a108,p125622
a798,a108,p126686
a798,a108,p126366
a798,a108,p126158
a798,a108,p125614
a798,a108,p126238
a798,a211,p125974
a798,a798,p126214
a798,a108,p125942
a798,a211,p126262
a798,a857,p125550
a798,a211,p127014
a798,a857,p126838
a798,a108,p127022
a798,a108,p126518
a798,a211,p126222
a798,a497,p126062
a798,a211,p126286
a798,a108,p126206
a798,a857,p126950
a798,a857,p125790
a798,a211,p125886
a798,a624,p125654
a798,a798,p126846
a798,a211,p125462
a798,a211,p126758
a188,a364,p66436
a857,a498,p75651
a857,a798,p125910
a857,a105,p88936
a857,a798,p125598
a857,a497,p127380
a857,a358,p66344
a857,a108,p89074
a857,a105,p86831
a857,a69,p47698
a857,a988,p60712
a857,a105,p86703
a857,a105,p89482
a857,a534,p119552
a857,a105,p87193
a857,a105,p86981
a857,a105,p87195
a857,a105,p86823
a857,a358,p60722
a857,a105,p88646
a857,a105,p86813
a857,a1,p60702
a857,a105,p78099
a857,a549,p87179
a857,a675,p60324
a857,a69,p88734
a857,a69,p60216
a857,a193,p1809
a857,a1,p60696
a857,a193,p89382
a857,a497,p126934
a857,a358,p60750
a857,a497,p97309
a857,a549,p123335
a857,a358,p60710
a857,a549,p73923
a857,a798,p125582
a857,a798,p126694
a857,a502,p119553
a857,a358,p86891
a857,a105,p86721
a857,a285,p78123
a857,a211,p126030
a857,a105,p76851
a857,a497,p89290
a857,a105,p88656
a857,a193,p125421
a857,a391,p60682
a857,a391,p60732
a857,a549,p97120
a857,a534,p97246
a857,a211,p125774
a857,a798,p125870
a857,a69,p97273
a857,a358,p87199
a857,a69,p1599
a857,a497,p125423
a857,a105,p76779
a857,a114,p93572
a857,a69,p97345
a857,a391,p60748
a857,a105,p83427
a857,a675,p60318
a857,a69,p60206
a857,a105,p87147
a857,a675,p60196
a857,a69,p60260
a857,a108,p89176
a857,a358,p60700
a857,a391,p60768
a857,a105,p86691
a857,a1,p66348
a857,a498,p75987
a857,a69,p89458
a857,a798,p126822
a857,a808,p127349
a857,a105,p87185
a857,a1,p2810
a857,a798,p126614
a857,a105,p87197
a857,a497,p127384
a857,a108,p86705
a857,a193,p2306
a857,a108,p88664
a857,a675,p60744
a857,a549,p97264
a857,a193,p95165
a857,a1,p60192
a857,a105,p87139
a857,a193,p2229
a857,a69,p2754
a857,a497,p89204
a857,a857,p89090
a857,a105,p75939
a857,a144,p86321
a69,a358,p39138
a69,a857,p2831
a69,a114,p93491
a69,a358,p60218
a69,a857,p60184
a69,a358,p54922
a69,a197,p43098
a69,a358,p46038
a69,a497,p97336
a69,a857,p93590
a69,a802,p36018
a69,a364,p66376
a69,a675,p60312
a69,a497,p88660
a69,a857,p60198
a69,a193,p96850
a69,a534,p97066
a69,a96,p123447
a69,a857,p88736
a69,a857,p97318
a69,a358,p119573
a69,a857,p88678
a340,a20,p225215
a340,a556,p225362
a502,a358,p119550
a79,a875,p32163
a868,a20,p225327
a31,a31,p44818
a396,a806,p17186
a617,a20,p225285
a617,a58,p225208
a617,a556,p225383
a617,a556,p225446
a617,a58,p225236
a617,a556,p225453
a876,a876,p86625
a876,a193,p86305
a876,a549,p86433
a876,a108,p86489
a876,a108,p86449
a96,a857,p123489
a96,a549,p123482
a358,a391,p60738
a358,a1,p60194
a358,a534,p119577
a358,a229,p46438
a358,a1,p54726
a358,a1,p60308
a358,a69,p54558
a358,a857,p119543
a358,a358,p47938
a358,a391,p60752
a358,a193,p119540
a358,a69,p119571
a358,a624,p46158
a358,a624,p39238
a358,a857,p60742
a358,a193,p66398
a358,a857,p60774
a358,a624,p46198
a358,a857,p60740
a358,a857,p60692
a358,a675,p60314
a358,a549,p144418
a358,a193,p66428
a358,a1,p60688
a621,a211,p125400
a105,a108,p94328
a105,a857,p88682
a105,a193,p80259
a105,a193,p87167
a105,a193,p81147
a105,a857,p76899
a105,a285,p86919
a105,a108,p83619
a105,a108,p73611
a105,a193,p73875
a105,a972,p208051
a105,a857,p89364
a105,a549,p210919
a105,a285,p86681
a105,a197,p42598
a105,a197,p89208
a105,a497,p209263
a105,a549,p209395
a105,a549,p88746
a105,a193,p89372
a105,a193,p82875
a105,a193,p87077
a105,a197,p36398
a105,a736,p207415
a105,a108,p79611
a105,a259,p44778
a105,a193,p80571
a105,a193,p78531
a105,a857,p86827
a105,a857,p86735
a105,a857,p83643
a105,a193,p87069
a105,a108,p76755
a105,a972,p207355
a105,a193,p87171
a105,a163,p54610
a105,a972,p207703
a105,a193,p73347
a105,a197,p41098
a105,a972,p209539
a105,a857,p78555
a105,a549,p210175
a105,a108,p89086
a105,a549,p207691
a105,a193,p87117
a105,a497,p89156
a105,a549,p207799
a105,a972,p208003
a105,a549,p89530
a105,a108,p84531
a105,a325,p207487
a105,a108,p89068
a105,a857,p87191
a105,a857,p86667
a105,a108,p88724
a105,a624,p41158
a105,a108,p85899
a105,a857,p87187
a105,a193,p78771
a105,a193,p79563
a105,a108,p88912
a105,a358,p86943
a105,a549,p88694
a105,a624,p42078
a105,a108,p83211
a105,a197,p44758
a105,a857,p87159
a105,a497,p89294
a105,a193,p81219
a105,a857,p76923
a105,a857,p87075
a105,a197,p41518
a105,a285,p76563
a105,a549,p210583
a105,a857,p76827
a105,a108,p89180
a105,a972,p209839
a105,a556,p207463
a105,a108,p89422
a105,a549,p87081
a105,a193,p87067
a105,a497,p94940
a105,a689,p77955
a105,a108,p88628
a105,a802,p37458
a105,a108,p79251
a105,a857,p87183
a105,a193,p89206
a105,a857,p86833
a105,a193,p86959
a105,a108,p89002
a105,a193,p82131
a105,a193,p89374
a105,a105,p36998
a105,a972,p210163
a105,a193,p89230
a105,a108,p77331
a105,a108,p73539
a105,a549,p210955
a105,a857,p76947
a105,a108,p82083
a105,a972,p208087
a105,a197,p41238
a105,a193,p89498
a105,a972,p207559
a105,a193,p75387
a105,a193,p76731
a105,a857,p86677
a105,a108,p89496
a105,a193,p83715
a105,a197,p38118
a105,a108,p83739
a105,a972,p207955
a105,a637,p36238
a105,a852,p43458
a105,a857,p78579
a105,a637,p40918
a105,a193,p86869
a105,a549,p211087
a105,a197,p36418
a105,a285,p84819
a105,a857,p87161
a105,a193,p73275
a105,a624,p42938
a105,a972,p209563
a105,a857,p88712
a105,a972,p207475
a105,a857,p88940
a105,a193,p89304
a105,a193,p74691
a105,a108,p73683
a105,a285,p78051
a105,a193,p84867
a105,a549,p89524
a105,a197,p48178
a105,a105,p82539
a105,a193,p85323
a105,a108,p86709
a105,a197,p39798
a105,a857,p84483
a105,a325,p207619
a105,a108,p88800
a105,a497,p89152
a105,a857,p76491
a105,a193,p87107
a105,a972,p207607
a105,a108,p75099
a105,a549,p208363
a105,a197,p36358
a105,a285,p77235
a105,a193,p80595
a105,a497,p87085
a105,a197,p89184
a105,a857,p88650
a105,a193,p84651
a105,a193,p74211
a105,a807,p211099
a105,a108,p89064
a105,a972,p206827
a105,a857,p89520
a105,a193,p75675
a364,a857,p66362
a144,a285,p86097
a144,a285,p86289
a144,a285,p86153
a144,a285,p86385
a144,a108,p86369
a144,a108,p86649
a634,a549,p246712
a634,a20,p205110
a634,a20,p205166
a634,a634,p204558
a634,a420,p204590
a634,a20,p204526
a634,a597,p246568
a634,a420,p204926
a634,a634,p165177
a634,a634,p164463
a634,a20,p205054
a634,a420,p205094
a634,a972,p205206
a634,a902,p246772
a637,a624,p39658
a637,a229,p39318
a637,a624,p37278
a637,a197,p47898
a637,a620,p89486
a637,a197,p38978
a637,a624,p43818
a637,a1,p41578
a637,a197,p41418
a637,a197,p41598
a637,a197,p36498
a637,a197,p36158
a637,a197,p41478
a637,a624,p41618
a637,a197,p35678
a637,a197,p37358
a637,a624,p42318
a637,a108,p85467
a637,a59,p36098
a637,a197,p44998
a637,a197,p36178
a637,a624,p36058
a637,a197,p40058
a637,a197,p47958
a637,a620,p89296
a637,a624,p47618
a637,a624,p40518
a637,a197,p37218
a637,a197,p36138
a637,a197,p46078
a637,a59,p37338
a637,a624,p45718
a637,a624,p38038
a637,a1,p54766
a637,a197,p40618
a637,a197,p37258
a637,a624,p39398
a637,a197,p43378
a637,a229,p38178
a637,a624,p37318
a637,a852,p46758
a637,a197,p39778
a637,a229,p47038
a637,a197,p38298
a637,a662,p44958
a574,a549,p209923
a574,a549,p218728
a574,a239,p209791
a574,a972,p209707
a574,a239,p205576
a574,a420,p205436
a574,a972,p209695
a574,a549,p209347
a574,a239,p209095
a376,a358,p41958
a114,a69,p93464
a118,a358,p60778
a122,a509,p246478
a122,a509,p246814
a122,a597,p246820
a906,a358,p119566
a908,a420,p149595
a908,a808,p148707
a908,a808,p148617
a492,a185,p29400
a913,a84,p32635
a620,a637,p88760
a136,a420,p210511
a325,a209,p205158
a325,a549,p205446
a325,a105,p207427
a325,a20,p205102
a325,a972,p204622
a325,a105,p207547
a325,a972,p204614
a919,a852,p29416
a919,a185,p29848
a919,a852,p29408
a919,a185,p29584
a919,a185,p29840
a919,a185,p29648
a919,a185,p29464
a919,a185,p30200
a919,a185,p30008
a919,a185,p29472
a919,a185,p29424
a919,a185,p30024
a919,a691,p30192
a923,a197,p35558
a930,a806,p17171
a930,a852,p32166
a678,a343,p81675
a678,a105,p81651
a157,a239,p218556
a942,a185,p29504
a942,a852,p30352
a942,a185,p29368
a942,a919,p29392
a689,a105,p77619
a163,a1,p54694
a163,a358,p54578
a420,a549,p210463
a420,a972,p204902
a420,a972,p204854
a420,a972,p204878
a420,a908,p148821
a420,a972,p206767
a420,a549,p210703
a420,a497,p246634
a420,a972,p210559
a420,a908,p148971
a420,a420,p204990
a420,a634,p204566
a420,a549,p210655
a420,a574,p205476
a691,a919,p29808
a550,a930,p32168
a550,a539,p32193
a428,a193,p2887
a58,a617,p225341
a599,a550,p32651
a180,a20,p149253
a180,a808,p148893
a180,a20,p149037
a180,a20,p149355
a180,a20,p149313
a436,a678,p1655
a958,a185,p29728
a958,a185,p29920
a185,a942,p30104
a185,a919,p29568
a185,a919,p29376
a185,a958,p29320
a185,a919,p30048
a185,a919,p29480
a185,a919,p29344
a185,a549,p29936
a185,a185,p29576
a185,a549,p29896
a185,a919,p29744
a185,a185,p29872
a185,a549,p29952
a185,a919,p29448
a960,a781,p246586
a193,a105,p81819
a193,a193,p89046
a193,a105,p86961
a193,a358,p119582
a193,a105,p89466
a193,a358,p119580
a193,a105,p89298
a193,a105,p87057
a193,a105,p79347
a193,a105,p89370
a193,a105,p78915
a193,a105,p82299
a193,a343,p82779
a193,a105,p80283
a193,a105,p73707
a193,a857,p88668
a193,a105,p87089
a193,a105,p86845
a193,a105,p84843
a193,a105,p75819
a193,a105,p79851
a193,a358,p87105
a193,a105,p83883
a193,a193,p73227
a193,a105,p86899
a193,a105,p75267
a193,a105,p83019
a193,a105,p84627
a193,a358,p66372
a193,a105,p79323
a193,a343,p80715
a193,a343,p85515
a193,a105,p83331
a193,a105,p89008
a193,a144,p86553
a193,a105,p84891
a193,a105,p86849
a193,a105,p74739
a193,a105,p85995
a193,a105,p88942
a193,a343,p83187
a193,a497,p88788
a193,a105,p73827
a193,a105,p73971
a193,a343,p82419
a193,a436,p1669
a193,a105,p83859
a193,a69,p97093
a193,a193,p84171
a193,a105,p78147
a193,a105,p86987
a193,a105,p89192
a193,a105,p75627
a193,a105,p86865
a193,a105,p84291
a193,a105,p75339
a193,a857,p1949
a193,a343,p79083
a193,a105,p89038
a193,a105,p79707
a193,a428,p1732
a193,a193,p97057
a193,a105,p77163
a193,a105,p89320
a193,a105,p85635
a193,a105,p75795
a193,a144,p86113
a193,a105,p86901
a193,a105,p80859
a193,a343,p80811
a193,a105,p73659
a193,a857,p1788
a193,a857,p87135
a193,a105,p84795
a193,a358,p87073
a193,a105,p80691
a193,a105,p93887
a193,a358,p66394
a193,a105,p73755
a193,a105,p75483
a193,a358,p66424
a193,a105,p85971
a197,a259,p44518
a197,a259,p48578
a197,a637,p41818
a197,a105,p38578
a197,a259,p44458
a197,a105,p43958
a197,a105,p42718
a197,a637,p36198
a197,a105,p45018
a197,a105,p41118
a197,a637,p48138
a197,a105,p36918
a197,a105,p36758
a197,a637,p47298
a197,a637,p39278
a197,a637,p38758
a197,a105,p37438
a197,a637,p39838
a197,a105,p89186
a197,a31,p44298
a197,a69,p88764
a197,a259,p41638
a197,a105,p36318
a197,a259,p45038
a197,a637,p45978
a197,a637,p41718
a197,a637,p44618
a197,a259,p45618
a197,a105,p41178
a197,a624,p41038
a197,a637,p46918
a197,a105,p42758
a197,a259,p45578
a197,a259,p48258
a197,a259,p43058
a197,a624,p144113
a197,a105,p37778
a197,a259,p44738
a197,a637,p41778
a197,a105,p36338
a197,a637,p36518
a197,a105,p40958
a197,a358,p37418
a197,a637,p43038
a197,a1,p42678
a197,a852,p38658
a197,a637,p36878
a197,a637,p40898
a197,a624,p35918
a197,a637,p39638
a197,a637,p44218
a197,a637,p43598
a197,a105,p36378
a972,a105,p207367
a972,a105,p207439
a972,a105,p210943
a972,a20,p204678
a972,a634,p204550
a972,a105,p207511
a972,a105,p208075
a972,a105,p207571
a972,a420,p204846
a972,a105,p208615
a972,a105,p207931
a972,a549,p209947
a972,a105,p209851
a972,a105,p208219
a972,a105,p207643
a972,a972,p207859
a972,a497,p204918
a972,a105,p209551
a972,a105,p208015
a972,a634,p204606
a972,a105,p207979
a972,a634,p205190
a972,a420,p204886
a972,a420,p210499
a972,a105,p209527
a972,a420,p210715
a972,a420,p204862
a972,a105,p206743
a972,a105,p206995
a972,a105,p208123
a391,a1,p60770
a391,a1,p60746
a391,a857,p60736
a391,a1,p60714
a391,a857,p60772
a391,a857,p60762
a549,a105,p210991
a549,a808,p127337
a549,a105,p88738
a549,a343,p74883
a549,a58,p225495
a549,a105,p89526
a549,a239,p218724
a549,a20,p149613
a549,a105,p209335
a549,a857,p87003
a549,a185,p29944
a549,a420,p210727
a549,a583,p218652
a549,a108,p86561
a549,a420,p210835
a549,a574,p205406
a549,a358,p144448
a549,a105,p207739
a549,a105,p89512
a549,a185,p29912
a549,a808,p94130
a549,a343,p73899
a549,a105,p209899
a549,a876,p86505
a549,a343,p73179
a549,a420,p210571
a549,a420,p207055
a549,a624,p144213
a549,a343,p81771
a549,a105,p208303
a549,a185,p29968
a549,a185,p29616
a549,a105,p37078
a549,a105,p82275
a549,a808,p97453
a549,a105,p207379
a549,a105,p207655
a549,a534,p97165
a549,a497,p147549
a549,a105,p88692
a549,a105,p210595
a549,a105,p87165
a549,a239,p208891
a549,a20,p148839
a549,a420,p210487
a549,a876,p86177
a211,a857,p125766
a211,a798,p126886
a211,a621,p125401
a211,a798,p126006
a211,a798,p126878
a211,a798,p126606
a211,a798,p125918
a211,a193,p127254
a211,a798,p126102
a211,a798,p126374
a211,a798,p126182
a211,a857,p126070
a211,a798,p126718
a211,a497,p125814
a472,a20,p149325
a733,a193,p79779
a736,a634,p205046
a736,a239,p208651
a736,a497,p204542
a736,a420,p205486
a736,a105,p210847
a736,a105,p207403
a736,a105,p207523
a736,a574,p205226
a509,a122,p246490
a509,a122,p246778
a509,a122,p246706
a509,a597,p246760
a1003,a239,p208723
a1003,a239,p208639
a1003,a497,p208675
a1003,a239,p209071
a1003,a105,p207499
a484,a20,p149073
a484,a20,p149679
a484,a20,p149667
a484,a20,p149727
a484,a185,p29704
a484,a808,p149217
a843,a806,p17201
a843,a559,p17159
a843,a559,p17168
a843,a559,p17175
a371,a736,p208567
a624,a624,p44358
a624,a798,p126342
a624,a780,p40938
a624,a549,p144618
a624,a358,p46238
a624,a637,p41978
a624,a637,p54806
a624,a637,p48318
a624,a549,p144658
a624,a197,p46978
a624,a358,p46178
a624,a358,p54562
a624,a387,p39878
a624,a637,p40978
a624,a637,p43238
a624,a387,p42138
a624,a466,p54666
a624,a358,p39258
a624,a637,p37398
a624,a798,p126086
a624,a637,p46138
a624,a105,p42918
a624,a637,p38158
a624,a1,p54926
a624,a857,p42178
a624,a780,p42118
a624,a798,p125630
a624,a780,p40798
a624,a637,p37058
a624,a637,p44338
a624,a802,p54614
a624,a637,p40638
a624,a798,p126398
a497,a972,p208135
a497,a509,p246496
a497,a497,p94616
a497,a497,p127746
a497,a108,p125990
a497,a857,p125798
a497,a497,p208147
a497,a497,p127420
a497,a108,p125566
a497,a574,p209251
a497,a193,p94157
a497,a211,p126742
a497,a497,p89282
a497,a193,p66432
a497,a211,p127743
a497,a193,p127232
a497,a534,p96670
a497,a497,p88864
a497,a972,p204894
a497,a534,p96742
a497,a497,p88868
a497,a857,p89200
a497,a497,p94868
a497,a497,p147527
a497,a108,p76155
a497,a857,p127767
a497,a497,p147556
a497,a561,p66354
a497,a193,p88822
a497,a497,p66434
a497,a634,p205118
a497,a69,p97327
a497,a808,p127659
a497,a497,p127404
a497,a105,p94391
a497,a857,p89286
a497,a497,p88872
a497,a857,p127190
a497,a193,p86859
a497,a497,p94139
a497,a549,p147560
a497,a69,p88654
a497,a857,p125426
a497,a736,p208663
a497,a857,p125383
a497,a497,p147528
a497,a497,p147595
a497,a497,p88866
a497,a497,p88858
a497,a857,p127381
a497,a497,p76371
a497,a857,p97282
a497,a193,p119564
a497,a493,p246616
a497,a497,p88706
a498,a105,p75123
a243,a500,p173514
a343,a108,p79515
a343,a549,p73395
a343,a108,p79059
a343,a549,p74139
a343,a193,p81075
a343,a678,p82899
a343,a193,p82323
a343,a108,p79035
a343,a108,p73467
a343,a108,p73491
a343,a108,p81195
a343,a193,p85179
a343,a108,p82371
a343,a105,p81363
a343,a108,p85539
a343,a108,p76203
a343,a108,p80523
a343,a1,p60220
a6,a574,p218338
a6,a935,p218384
a6,a935,p218356
a6,a935,p218312
a529,a205,p142120
a529,a205,p142145
a529,a472,p145928
a529,a472,p145938
a529,a472,p146618
a529,a205,p142151
a529,a472,p146678
a529,a205,p142155
a865,a759,p60965
a865,a759,p60968
a865,a759,p70004
a865,a759,p70039
a865,a759,p60899
a865,a759,p70018
a865,a759,p60977
a865,a759,p70064
a865,a118,p70009
a865,a759,p70002
a268,a349,p235229
a268,a349,p254902
a268,a349,p235217
a268,a1003,p251317
a268,a349,p254880
a268,a349,p254897
a268,a349,p235192
a268,a349,p235170
a268,a430,p211911
a268,a349,p235195
a268,a349,p254876
a268,a509,p211902
a268,a268,p211882
a268,a873,p211881
a268,a349,p235167
a268,a349,p251285
a268,a349,p235212
a268,a509,p254882
a268,a268,p211883
a268,a349,p235174
a268,a649,p211884
a268,a1003,p251229
a268,a347,p211909
a795,a301,p32763
a795,a240,p32997
a795,a390,p34656
a534,a717,p217179
a534,a717,p217230
a534,a717,p217425
a534,a717,p217182
a534,a105,p211923
a534,a902,p217233
a273,a647,p172950
a535,a759,p54465
a535,a759,p54390
a535,a69,p54496
a535,a935,p54381
a539,a390,p32134
a284,a692,p2992
a284,a692,p211913
a284,a692,p247046
a284,a692,p234912
a284,a692,p234946
a284,a692,p211873
a284,a268,p254873
a284,a406,p234920
a174,a514,p119896
a174,a514,p119871
a174,a514,p119826
a174,a884,p119756
a174,a241,p119791
a174,a514,p119821
a174,a514,p119796
a174,a884,p119886
a174,a514,p119876
a174,a514,p119811
a387,a69,p54393
a387,a69,p54436
a387,a69,p54523
a387,a924,p54474
a387,a69,p54469
a387,a69,p54512
a26,a173,p3816
a26,a205,p3270
a26,a205,p3309
a26,a205,p3426
a26,a577,p4011
a26,a577,p4050
a26,a577,p3933
a26,a577,p4193
a26,a577,p3725
a26,a577,p3608
a26,a205,p3088
a26,a205,p3036
a551,a539,p32131
a551,a539,p32140
a551,a581,p32151
a743,a717,p217440
a556,a556,p217344
a301,a390,p22556
a301,a205,p22794
a301,a390,p34610
a301,a795,p32925
a825,a205,p19611
a825,a515,p30394
a825,a205,p18999
a825,a722,p18543
a825,a205,p19743
a825,a205,p18915
a562,a647,p145868
a562,a647,p144763
a40,a284,p246862
a308,a205,p4392
a308,a349,p234916
a308,a349,p254871
a308,a242,p251201
a308,a173,p5303
a499,a893,p70040
a499,a155,p70049
a499,a893,p70042
a499,a893,p70046
a499,a893,p70030
a832,a722,p18732
a832,a205,p22522
a313,a574,p218368
a571,a284,p2987
a893,a499,p70045
a893,a499,p70043
a893,a935,p69995
a893,a499,p70032
a574,a105,p211932
a574,a313,p218380
a574,a6,p218330
a574,a313,p218360
a574,a250,p146158
a574,a953,p217572
a574,a692,p247024
a577,a613,p20635
a577,a613,p20705
a577,a205,p22369
a577,a26,p4219
a577,a205,p3504
a577,a613,p20931
a577,a205,p20825
a577,a205,p23202
a577,a613,p20815
a577,a26,p3296
a577,a613,p20641
a577,a205,p3153
a577,a613,p20851
a577,a613,p20787
a577,a613,p20613
a577,a613,p20627
a577,a601,p20813
a577,a613,p20555
a577,a613,p20619
a577,a613,p20453
a577,a26,p4037
a577,a26,p4063
a577,a205,p20723
a577,a26,p3998
a577,a613,p20759
a577,a613,p20923
a577,a613,p20589
a577,a613,p20831
a577,a205,p22420
a577,a26,p3673
a577,a205,p22964
a577,a71,p23290
a577,a613,p20833
a577,a613,p20891
a577,a205,p3205
a577,a613,p20443
a581,a613,p35112
a581,a551,p32138
a581,a613,p35115
a581,a463,p32153
a581,a463,p32139
a581,a463,p32141
a581,a613,p35096
a368,a105,p92077
a590,a692,p246992
a590,a692,p246998
a590,a692,p247032
a590,a692,p246966
a590,a692,p246842
a590,a692,p247056
a69,a420,p70058
a69,a387,p54438
a69,a387,p54475
a601,a205,p20697
a601,a205,p20675
a601,a205,p20689
a346,a647,p172965
a346,a647,p145363
a346,a316,p145178
a346,a105,p145023
a346,a105,p145008
a346,a105,p144993
a346,a647,p172977
a346,a647,p172878
a347,a268,p211912
a12,a717,p217602
a349,a268,p235191
a349,a268,p254894
a349,a1003,p251825
a349,a647,p235153
a349,a268,p254888
a349,a268,p254877
a349,a268,p235199
a349,a349,p235163
a349,a268,p235196
a349,a647,p251789
a349,a647,p252049
a349,a308,p234926
a349,a647,p251257
a349,a896,p235211
a349,a268,p235157
a349,a284,p235184
a349,a349,p235206
a349,a873,p235179
a349,a647,p251289
a531,a105,p145918
a350,a692,p2966
a350,a692,p2976
a350,a354,p2995
a350,a935,p2969
a350,a354,p2968
a350,a873,p2998
a354,a692,p3008
a354,a692,p3012
a354,a692,p3001
a354,a692,p2994
a354,a692,p3015
a354,a350,p2996
a354,a692,p2990
a354,a692,p3013
a354,a692,p2970
a613,a577,p20615
a613,a205,p20781
a613,a613,p23479
a613,a390,p34577
a613,a390,p34535
a613,a307,p20695
a613,a577,p20543
a613,a577,p20795
a613,a205,p20785
a613,a577,p20905
a613,a366,p34559
a613,a577,p20715
a613,a577,p20717
a613,a390,p34583
a613,a390,p20441
a613,a613,p20479
a613,a613,p20811
a613,a390,p34621
a613,a205,p20595
a613,a390,p34614
a613,a390,p34644
a613,a613,p23476
a613,a613,p20617
a613,a390,p34604
a613,a390,p21005
a613,a205,p23524
a613,a390,p34573
a613,a205,p20819
a613,a613,p20777
a613,a577,p20591
a613,a613,p34623
a613,a684,p35108
a613,a390,p20887
a613,a613,p23464
a613,a390,p34648
a613,a577,p20911
a613,a613,p23467
a613,a613,p20679
a613,a577,p20699
a613,a581,p35103
a613,a390,p34627
a613,a577,p20677
a613,a390,p34639
a613,a390,p34568
a613,a390,p34561
a613,a613,p20783
a613,a795,p34661
a613,a390,p20963
a613,a581,p35105
a613,a420,p34564
a613,a908,p20447
a613,a577,p20633
a613,a472,p20733
a613,a390,p34601
a613,a577,p20567
a613,a390,p20961
a613,a390,p34570
a613,a205,p20625
a613,a613,p23458
a613,a613,p20901
a613,a390,p34630
a613,a390,p34615
a613,a577,p20605
a613,a390,p20823
a613,a390,p34651
a613,a577,p20623
a613,a577,p20897
a613,a390,p20805
a613,a577,p20661
a613,a472,p20997
a613,a301,p34612
a613,a390,p20917
a613,a613,p23542
a613,a390,p34587
a613,a577,p20537
a613,a205,p23551
a873,a692,p3020
a873,a692,p211917
a358,a392,p54282
a105,a534,p211925
a105,a472,p145803
a105,a346,p145158
a105,a368,p92065
a105,a346,p146128
a105,a346,p144998
a105,a364,p145348
a105,a940,p92039
a105,a364,p145083
a105,a472,p145788
a105,a346,p144983
a105,a562,p144783
a105,a364,p144758
a105,a364,p144968
a105,a647,p145253
a105,a368,p92083
a105,a647,p145238
a105,a346,p145018
a105,a364,p144933
a105,a364,p144793
a105,a529,p145858
a105,a647,p145573
a884,a174,p119856
a884,a514,p119751
a884,a174,p119786
a884,a174,p119836
a366,a390,p20559
a366,a366,p34634
a366,a390,p20745
a366,a390,p34557
a366,a390,p20973
a366,a390,p34617
a366,a390,p34592
a366,a390,p34608
a366,a390,p34516
a366,a12,p218426
a366,a390,p34596
a643,a472,p145323
a643,a472,p145343
a643,a472,p144828
a118,a273,p172890
a766,a173,p5309
a649,a692,p211879
a902,a534,p217251
a665,a366,p218378
a665,a472,p145408
a665,a6,p218422
a665,a529,p145428
a908,a613,p20611
a390,a613,p34613
a390,a613,p34646
a390,a366,p20951
a390,a472,p20885
a390,a366,p20585
a390,a613,p34628
a390,a613,p34652
a390,a613,p34580
a390,a390,p34525
a390,a613,p34569
a390,a420,p34550
a390,a463,p32130
a390,a613,p34624
a390,a613,p34622
a390,a366,p34599
a390,a551,p32132
a390,a613,p20821
a390,a613,p34618
a390,a613,p34649
a390,a613,p34571
a390,a173,p32136
a390,a613,p34538
a390,a613,p20915
a390,a613,p20849
a390,a613,p34562
a390,a613,p20551
a390,a613,p34560
a390,a613,p34556
a390,a366,p34606
a390,a613,p34629
a390,a366,p34611
a390,a613,p20485
a390,a613,p20735
a390,a240,p32739
a390,a613,p20949
a390,a613,p34662
a390,a366,p34595
a390,a613,p20499
a390,a613,p34600
a390,a613,p34631
a390,a613,p34640
a390,a954,p34517
a390,a613,p20981
a390,a390,p20581
a390,a472,p20701
a390,a366,p20977
a390,a613,p20711
a390,a613,p20769
a390,a613,p34576
a390,a613,p20713
a390,a581,p32148
a390,a613,p34593
a390,a613,p34633
a390,a613,p20709
a392,a358,p54312
a364,a105,p144813
a364,a105,p146053
a364,a105,p144973
a364,a105,p144953
a364,a105,p145013
a935,a6,p218348
a935,a372,p54419
a935,a692,p246904
a935,a6,p218324
a935,a155,p70062
a935,a468,p144943
a935,a372,p54273
a935,a316,p145693
a935,a717,p217362
a935,a647,p146493
a935,a6,p218364
a935,a1003,p252053
a935,a941,p145003
a935,a692,p246888
a935,a268,p254903
a935,a350,p2965
a935,a472,p70014
a935,a284,p247014
a935,a349,p254867
a935,a354,p3017
a935,a759,p68157
a155,a940,p70037
a155,a940,p69996
a684,a205,p22675
a684,a613,p35100
a684,a197,p35104
a684,a197,p35114
a684,a759,p22845
a940,a759,p70047
a940,a155,p70029
a941,a472,p146068
a686,a534,p142126
a686,a534,p217392
a942,a942,p54504
a942,a942,p54503
a420,a1015,p2971
a420,a717,p217584
a420,a759,p70057
a420,a972,p217605
a420,a390,p34548
a420,a390,p34552
a420,a692,p246934
a420,a692,p246930
a420,a717,p217428
a692,a354,p3014
a692,a1003,p251309
a692,a1003,p251469
a692,a354,p2985
a692,a590,p246870
a692,a873,p211943
a692,a354,p2999
a692,a590,p247008
a692,a284,p246948
a692,a1003,p251273
a692,a420,p246942
a692,a1003,p251321
a692,a590,p246886
a692,a284,p234940
a692,a354,p2979
a692,a873,p3022
a692,a1003,p251473
a692,a590,p247020
a692,a873,p211918
a692,a574,p247026
a692,a590,p246986
a692,a354,p3007
a692,a284,p234954
a692,a1003,p251237
a692,a1003,p251461
a692,a647,p246894
a692,a354,p3010
a692,a284,p247048
a692,a590,p246978
a692,a1003,p251465
a692,a873,p3023
a692,a1003,p251413
a692,a1003,p251993
a692,a284,p211869
a692,a1003,p251357
a692,a354,p3004
a692,a1003,p251997
a692,a354,p2989
a692,a1003,p246926
a896,a349,p235204
a173,a173,p22709
a173,a173,p5318
a173,a205,p23228
a173,a795,p32877
a173,a577,p23226
a173,a613,p23365
a173,a173,p5310
a197,a684,p35109
a954,a742,p142127
a954,a742,p142148
a954,a205,p142150
a954,a534,p142124
a954,a742,p142133
a954,a390,p34551
a954,a742,p142142
a954,a205,p142160
a954,a742,p142118
a954,a205,p142157
a1018,a205,p30418
a647,a1003,p252021
a647,a562,p145088
a647,a647,p251897
a647,a349,p235166
a647,a349,p235177
a647,a349,p235197
a647,a643,p144843
a647,a1003,p251893
a647,a1003,p251773
a647,a349,p251793
a647,a717,p217356
a647,a717,p217167
a647,a1003,p246882
a647,a105,p145608
a647,a1003,p252013
a647,a349,p251205
a647,a717,p217353
a647,a268,p211899
a647,a346,p145553
a647,a1003,p251685
a647,a1003,p251669
a647,a1003,p251729
a647,a935,p145028
a647,a242,p251633
a647,a346,p172980
a647,a349,p235194
a647,a472,p145308
a647,a105,p146688
a647,a647,p172962
a647,a105,p146578
a647,a1003,p251629
a647,a105,p145483
a647,a562,p146018
a647,a105,p145598
a647,a316,p146488
a647,a346,p172971
a647,a349,p235159
a647,a105,p145648
a647,a643,p145533
a647,a346,p172908
a647,a1003,p251853
a647,a316,p145233
a121,a284,p254884
a190,a722,p18615
a148,a105,p211871
a717,a534,p217212
a717,a12,p217416
a717,a647,p217209
a717,a972,p217206
a717,a717,p217629
a717,a574,p217488
a972,a717,p217587
a972,a717,p217662
a972,a420,p217434
a972,a420,p217611
a722,a173,p5317
a722,a722,p18591
a722,a722,p18672
a722,a722,p18540
a722,a722,p18696
a722,a722,p18612
a722,a722,p18786
a722,a722,p18561
a205,a722,p18729
a205,a529,p142147
a205,a205,p19407
a205,a529,p142156
a205,a613,p20739
a205,a173,p23224
a205,a722,p18669
a205,a205,p19383
a205,a173,p20817
a205,a722,p18777
a205,a515,p30391
a205,a173,p5305
a205,a722,p18771
a205,a722,p18774
a205,a954,p142159
a205,a205,p19179
a205,a722,p18753
a205,a722,p18567
a205,a205,p23328
a205,a613,p20749
a205,a26,p3400
a205,a601,p20691
a205,a205,p18831
a205,a26,p3127
a205,a205,p19479
a205,a173,p5304
a205,a601,p20945
a205,a26,p3283
a205,a722,p18681
a205,a613,p23500
a205,a173,p5302
a205,a601,p20673
a205,a173,p5299
a205,a205,p19299
a205,a173,p5315
a205,a722,p18549
a205,a205,p18879
a205,a205,p19059
a205,a205,p23398
a205,a205,p19347
a205,a722,p18516
a205,a205,p19443
a205,a613,p20601
a205,a205,p19251
a205,a26,p3062
a205,a205,p18939
a205,a205,p19011
a205,a1018,p30402
a205,a577,p3218
a205,a205,p19599
a205,a577,p3179
a205,a529,p142154
a205,a205,p19143
a205,a205,p19575
a205,a722,p18648
a205,a205,p19659
a205,a205,p19263
a205,a205,p19371
a205,a613,p23374
a205,a173,p4323
a205,a205,p20577
a205,a613,p20663
a205,a173,p23032
a205,a173,p23210
a205,a722,p18744
a205,a205,p19083
a205,a205,p30392
a205,a205,p19695
a205,a613,p20553
a205,a205,p19167
a205,a173,p5316
a205,a205,p19707
a205,a577,p20895
a205,a613,p20593
a205,a515,p30399
a205,a722,p18720
a205,a722,p18510
a205,a26,p3959
a205,a205,p20667
a205,a515,p30410
a205,a577,p22981
a205,a722,p18726
a205,a601,p20703
a205,a722,p18585
a205,a205,p23302
a205,a722,p18621
a205,a613,p20967
a205,a529,p142152
a205,a529,p142114
a205,a601,p20683
a205,a205,p18819
a205,a205,p18843
a205,a205,p30425
a205,a205,p19071
a463,a581,p32154
a463,a551,p32135
a463,a390,p32150
a463,a390,p32155
a463,a551,p32127
a763,a722,p18588
a763,a173,p5300
a763,a722,p18807
a763,a722,p18651
a763,a722,p18531
a763,a722,p18519
a763,a173,p5314
a763,a173,p5319
a763,a722,p18504
a468,a647,p144803
a468,a935,p144958
a472,a643,p145358
a472,a529,p146438
a472,a613,p20995
a472,a105,p145733
a472,a105,p145618
a472,a390,p20969
a472,a529,p146693
a472,a499,p70000
a472,a613,p20843
a472,a643,p144853
a472,a529,p145933
a472,a529,p145288
a472,a529,p146633
a472,a643,p145333
a472,a390,p20437
a509,a268,p211892
a742,a954,p142153
a742,a954,p142146
a742,a954,p142162
a742,a954,p142135
a742,a954,p142117
a1003,a647,p251733
a1003,a349,p251961
a1003,a692,p251397
a1003,a647,p251797
a1003,a242,p251261
a1003,a692,p251481
a1003,a420,p251453
a1003,a647,p251641
a1003,a692,p246924
a1003,a647,p251217
a1003,a692,p251281
a1003,a647,p252045
a1003,a647,p251745
a1003,a647,p251649
a1003,a692,p251761
a1003,a692,p251477
a1003,a692,p251313
a1003,a647,p251709
a1004,a366,p218334
a485,a574,p211868
a485,a717,p217332
a754,a722,p18594
a1012,a972,p217557
a759,a535,p54537
a759,a865,p70055
a759,a865,p70020
a759,a893,p70034
a759,a865,p70008
a759,a865,p60803
a759,a865,p60845
a759,a684,p23168
a759,a865,p60854
a759,a514,p119776
a240,a795,p33027
a240,a390,p32781
a240,a795,p33021
a241,a174,p119841
a316,a647,p146483
a316,a647,p145198
a316,a346,p146183
a316,a346,p145173
a316,a105,p145653
a253,a628,p146428
a253,a628,p146423
a514,a174,p119771
a514,a174,p119891
a514,a174,p119866
a514,a174,p119766
a514,a174,p119806
a514,a174,p119816
a514,a174,p119801
a514,a174,p119881
a514,a884,p119781
a515,a205,p30427
a125,a69,p54947
a125,a105,p55064
a125,a4,p66152
a125,a69,p66005
a125,a69,p55115
a125,a943,p66206
a125,a105,p55007
a125,a296,p55148
a519,a581,p30516
a4,a975,p66125
a613,a942,p30518
a613,a613,p30504
a912,a226,p148396
a912,a105,p167905
a912,a573,p169126
a912,a105,p170435
a912,a105,p168774
a912,a279,p167432
a912,a105,p170336
a934,a912,p170644
a136,a279,p169885
a136,a573,p169687
a136,a136,p222541
a136,a279,p168961
a136,a573,p170259
a136,a279,p170468
a136,a217,p170325
a136,a279,p169038
a136,a279,p170083
a136,a573,p170490
a136,a573,p222316
a136,a217,p167685
a136,a573,p222536
a136,a279,p169412
a136,a573,p168180
a136,a573,p168521
a136,a573,p168015
a136,a573,p222276
a136,a573,p222431
a136,a573,p168081
a136,a647,p168411
a136,a279,p168323
a136,a217,p168224
a136,a279,p170391
a136,a573,p170303
a136,a573,p170061
a136,a573,p169456
a136,a279,p170578
a136,a573,p170523
a136,a279,p222546
a136,a573,p222336
a136,a573,p169610
a136,a105,p167850
a69,a125,p55082
a69,a105,p55124
a69,a105,p55091
a69,a105,p55199
a69,a105,p55229
a69,a69,p55085
a69,a105,p55133
a69,a125,p66050
a69,a105,p55151
a69,a177,p66227
a69,a105,p55118
a69,a975,p66185
a69,a177,p66242
a69,a105,p54965
a69,a177,p66065
a69,a125,p54959
a69,a105,p55166
a69,a125,p54941
a975,a285,p66092
a975,a316,p66128
a975,a505,p66098
a975,a285,p66209
a975,a316,p66059
a975,a285,p66170
a755,a105,p222651
a400,a573,p222521
a400,a573,p222196
a400,a573,p222571
a400,a573,p222596
a400,a573,p222471
a400,a647,p222176
a400,a400,p222466
a400,a573,p222611
a400,a573,p222426
a860,a954,p30452
a860,a954,p30458
a171,a316,p170512
a423,a647,p169731
a423,a423,p222286
a423,a165,p222621
a423,a647,p222281
a423,a423,p167619
a217,a647,p148341
a217,a647,p147866
a217,a647,p148096
a217,a136,p170567
a217,a136,p168686
a217,a573,p168576
a217,a647,p147771
a217,a316,p169786
a217,a647,p148101
a217,a647,p147836
a217,a647,p147876
a217,a647,p148276
a217,a647,p148296
a217,a573,p147831
a217,a316,p169775
a217,a647,p147951
a217,a136,p168147
a217,a647,p148271
a217,a647,p147956
a737,a695,p247880
a737,a695,p247688
a737,a695,p247748
a737,a695,p247868
a285,a975,p66122
a285,a975,p66236
a353,a954,p30528
a546,a69,p55127
a546,a624,p55019
a546,a624,p54986
a549,a279,p222211
a549,a860,p30456
a549,a105,p169148
a1003,a136,p167410
a1003,a573,p222526
a279,a136,p169379
a279,a1003,p222201
a279,a226,p148377
a279,a647,p169599
a279,a105,p170105
a279,a136,p170556
a279,a136,p170479
a279,a136,p170094
a279,a136,p167399
a279,a136,p169907
a279,a912,p167487
a279,a912,p170116
a279,a136,p170039
a279,a136,p167300
a279,a136,p170017
a279,a165,p222191
a296,a943,p55034
a296,a391,p66053
a296,a125,p55157
a296,a546,p55184
a296,a391,p66014
a105,a624,p55190
a105,a624,p55202
a105,a136,p168664
a105,a165,p222331
a105,a573,p169214
a105,a136,p167531
a105,a956,p168279
a105,a69,p55094
a105,a573,p222411
a105,a912,p170413
a105,a624,p54944
a105,a165,p222296
a105,a647,p168532
a105,a549,p169225
a105,a755,p222551
a105,a647,p169533
a105,a69,p55121
a105,a82,p168741
a105,a69,p55139
a105,a125,p55067
a105,a279,p170050
a105,a647,p168730
a105,a912,p167784
a105,a69,p55097
a105,a69,p55220
a105,a647,p222351
a105,a69,p55130
a105,a69,p55049
a105,a934,p169676
a105,a912,p167960
a105,a912,p169291
a105,a624,p55037
a105,a647,p169071
a105,a624,p55187
a105,a69,p55100
a105,a943,p55070
a105,a624,p54971
a105,a647,p168422
a105,a69,p55136
a105,a647,p169544
a624,a105,p54962
a624,a105,p55196
a624,a69,p55169
a624,a105,p55175
a624,a624,p55178
a624,a105,p55022
a942,a613,p30520
a942,a613,p30536
a943,a125,p66224
a943,a391,p66104
a943,a364,p66044
a943,a391,p66191
a581,a519,p30532
a581,a519,p30472
a165,a279,p222506
a165,a785,p222501
a165,a573,p222616
a165,a556,p222491
a165,a573,p169577
a165,a105,p222306
a364,a975,p66239
a634,a217,p167355
a695,a737,p247784
a695,a737,p247904
a695,a737,p247736
a695,a737,p247820
a695,a737,p247808
a647,a105,p169555
a647,a279,p222481
a647,a217,p148051
a647,a956,p170611
a647,a217,p148326
a647,a217,p148001
a647,a217,p148186
a647,a956,p169137
a647,a217,p148286
a647,a912,p167971
a647,a423,p167608
a647,a217,p147726
a647,a956,p168334
a647,a105,p168565
a647,a105,p168301
a647,a217,p148281
a647,a105,p170589
a647,a105,p170193
a647,a217,p148301
a647,a217,p148256
a647,a956,p147841
a647,a217,p148006
a647,a217,p148046
a647,a573,p222341
a647,a105,p168554
a647,a105,p169643
a647,a573,p168312
a647,a136,p169346
a647,a217,p148261
a647,a217,p147906
a647,a647,p147946
a647,a105,p168972
a647,a956,p169500
a647,a423,p222631
a647,a647,p168092
a226,a573,p148356
a226,a573,p148380
a226,a573,p148392
a226,a573,p148451
a226,a573,p148453
a226,a573,p148352
a226,a226,p148454
a226,a264,p148351
a226,a226,p148367
a226,a364,p148400
a226,a912,p148406
a556,a279,p222381
a556,a105,p222356
a177,a69,p66143
a177,a69,p66071
a954,a860,p30454
a954,a353,p30512
a954,a860,p30448
a391,a943,p66245
a391,a943,p66140
a391,a296,p66035
a956,a647,p167289
a956,a217,p147886
a956,a217,p147786
a956,a171,p168609
a956,a647,p169478
a956,a105,p169654
a956,a573,p167465
a956,a647,p167806
a956,a647,p168488
a785,a423,p222216
a785,a785,p222221
a316,a364,p66233
a316,a171,p169665
a316,a975,p66161
a316,a316,p66194
a573,a136,p169247
a573,a136,p222461
a573,a136,p222291
a573,a226,p148365
a573,a400,p222641
a573,a226,p148355
a573,a105,p222371
a573,a400,p222581
a573,a1003,p222586
a573,a136,p167839
a573,a136,p222346
a573,a136,p170127
a573,a647,p167421
a573,a105,p169027
a573,a136,p167894
a573,a400,p222636
a573,a136,p167949
a573,a136,p170402
a573,a217,p147811
a573,a400,p222606
a573,a400,p222476
a573,a226,p148439
a573,a136,p167927
a573,a647,p169390
a573,a136,p222366
a573,a400,p222436
a573,a136,p222391
a573,a226,p148394
a573,a136,p170028
a573,a136,p169093
a573,a136,p169104
a573,a226,p148354
a573,a136,p170292
a573,a136,p222386
a573,a400,p222496
a505,a943,p66095
a429,a647,p169511
