13689,pro
18025,anti
13680,pro
10673,anti
12087,pro
12083,anti
12082,pro
6360,pro
6361,pro
6366,pro
12088,anti
18462,pro
12339,anti
12338,anti
12337,pro
11600,pro
12334,pro
12332,pro
12331,pro
19484,anti
19486,anti
19487,anti
25165,anti
25160,anti
18162,pro
6732,pro
6735,pro
18163,pro
16190,pro
16431,pro
16433,pro
16434,pro
16435,pro
16436,pro
16438,pro
13488,pro
8956,pro
472,pro
28567,pro
8952,pro
4430,pro
4431,pro
479,pro
4438,pro
6364,pro
16212,pro
10656,pro
10653,anti
11303,pro
11302,pro
11300,pro
11305,pro
11304,pro
8546,pro
17999,pro
26072,pro
8540,pro
26070,pro
26077,pro
2275,pro
10873,anti
10870,pro
10874,pro
10875,pro
8541,pro
18306,anti
18303,pro
18309,pro
12436,pro
12437,pro
12430,anti
12432,anti
12433,pro
25439,pro
2278,pro
20042,anti
22392,anti
402,pro
403,pro
405,pro
408,pro
409,pro
18285,anti
22390,anti
20045,anti
31838,pro
31833,pro
25204,pro
25207,pro
26377,anti
25201,anti
26370,anti
2293,pro
18108,pro
19488,pro
19489,pro
25214,anti
25213,anti
11096,anti
11095,pro
27937,anti
27939,anti
18421,anti
26519,pro
26514,anti
20052,pro
28608,pro
28606,anti
22297,anti
11099,anti
31067,pro
13369,anti
16279,pro
18308,anti
15813,pro
13363,pro
13361,anti
13365,anti
8501,pro
7341,anti
22292,anti
7349,pro
11518,pro
11514,pro
11515,pro
11512,pro
22290,anti
6698,pro
10658,pro
6692,pro
6690,pro
6691,pro
6695,anti
6436,pro
6342,pro
6438,pro
6924,pro
12358,anti
12351,anti
12352,anti
12355,pro
12356,pro
19467,pro
19464,pro
19465,anti
19463,anti
19460,pro
19461,pro
28471,anti
28470,pro
28473,anti
28472,pro
28475,pro
16185,pro
10652,pro
6920,pro
12089,anti
16456,pro
10650,pro
10651,pro
6923,pro
10672,pro
10675,pro
10676,pro
10677,pro
27924,pro
27925,anti
5853,anti
5858,pro
8875,anti
31566,anti
31561,pro
31560,anti
31562,pro
12638,pro
10854,pro
10850,anti
10851,anti
10853,anti
10859,pro
26093,anti
20044,pro
12184,pro
12185,pro
20047,pro
12180,pro
12181,pro
12182,pro
15870,pro
5047,pro
5045,pro
11727,pro
11721,pro
11723,pro
11722,pro
20067,pro
425,pro
11728,pro
13631,pro
13518,pro
23273,anti
13514,anti
25227,pro
25221,pro
6922,pro
10657,pro
23278,pro
20063,anti
23279,pro
20060,pro
26299,anti
28590,pro
28597,anti
28595,anti
27919,anti
18172,pro
16262,pro
18176,anti
15902,pro
15809,pro
11539,anti
11530,anti
11531,pro
23309,anti
18119,anti
1992,pro
1993,pro
1994,pro
1998,anti
1999,pro
6417,pro
6411,pro
6412,anti
13971,pro
13976,pro
13977,pro
13974,pro
13979,pro
12377,pro
12375,pro
12374,pro
12379,pro
19448,pro
28459,pro
4419,anti
13395,pro
13392,pro
19999,anti
13399,anti
4416,pro
4472,pro
11528,pro
4394,pro
16474,pro
16470,pro
16472,pro
16473,pro
26309,anti
31019,pro
31549,pro
31548,pro
31017,pro
18475,anti
31540,pro
12610,pro
12612,pro
12208,pro
26079,pro
8549,pro
10878,anti
8542,pro
11708,pro
11706,pro
11704,pro
11703,pro
11700,anti
22229,pro
22226,anti
22227,anti
22225,anti
22222,anti
22220,anti
22221,anti
18305,anti
18307,anti
18300,anti
25243,anti
25245,anti
25244,anti
16289,pro
16281,pro
16280,pro
16286,pro
31154,pro
13439,anti
12431,pro
28621,pro
21235,pro
5835,pro
20013,pro
20017,anti
20015,pro
10733,pro
10732,pro
11694,pro
11690,pro
11550,anti
11551,pro
11556,anti
18283,anti
18282,anti
11559,anti
18289,anti
26304,anti
18137,anti
18135,pro
18134,pro
18131,pro
6658,pro
6656,pro
6657,pro
6654,pro
6651,pro
26111,anti
26113,anti
26114,anti
8839,anti
26117,anti
8834,anti
8836,pro
8837,pro
8831,pro
8833,pro
23280,anti
6385,pro
6380,anti
6382,pro
6478,pro
6473,pro
6470,pro
6471,anti
6476,pro
6475,pro
13958,pro
13959,pro
23323,anti
13955,pro
13953,pro
5838,pro
12398,anti
12395,anti
12394,anti
12397,pro
12391,pro
19422,anti
6357,anti
19420,pro
19424,pro
19428,pro
12224,pro
6354,anti
6891,pro
6350,pro
6893,pro
6895,other
18355,pro
5819,pro
5810,pro
5815,anti
13315,anti
26329,pro
26328,anti
31035,pro
15746,pro
31038,pro
31529,anti
18459,anti
29779,pro
15744,pro
31526,pro
10890,anti
10892,pro
10896,pro
23271,anti
12497,anti
12494,anti
12495,pro
12498,anti
19493,pro
19491,pro
25178,anti
19497,pro
26361,anti
394,pro
10959,anti
25349,anti
26366,pro
12233,pro
12230,pro
12239,pro
28550,pro
18040,pro
18045,pro
29808,pro
18418,anti
18049,anti
18048,anti
31072,pro
29801,anti
29800,pro
26613,pro
31076,pro
31191,pro
29784,pro
29785,anti
29786,pro
29787,pro
29788,pro
29789,anti
11579,anti
6674,pro
6675,anti
6676,pro
6671,pro
6672,pro
18150,anti
15472,pro
6678,anti
6679,pro
18157,pro
18156,anti
8852,anti
8857,anti
8854,pro
6450,pro
6452,anti
6902,pro
6908,other
26441,anti
2025,anti
2024,pro
2027,pro
2021,pro
19404,anti
2028,pro
19403,pro
21247,pro
16128,pro
31140,pro
27931,pro
11607,pro
11604,anti
5837,pro
5833,anti
5839,pro
26345,anti
26344,anti
26346,anti
26349,anti
8887,pro
31059,pro
18438,anti
25307,pro
18389,pro
18384,pro
18385,pro
18386,anti
18381,pro
15939,pro
11045,pro
11291,pro
11290,pro
6418,pro
11295,pro
11297,pro
13524,pro
11035,pro
11037,pro
11039,anti
22262,anti
22263,pro
22266,pro
22267,anti
22265,pro
22268,anti
28603,pro
23265,anti
28591,pro
28604,anti
15807,pro
13503,pro
6451,pro
11042,pro
10649,pro
13501,anti
13507,pro
6954,anti
10645,pro
11043,anti
22394,pro
10644,pro
19444,pro
22395,anti
10646,pro
12217,anti
12218,anti
12219,pro
28577,anti
15021,pro
22245,pro
12459,pro
17994,anti
22242,anti
17992,pro
17993,pro
16259,pro
29769,pro
29814,pro
29815,anti
29764,anti
29812,pro
29813,anti
11092,pro
26488,anti
26483,anti
26481,anti
26487,anti
26484,pro
6612,pro
6613,pro
6610,pro
6611,anti
6617,pro
6614,pro
6555,anti
29809,pro
6557,pro
22289,pro
6929,pro
6925,pro
18171,pro
15906,pro
18174,pro
6465,pro
2001,pro
2000,pro
2006,pro
2008,pro
22684,pro
19923,anti
2013,pro
26454,anti
13431,anti
6597,pro
18088,pro
16107,pro
2272,pro
31570,anti
26368,pro
26362,pro
26360,anti
26367,anti
7345,pro
26365,pro
26364,pro
7343,pro
18419,pro
18416,pro
31041,pro
31077,pro
18412,pro
12576,pro
15845,pro
15910,pro
9006,pro
26089,pro
26439,pro
11517,pro
26085,anti
9001,pro
23264,pro
13509,anti
23263,pro
13502,anti
11018,anti
15020,pro
11012,pro
11011,anti
11010,pro
22248,pro
22249,anti
22246,anti
22247,pro
22240,pro
22241,anti
10860,pro
10863,pro
10865,pro
28516,pro
6559,pro
6558,pro
18313,pro
18312,anti
18316,anti
18315,pro
12278,anti
12279,pro
12272,pro
12270,pro
12271,pro
12277,pro
12275,pro
31143,pro
28513,pro
28515,anti
28518,anti
12420,pro
31144,pro
15010,pro
16374,pro
18374,pro
6699,pro
18132,anti
6638,anti
6632,pro
6637,pro
26604,pro
26605,pro
26607,anti
12040,pro
6948,pro
6949,pro
12047,pro
12046,pro
22380,pro
22383,pro
22385,pro
22384,pro
22386,pro
11491,pro
15929,pro
15928,pro
15922,pro
11466,anti
11465,anti
11468,anti
11015,anti
6496,pro
6435,pro
6490,pro
6498,pro
6499,pro
25381,pro
13317,pro
6718,pro
6865,pro
6867,pro
413,pro
6714,pro
18489,pro
6860,pro
16160,pro
16166,pro
16168,pro
11061,anti
11066,pro
26396,pro
11064,anti
31577,pro
27960,pro
10780,anti
10781,anti
10783,anti
15822,pro
5854,pro
15737,pro
11259,pro
11258,pro
11254,pro
11257,pro
11252,pro
15823,pro
15006,pro
15002,pro
6797,pro
6796,pro
6795,pro
6793,pro
6792,pro
6791,pro
6790,pro
11071,pro
11070,pro
11073,anti
6799,pro
11076,pro
10965,anti
10967,pro
10962,pro
10963,pro
6571,pro
6570,pro
6577,pro
6575,pro
6579,pro
12255,pro
12256,pro
12251,anti
12252,pro
12253,pro
11236,pro
11235,pro
25230,pro
28538,anti
28539,pro
28535,pro
28533,pro
25234,anti
28474,pro
28479,pro
28478,pro
16311,pro
16310,pro
16312,pro
16314,pro
21260,pro
13366,pro
18407,pro
18404,anti
27927,pro
5796,pro
5794,pro
5795,pro
5793,pro
5791,anti
15848,pro
5799,anti
15849,pro
31138,pro
31137,pro
31134,pro
31135,pro
31132,pro
31133,anti
12068,pro
12062,anti
12067,pro
31021,pro
10666,pro
13364,anti
15491,pro
15490,pro
15949,pro
18488,pro
15947,pro
15946,pro
11442,pro
11445,pro
11446,pro
11449,pro
502,pro
504,pro
31024,pro
6966,pro
6969,pro
25368,pro
13339,pro
2300,pro
2302,pro
2303,pro
13334,anti
13335,pro
31026,pro
22356,anti
16144,pro
16147,pro
16140,pro
16141,pro
6635,pro
26600,anti
26601,anti
12121,anti
26608,pro
4454,pro
13526,anti
26503,pro
26506,anti
26504,pro
11275,pro
15797,pro
15792,pro
11270,pro
11278,pro
6701,pro
20021,pro
18017,anti
23224,anti
23226,anti
6776,pro
6771,pro
6772,pro
2032,pro
26271,anti
26272,anti
18023,anti
12042,anti
6511,pro
6513,pro
6512,pro
12044,pro
10906,pro
10905,pro
10902,pro
10903,pro
10900,pro
23257,anti
6940,pro
10670,pro
12507,anti
12509,anti
23218,anti
11060,anti
319,pro
314,anti
315,other
316,pro
25196,anti
25190,anti
25192,anti
10831,pro
9639,pro
19945,pro
9631,pro
9630,pro
9633,pro
9635,pro
19947,anti
9636,pro
25995,pro
25997,pro
16246,pro
16242,pro
15926,pro
15921,pro
13437,pro
5859,anti
26468,anti
26469,anti
26460,anti
26461,anti
13436,anti
26465,anti
26466,pro
26467,pro
19387,pro
31118,anti
31119,anti
31111,pro
13435,anti
31114,pro
31115,anti
31116,pro
31117,pro
19892,anti
6542,pro
6541,pro
15962,pro
15961,pro
15960,pro
15966,pro
15964,pro
11428,pro
11429,pro
11423,anti
11420,pro
11461,pro
11424,anti
6988,pro
6989,other
6984,pro
6985,anti
22341,pro
22340,anti
22343,anti
6981,pro
13351,anti
13356,pro
13357,pro
13358,pro
6494,pro
11024,pro
13370,pro
11025,pro
13372,pro
6454,pro
6437,pro
18491,pro
19384,pro
13319,pro
7352,anti
7353,pro
7354,anti
31581,anti
31580,pro
31584,anti
12634,pro
12635,pro
7000,other
7001,pro
20002,pro
26453,anti
14021,pro
26099,anti
26098,pro
15778,pro
15775,pro
11505,anti
11506,pro
10858,anti
6456,anti
18078,pro
10997,pro
18077,anti
18074,anti
28484,pro
6759,pro
8524,pro
26438,anti
6752,pro
6757,pro
6755,pro
6754,pro
26259,anti
26258,pro
26257,anti
6425,anti
26255,anti
26254,anti
11274,pro
26252,pro
26251,anti
26250,pro
6534,pro
10920,pro
10923,pro
10926,pro
10927,pro
10928,pro
28509,pro
23207,anti
22406,pro
22404,pro
22405,pro
22402,anti
22403,anti
22400,anti
12298,pro
12568,pro
12291,anti
12560,pro
12566,pro
12564,pro
13516,pro
26433,anti
6965,pro
18106,anti
18100,pro
338,pro
332,pro
333,other
331,pro
336,pro
337,pro
10669,anti
16163,pro
13418,anti
2282,pro
28520,anti
13419,pro
26595,pro
9617,pro
9616,pro
13983,pro
9614,pro
9611,pro
9610,pro
9619,pro
9618,pro
26403,pro
26406,pro
8568,pro
19386,pro
12631,pro
31178,anti
31179,pro
13981,pro
29825,anti
13980,pro
12637,pro
8871,anti
26376,anti
15989,pro
15984,pro
15981,pro
15983,pro
15982,pro
11151,pro
31828,pro
31829,pro
11408,anti
11159,pro
22366,pro
22365,anti
22362,pro
22361,pro
22360,pro
22369,pro
22368,pro
13378,anti
13379,pro
13374,anti
13375,pro
13377,anti
6877,pro
5165,pro
19949,anti
6704,pro
6871,other
11720,pro
12174,pro
12177,pro
12176,pro
12171,pro
12170,pro
12173,pro
426,pro
15883,pro
6552,pro
5050,pro
25189,pro
16276,pro
16277,pro
16272,pro
16270,pro
16271,pro
31082,pro
18435,anti
8487,pro
8488,other
14009,pro
14008,pro
10728,anti
10729,anti
10726,pro
10720,pro
15758,pro
15759,pro
11239,pro
31081,pro
6731,pro
6884,anti
6883,anti
6882,pro
6736,pro
6739,anti
6738,pro
6889,pro
6888,pro
8954,pro
8958,pro
26517,pro
10976,anti
26510,pro
26413,pro
10949,pro
10942,pro
10940,pro
10944,pro
11097,pro
18056,pro
11091,pro
11098,anti
22420,pro
22421,anti
13534,pro
22423,pro
22424,pro
22425,anti
26415,anti
26417,anti
13499,pro
351,pro
355,pro
359,pro
13492,pro
13495,pro
13497,pro
28445,pro
5785,pro
16194,pro
13630,pro
13639,pro
8946,pro
13473,anti
28482,anti
28483,pro
13472,pro
28486,pro
28489,anti
31155,pro
16449,pro
31840,pro
22303,anti
22306,anti
22309,pro
22308,pro
23283,anti
23281,anti
12159,pro
12158,pro
12153,pro
12152,pro
12151,pro
25309,pro
25306,anti
15756,pro
13995,pro
15757,pro
19396,pro
16251,pro
16252,pro
16255,pro
16256,pro
16257,pro
16258,pro
27913,anti
11625,pro
27910,anti
27916,anti
11629,anti
362,pro
14012,pro
4387,pro
4384,pro
9004,pro
9005,pro
10708,pro
10700,anti
10701,anti
10702,pro
10704,anti
10705,anti
10706,pro
10707,anti
28622,anti
20030,pro
5055,pro
6868,pro
6719,pro
6717,pro
6864,pro
6715,pro
6712,anti
6711,pro
6710,pro
10663,pro
15886,anti
15736,pro
8581,pro
15738,pro
15004,pro
18037,pro
18034,anti
10969,pro
15001,pro
5051,anti
18038,pro
11079,pro
17997,pro
11036,anti
5053,anti
5052,pro
11615,pro
11614,pro
11616,anti
11611,anti
11613,anti
11612,anti
17991,anti
377,pro
375,anti
373,anti
370,pro
371,pro
15011,pro
13619,pro
13616,pro
13613,pro
28566,anti
15873,pro
19946,anti
26470,anti
19942,pro
28564,anti
16394,pro
16397,pro
16399,pro
16398,pro
16231,pro
16236,pro
16234,pro
15957,pro
17998,pro
8529,pro
8521,pro
8526,pro
6341,anti
6343,pro
6344,pro
6345,pro
2298,pro
5018,pro
11112,anti
11113,pro
11110,anti
11111,pro
11117,anti
11115,anti
22323,anti
22322,pro
22327,anti
22325,anti
2297,pro
26316,anti
26314,pro
26002,pro
26001,pro
27983,pro
26310,anti
498,pro
490,pro
497,pro
495,pro
494,pro
10626,pro
12139,pro
12130,pro
12133,pro
12132,pro
12135,pro
12137,pro
12136,pro
16239,pro
18485,anti
31559,pro
2299,pro
2292,pro
2291,pro
2294,pro
27985,pro
12625,pro
10762,anti
10761,pro
10766,pro
10767,anti
10765,anti
10847,anti
10844,pro
26582,pro
26586,pro
26585,pro
26584,pro
26588,pro
6849,pro
10743,pro
6843,pro
6841,pro
6847,pro
6846,pro
6845,pro
6844,pro
8999,pro
15869,pro
15866,pro
20012,pro
5834,pro
13450,anti
10989,pro
10986,anti
10987,pro
10985,pro
10981,pro
18099,anti
18091,pro
18097,pro
12588,pro
12585,pro
26335,pro
11584,anti
11587,pro
11581,pro
11583,pro
11589,pro
11588,pro
6590,pro
6592,pro
13318,pro
18115,pro
23308,pro
13459,pro
19383,pro
18111,pro
13985,pro
13984,pro
13451,anti
19385,pro
11638,pro
11636,anti
11635,anti
18112,pro
23300,anti
25119,pro
25449,pro
25448,anti
25447,anti
25114,anti
25445,anti
25444,pro
25111,anti
25110,anti
18118,anti
13671,pro
13670,pro
13672,pro
13677,pro
13676,pro
6339,pro
19969,pro
19968,pro
19967,pro
19966,pro
19964,anti
19963,pro
19962,pro
19961,anti
13313,pro
18433,pro
10877,anti
8506,pro
28443,pro
18375,pro
11136,pro
18371,pro
8511,pro
18372,anti
11139,pro
6414,anti
6415,anti
6416,pro
26021,pro
26022,pro
26028,pro
26029,pro
6413,anti
12445,pro
12444,anti
12110,anti
12116,pro
12449,pro
12448,pro
431,pro
434,pro
8997,pro
5039,pro
5038,anti
5037,pro
5031,pro
9599,pro
27969,anti
4346,anti
4342,pro
26456,anti
26451,anti
10748,pro
26422,anti
15863,pro
26450,anti
26569,anti
26564,pro
26567,pro
23197,anti
26452,pro
18369,pro
26318,pro
15840,pro
15842,pro
15847,pro
10988,pro
23245,anti
19449,pro
6821,pro
10797,anti
6822,pro
6824,pro
6827,anti
6826,pro
6829,pro
10794,pro
7336,pro
7334,anti
19441,pro
10790,pro
19442,pro
7339,other
19443,pro
4979,pro
4975,anti
4974,anti
4977,pro
4976,pro
4970,pro
4972,pro
11658,pro
11651,anti
11650,anti
16103,pro
11655,pro
11654,anti
11656,anti
28452,anti
13653,pro
25421,anti
25420,pro
13659,pro
25427,pro
25426,anti
26311,pro
19900,pro
19903,pro
10813,anti
19904,pro
19906,pro
11293,pro
5798,anti
12306,pro
12304,pro
25137,anti
25135,anti
25133,anti
25132,pro
25131,pro
25139,pro
25138,anti
23243,anti
19993,pro
12584,pro
19991,pro
10816,pro
10689,pro
6842,pro
10683,anti
10687,anti
4408,pro
4405,pro
4407,pro
4400,pro
4403,pro
26444,anti
26445,pro
26443,anti
18359,pro
11484,anti
18356,anti
11486,anti
11480,anti
11482,pro
31546,pro
26579,pro
18473,anti
10824,anti
26048,pro
26049,pro
10821,anti
10823,anti
26042,pro
26043,pro
26046,pro
18133,pro
12465,pro
12463,anti
12460,anti
12456,pro
12457,pro
12454,pro
28581,pro
11734,anti
12452,anti
12453,pro
28585,pro
13987,pro
20031,anti
28587,pro
4468,pro
19380,anti
458,pro
21194,anti
456,pro
455,pro
13452,anti
453,pro
25098,anti
20032,anti
27943,anti
20035,pro
11263,pro
23306,pro
6556,pro
20036,pro
28632,pro
4360,pro
26547,pro
26546,pro
26543,anti
26540,pro
26548,anti
20066,pro
14999,pro
14998,anti
25116,anti
25442,anti
25113,anti
15012,anti
18450,anti
11040,pro
31542,pro
18022,anti
16476,pro
23232,anti
6809,pro
6808,pro
6807,anti
6804,pro
6803,anti
6802,pro
6800,pro
11048,pro
7314,pro
7315,anti
7316,pro
7317,pro
7313,pro
16479,pro
16401,pro
13410,anti
13413,anti
13412,anti
11673,pro
11672,pro
11677,pro
11675,anti
11679,pro
16126,pro
16403,pro
18011,pro
4390,anti
15492,pro
6379,pro
12095,anti
12091,pro
6375,pro
12099,pro
16125,pro
12320,anti
12321,pro
12322,pro
12324,anti
16122,pro
12326,anti
12327,pro
12328,pro
12329,anti
25151,anti
25401,anti
25404,pro
25409,anti
16222,pro
5776,anti
19920,anti
19926,pro
19928,pro
18018,pro
16409,pro
4429,pro
18114,pro
16188,pro
18339,anti
18338,anti
18331,pro
18330,anti
18332,anti
18334,anti
18337,pro
18336,anti
18110,pro
8534,pro
26305,pro
26066,pro
26067,anti
26063,pro
26307,anti
10808,pro
10806,pro
10803,pro
10802,pro
10801,pro
10800,pro
22299,anti
22298,pro
12408,anti
12401,pro
4442,pro
23241,anti
475,pro
476,pro
471,pro
478,pro
421,anti
2274,pro
31545,anti
18472,pro
4446,pro
18471,pro
25210,anti
11525,pro
25219,anti
2301,pro
18292,anti
2304,pro
11520,pro
2305,pro
12613,pro
27920,anti
26523,pro
26526,anti
20041,pro
20049,pro
18055,anti
20050,anti
26293,pro
26292,anti
26291,anti
26290,anti
26297,pro
26295,pro
26294,anti
6959,pro
18057,pro
15806,pro
15802,pro
15803,pro
18051,pro
18052,anti
28609,anti
10770,anti
28527,anti
28525,anti
18458,anti
13433,pro
11699,pro
11698,anti
18124,anti
11697,anti
11696,pro
11692,pro
6689,pro
6688,anti
18474,anti
6680,anti
26418,pro
6687,pro
18128,anti
8500,pro
6422,pro
16148,pro
6358,pro
18058,pro
18036,pro
28589,pro
16143,pro
12348,pro
10957,anti
12342,pro
10641,anti
12340,anti
12341,pro
12346,anti
12344,pro
19496,pro
25172,anti
19498,anti
25176,anti
28465,anti
28468,anti
15466,pro
28607,pro
18032,pro
6957,pro
10642,anti
16428,pro
16427,pro
16426,pro
16422,pro
6956,pro
8551,pro
26577,pro
26574,pro
26572,pro
26573,pro
26571,anti
4445,pro
4449,pro
4448,pro
10648,pro
10734,pro
19929,pro
5852,pro
31576,anti
31571,anti
31579,pro
12642,pro
22342,anti
8987,anti
26086,anti
26087,anti
28584,anti
26083,anti
26080,pro
26081,anti
8558,pro
10864,pro
18311,anti
18310,anti
18317,anti
18319,anti
12423,anti
12422,pro
12427,anti
12426,pro
12425,pro
12424,anti
12428,anti
31088,pro
5145,pro
11736,pro
11737,pro
411,pro
417,pro
11733,pro
11730,anti
11731,pro
418,pro
11738,anti
9640,pro
18322,anti
25232,pro
25233,anti
21266,pro
5187,pro
25261,pro
22284,pro
27905,anti
27907,anti
18451,anti
20024,pro
11131,pro
28618,pro
28610,anti
18291,pro
28616,pro
16327,pro
6994,pro
18378,pro
25441,pro
6997,pro
2286,pro
329,pro
10998,anti
10994,pro
10993,pro
10992,pro
7350,anti
7351,pro
18086,anti
18085,anti
26395,anti
11509,pro
11504,pro
11500,pro
11503,pro
23299,anti
26390,pro
4451,pro
18107,anti
18103,anti
1987,pro
1986,pro
1985,pro
1984,pro
1983,pro
1982,pro
18299,pro
1988,pro
25240,pro
8513,pro
20034,pro
6403,pro
6400,pro
6407,anti
6406,pro
12365,pro
12366,pro
12360,pro
12361,anti
12363,anti
19479,pro
19478,pro
19475,pro
19477,pro
19476,anti
19471,pro
19470,pro
19473,anti
19981,pro
13384,anti
16196,pro
28447,anti
28440,pro
19983,pro
26502,anti
16288,pro
13381,pro
19987,anti
16442,pro
16444,pro
25403,pro
4465,pro
4463,pro
4462,pro
4461,pro
10667,anti
8580,pro
8582,pro
26027,pro
26455,anti
26457,pro
26315,pro
18481,pro
31553,other
18487,anti
18486,anti
31556,pro
31558,pro
12627,pro
10841,pro
10846,pro
10849,anti
10848,anti
12193,anti
12192,pro
12112,pro
19374,pro
12446,pro
12440,anti
11276,pro
15796,pro
15791,pro
438,pro
11712,pro
11713,anti
11714,pro
11717,pro
11718,pro
430,other
433,pro
435,pro
437,pro
25259,pro
25252,pro
25256,anti
21206,anti
20010,anti
16298,pro
19997,anti
16292,pro
5822,pro
13391,pro
28582,anti
28586,pro
20008,anti
20009,anti
28630,anti
28636,pro
28634,pro
28639,pro
5825,anti
25122,anti
25434,pro
25435,pro
18010,pro
18012,anti
11050,pro
18014,pro
18015,anti
16463,pro
11054,pro
11527,pro
11521,pro
11529,anti
16468,pro
18121,anti
23313,anti
23314,anti
23317,anti
23316,anti
6648,pro
6647,pro
6641,anti
6640,pro
6643,pro
6642,pro
8823,pro
6914,pro
26121,pro
8826,pro
6398,pro
6464,anti
6394,anti
13961,pro
13962,pro
13967,pro
6911,pro
12388,pro
12389,pro
6910,pro
19456,anti
19455,pro
19454,pro
19453,pro
19452,anti
19451,pro
19450,pro
19459,anti
13385,anti
19984,anti
13383,anti
13382,pro
19989,pro
13389,pro
13388,pro
18327,anti
16460,pro
16467,pro
16466,pro
5861,pro
26338,pro
26339,pro
26336,anti
26337,anti
31028,pro
31029,pro
31538,pro
18469,anti
18468,anti
12608,pro
26397,anti
26333,pro
26394,pro
31068,pro
27962,anti
27963,anti
22355,pro
6992,pro
25379,anti
25378,pro
8545,pro
25375,pro
22239,pro
22235,anti
22236,anti
22231,anti
22230,anti
22232,anti
31532,anti
25373,anti
18464,pro
31023,pro
18461,pro
31025,pro
12503,anti
18463,pro
31535,anti
11552,anti
18287,pro
18286,anti
16214,pro
12602,pro
11558,pro
12607,pro
18288,anti
26448,pro
10693,pro
10690,anti
6486,pro
11541,pro
11540,anti
11542,anti
11545,anti
11547,pro
18148,pro
18146,pro
18145,anti
6669,anti
6663,pro
6662,pro
6660,pro
6666,pro
6664,pro
8849,anti
8848,anti
18139,pro
8841,pro
8843,pro
26103,pro
8844,pro
8847,pro
26100,pro
12415,pro
22687,pro
6441,pro
22688,pro
6918,pro
6448,pro
22293,pro
13943,pro
13945,pro
11233,anti
19433,pro
19437,pro
19436,pro
19439,pro
26447,anti
311,pro
26566,anti
26563,pro
31078,pro
10628,anti
16484,pro
16487,pro
16481,pro
16483,pro
16482,pro
6384,pro
2289,pro
6386,anti
6381,pro
6383,anti
18445,anti
18449,anti
10886,pro
10881,pro
31097,pro
11053,pro
5158,pro
31099,pro
11284,pro
11057,pro
5805,pro
11020,pro
11021,pro
11028,anti
11029,anti
22215,anti
22214,pro
22213,anti
22218,pro
12482,pro
12485,anti
12489,anti
12488,pro
387,pro
384,pro
382,pro
380,pro
388,pro
12227,pro
12222,pro
25991,pro
28549,pro
28546,pro
28543,pro
19376,pro
19377,anti
25299,pro
19378,pro
19379,pro
18344,anti
26440,anti
12098,pro
31189,pro
31188,pro
31187,pro
31185,pro
31184,pro
31182,pro
29793,pro
29820,anti
29823,pro
29790,pro
29797,pro
29824,anti
29826,anti
29828,anti
29799,pro
11560,pro
11567,anti
23288,anti
6600,pro
6603,pro
6605,pro
19397,pro
8867,anti
8865,pro
8860,anti
443,pro
8868,pro
7347,anti
8853,pro
6933,pro
6931,pro
6930,pro
6935,pro
6939,pro
6938,pro
6582,pro
18164,anti
15917,pro
18166,anti
18160,anti
18168,anti
15919,pro
19418,pro
2031,pro
19413,pro
19414,pro
22692,pro
7337,pro
7340,anti
13453,pro
16138,pro
16131,pro
22695,pro
10832,pro
26032,pro
5821,anti
5829,pro
22436,pro
26374,anti
26372,pro
31065,pro
31061,anti
31062,pro
31063,pro
18393,anti
18391,anti
18390,anti
18397,anti
18395,pro
18394,pro
18477,pro
15835,pro
23290,pro
23276,anti
23275,anti
11001,pro
11005,pro
11009,anti
11138,anti
22270,pro
22273,pro
22272,pro
22277,anti
22278,anti
25276,anti
21226,pro
15788,pro
23291,anti
12209,pro
12206,pro
12204,anti
12203,anti
28563,pro
6444,pro
13651,pro
6442,other
10639,anti
10631,pro
12434,anti
29803,pro
29802,pro
29777,pro
29776,pro
29770,pro
18007,anti
12435,anti
18005,pro
15799,pro
18003,pro
26498,pro
26491,anti
26490,pro
26492,pro
26495,pro
26494,anti
26497,pro
6629,pro
6628,pro
6627,anti
6626,pro
6624,pro
6623,anti
6621,pro
6620,anti
8888,pro
8885,anti
8884,pro
8881,anti
8880,pro
8883,pro
8882,anti
27914,anti
12052,pro
22398,anti
22399,anti
12055,pro
6951,pro
6953,pro
6952,anti
22396,pro
22397,anti
6485,pro
15931,pro
15932,pro
15935,pro
15937,pro
19908,anti
2018,pro
2016,pro
2017,pro
2010,pro
2011,pro
19901,pro
13939,pro
5811,pro
16116,pro
16114,pro
16113,pro
16111,pro
16118,pro
31174,pro
13935,pro
31175,pro
26327,anti
5847,pro
18466,pro
8564,pro
5844,pro
5843,pro
23214,anti
27977,anti
31034,pro
11248,pro
11249,pro
11247,pro
22347,anti
11240,pro
6982,pro
31030,pro
13352,pro
23254,pro
23255,anti
23256,anti
13353,anti
23258,pro
13350,anti
11068,pro
11069,pro
19490,pro
28427,pro
11062,pro
11063,pro
11067,pro
11065,anti
22259,anti
22258,pro
13354,pro
22252,pro
13355,anti
22255,anti
25342,pro
13359,pro
6544,pro
6545,pro
6543,pro
6540,pro
18457,pro
12268,anti
12263,pro
12262,pro
12264,pro
12267,pro
12266,pro
16206,pro
28504,pro
28506,anti
10898,pro
10688,pro
16302,pro
16304,pro
16305,pro
27932,pro
5168,anti
5784,pro
5787,anti
5782,pro
29763,pro
11564,pro
26614,anti
26612,anti
26611,anti
26610,anti
18141,anti
12078,pro
12075,pro
12077,pro
12072,anti
12073,anti
15952,pro
15481,pro
15950,pro
15483,pro
15486,pro
15487,pro
13513,pro
11475,pro
11474,pro
11477,anti
11471,pro
11470,anti
11487,pro
11472,pro
11479,anti
11478,pro
6976,pro
6975,pro
6974,anti
6973,pro
6972,pro
6971,pro
6970,pro
28456,pro
6978,pro
25391,pro
13308,anti
13304,pro
13306,pro
26558,pro
14983,pro
26107,anti
14981,pro
16173,pro
14985,pro
26552,pro
11483,anti
10857,anti
26555,pro
26556,pro
26557,pro
28645,pro
11014,pro
22686,pro
22683,anti
6461,pro
10799,pro
10798,pro
10796,pro
10793,pro
10982,pro
11268,anti
11260,pro
11266,pro
11267,pro
23238,pro
18026,pro
15018,pro
15889,pro
6780,pro
6781,pro
6782,pro
6783,pro
6784,pro
6786,pro
6787,pro
6788,pro
6789,pro
26266,anti
26267,pro
26264,pro
26265,pro
26262,pro
26263,anti
26260,pro
26261,anti
26268,pro
12491,pro
15855,pro
6565,pro
6560,pro
6562,pro
6563,pro
7301,pro
13944,pro
12241,pro
12244,pro
12249,anti
12248,pro
2009,pro
28529,pro
7304,pro
25187,anti
25184,pro
25182,anti
25180,pro
11488,pro
25188,anti
11489,anti
18357,anti
5144,pro
18354,anti
18353,pro
9641,pro
19432,pro
11549,pro
19438,pro
16328,pro
11548,pro
26459,pro
26458,anti
31128,anti
31125,anti
31124,anti
31121,anti
6834,pro
6835,pro
15977,pro
11459,pro
11458,pro
13422,anti
11453,pro
11452,pro
6999,pro
6998,pro
22358,pro
22359,anti
6995,pro
22357,anti
22354,pro
6996,anti
22352,anti
6990,pro
6993,other
13321,anti
13320,anti
13367,anti
25374,pro
13329,pro
8536,pro
7305,pro
26476,pro
26474,pro
8570,pro
10827,anti
26479,anti
15872,pro
31105,pro
31590,pro
31591,anti
31592,anti
31593,anti
31101,pro
28558,anti
11038,anti
13406,pro
13407,pro
15783,pro
15784,pro
6409,pro
13393,pro
11665,anti
18008,anti
18001,anti
6768,pro
6769,pro
6766,pro
6765,pro
6762,anti
6763,pro
6761,pro
28523,pro
6502,pro
6503,pro
10917,anti
10911,pro
10913,pro
10912,pro
10919,anti
10918,pro
23217,anti
23219,pro
18396,anti
12515,anti
12514,anti
12511,anti
20077,anti
27959,pro
309,pro
29811,pro
9629,pro
9623,pro
9620,pro
9621,pro
9624,pro
18072,pro
13341,pro
18070,pro
26475,pro
8576,pro
26473,pro
26472,pro
18076,pro
11157,pro
8579,pro
8578,pro
13427,pro
31107,pro
31100,pro
31108,pro
11155,anti
12626,pro
457,anti
6547,pro
15994,pro
15992,pro
15990,pro
8971,anti
26256,pro
26253,pro
13530,pro
15991,pro
11439,pro
11438,pro
11432,pro
11435,pro
11437,anti
22379,anti
22371,pro
22372,pro
22373,pro
22375,pro
22376,anti
22377,pro
13340,anti
13343,pro
13342,anti
13345,pro
13344,anti
13346,anti
13349,pro
12289,pro
5803,pro
5804,pro
13531,pro
19398,anti
26509,anti
16189,pro
26353,anti
26350,anti
26356,anti
26357,anti
26355,pro
19500,pro
26358,pro
25144,anti
6421,pro
6420,pro
6423,anti
14010,pro
15769,pro
27944,anti
15767,pro
15761,pro
15760,pro
15763,pro
15762,pro
29780,pro
26501,anti
18441,pro
18440,pro
11088,pro
6745,pro
6747,anti
6740,other
6741,pro
6742,pro
6743,pro
6749,pro
18035,pro
26477,pro
8968,pro
8969,pro
8967,pro
7295,pro
13348,pro
7299,anti
6520,pro
6522,pro
6523,pro
6524,pro
6526,pro
6528,pro
6529,pro
26505,anti
10938,pro
10937,pro
10936,pro
10933,anti
10932,anti
10931,anti
12287,anti
12284,anti
12283,pro
12282,pro
12281,pro
12280,anti
22414,pro
22416,anti
22413,pro
12579,pro
12571,pro
12573,pro
12572,pro
12575,pro
10882,pro
10980,pro
11574,pro
12296,pro
13528,anti
11575,pro
11570,pro
11571,pro
26424,pro
324,pro
327,pro
326,pro
321,pro
323,pro
322,pro
13483,pro
13480,pro
328,pro
6677,pro
13485,pro
13994,pro
26425,pro
13403,anti
13629,pro
13401,anti
26420,pro
19394,pro
26421,pro
8870,pro
26423,anti
12458,anti
9600,pro
9601,other
9603,pro
9604,pro
9605,pro
9606,pro
9607,pro
9609,pro
26411,pro
26410,anti
8872,anti
31161,pro
31165,pro
31167,pro
8873,pro
27899,anti
18158,pro
8874,anti
19392,pro
6393,anti
12167,pro
15475,pro
8876,pro
18154,anti
6391,pro
4369,pro
8504,pro
11413,pro
11144,pro
11147,pro
11410,anti
11417,anti
11416,pro
11142,pro
11419,pro
31834,pro
11149,pro
31830,pro
22312,anti
22313,pro
22317,anti
22314,anti
22315,anti
13322,pro
13362,pro
14993,pro
20065,pro
11283,pro
20062,anti
8850,pro
14994,pro
8851,pro
8856,anti
12141,pro
12142,pro
12143,pro
12145,pro
12147,pro
12148,anti
12149,pro
11685,pro
25339,pro
11265,pro
16265,pro
13532,anti
16261,pro
16263,pro
16268,pro
5026,anti
13536,pro
14005,pro
6455,pro
6900,pro
22694,pro
9634,pro
4391,anti
4392,pro
4395,anti
4397,pro
26525,pro
8493,pro
8497,pro
8494,pro
8498,pro
8499,anti
10731,anti
10730,pro
22216,pro
6720,pro
6721,pro
6726,pro
6727,pro
8949,pro
15741,pro
15748,pro
15821,pro
10956,anti
15828,pro
26431,anti
26400,pro
20033,pro
10968,pro
11606,pro
342,pro
341,pro
11605,anti
11602,pro
11603,pro
345,pro
11601,pro
349,pro
11608,anti
11609,anti
22435,pro
22433,anti
22432,pro
22430,pro
22439,pro
22438,anti
19957,pro
19954,pro
19951,pro
19958,pro
19959,anti
11495,pro
2022,pro
19405,pro
19400,anti
19401,pro
26409,pro
28499,anti
28498,pro
28490,pro
8538,pro
26435,anti
31148,pro
386,pro
26322,pro
28004,anti
28001,pro
28002,anti
28003,pro
18402,anti
26321,anti
18400,pro
29830,pro
18406,pro
2276,pro
22335,pro
22337,pro
22330,anti
22331,anti
22333,pro
2277,pro
2270,pro
488,anti
8566,anti
23295,anti
480,pro
481,pro
485,pro
12228,pro
26401,anti
12128,pro
12122,pro
12123,pro
26405,anti
12127,pro
12124,pro
2273,pro
26408,pro
23297,pro
10815,pro
10817,pro
26052,pro
23292,pro
19895,pro
19893,pro
19891,pro
19899,pro
2281,pro
2283,pro
2285,pro
2287,pro
31173,pro
13460,anti
13415,anti
22285,anti
10716,anti
10714,pro
10711,pro
13416,pro
26065,pro
14018,pro
26596,pro
26597,anti
26592,pro
26598,pro
14016,pro
6708,anti
6709,pro
6878,pro
6700,pro
6874,pro
6703,pro
6872,pro
6705,pro
6707,pro
11404,pro
11678,pro
15892,pro
15899,pro
15898,pro
10972,pro
10971,pro
10970,pro
10975,anti
16127,pro
16124,pro
26320,anti
25290,pro
11596,pro
11597,pro
11594,anti
11595,anti
11592,anti
11593,anti
11598,pro
11599,pro
23289,pro
13446,anti
13447,anti
13444,pro
13445,anti
13442,pro
13443,pro
13440,anti
11621,pro
11622,pro
11623,pro
11624,anti
11626,anti
361,pro
360,pro
364,pro
367,other
25451,pro
25453,anti
25109,anti
25104,pro
25105,anti
21151,pro
25103,anti
15005,pro
25101,anti
13660,pro
19973,pro
19976,pro
15000,pro
6744,pro
11089,pro
18063,pro
15003,pro
11083,pro
18064,pro
18425,anti
14997,pro
31531,pro
18426,pro
11051,pro
18367,pro
18365,anti
18362,pro
18363,pro
18360,pro
23198,anti
6352,pro
11109,pro
11101,anti
11100,anti
11103,anti
11102,pro
11105,pro
6351,pro
26015,pro
26011,pro
26012,pro
26018,pro
10880,pro
12104,anti
12100,pro
12101,pro
12102,pro
31827,pro
12325,anti
11407,anti
31824,pro
11153,pro
16228,pro
11150,pro
16221,pro
16220,pro
11403,anti
16227,pro
11409,pro
11158,pro
23228,anti
4359,pro
27996,pro
27994,pro
27999,anti
4350,pro
10771,anti
10773,anti
10772,anti
10775,anti
10776,anti
10779,anti
28572,anti
8972,pro
26308,anti
26575,pro
12108,anti
8974,anti
8986,pro
8988,pro
28575,pro
22418,pro
15878,pro
10999,pro
20004,anti
10995,pro
10996,anti
10991,pro
18081,anti
6854,pro
6855,pro
6857,pro
20005,anti
6852,pro
6853,pro
6858,pro
6859,pro
7325,pro
20006,pro
7326,pro
7322,pro
7328,pro
4981,pro
19922,pro
20007,anti
11563,anti
6580,pro
6586,pro
6587,pro
6584,pro
6585,pro
6588,pro
6589,anti
19925,anti
20000,pro
13462,anti
13463,anti
13464,pro
13465,anti
19980,pro
11647,pro
12597,pro
12595,pro
12594,pro
12593,pro
12592,pro
12598,pro
16404,pro
25433,pro
25126,pro
25127,anti
11027,pro
20003,anti
19918,anti
19912,anti
19913,anti
19911,anti
19916,anti
27934,pro
12600,pro
10809,anti
15743,pro
10698,pro
10699,pro
10691,pro
10697,anti
10694,pro
18447,pro
18446,anti
27956,pro
31094,pro
31096,pro
31093,pro
31092,pro
11123,pro
11122,pro
11121,anti
11127,pro
8861,pro
18347,pro
18348,anti
11128,anti
18143,anti
26531,pro
26565,anti
26385,pro
26384,anti
26387,pro
26386,anti
26381,pro
26380,pro
26383,anti
8869,anti
10836,pro
10834,pro
10833,pro
26038,pro
26037,pro
26035,pro
26034,pro
26030,anti
20071,anti
20073,anti
18147,anti
10929,pro
12470,pro
12472,anti
12473,pro
12475,pro
12477,pro
26060,anti
21199,anti
446,pro
442,pro
13623,pro
13620,pro
13520,anti
13621,pro
4473,pro
26449,pro
5024,pro
4379,pro
27979,pro
4373,pro
4372,pro
4371,pro
27976,anti
26446,anti
4374,pro
11034,anti
16203,pro
16201,pro
4476,anti
16208,pro
10759,anti
10758,anti
10753,pro
10757,pro
10755,pro
31020,pro
26442,pro
14982,anti
26559,pro
14987,pro
14984,anti
28646,pro
28648,pro
16273,pro
15859,pro
18167,pro
15911,pro
15836,pro
6832,anti
6830,pro
6831,pro
7307,pro
7309,pro
4968,anti
4969,pro
4966,pro
4965,pro
4963,anti
13400,anti
13405,anti
13409,anti
11664,anti
11666,anti
11662,anti
19988,anti
6377,pro
12315,pro
12316,pro
12310,pro
25415,anti
25140,anti
25417,anti
25412,anti
25145,anti
25148,anti
25149,pro
19411,anti
19410,pro
19417,pro
19416,pro
28435,pro
28437,pro
28430,pro
28433,pro
28432,pro
19934,pro
19936,anti
19937,pro
19930,pro
19938,anti
19939,pro
18125,pro
11499,pro
11493,pro
11492,pro
11497,pro
11496,pro
23230,anti
26426,anti
20028,pro
10814,anti
26050,pro
23236,anti
8553,pro
22282,anti
22283,pro
12419,anti
12412,anti
12411,anti
12417,anti
12414,pro
26414,anti
26416,pro
26069,pro
26419,anti
462,pro
463,pro
460,anti
466,pro
10805,anti
2269,pro
2268,pro
20020,pro
4447,pro
28578,anti
28579,pro
31166,pro
31168,pro
4459,pro
13428,anti
13429,pro
28573,anti
27957,pro
22296,pro
22295,anti
26532,anti
26533,pro
26530,pro
26534,anti
26535,anti
26538,anti
26539,anti
13421,anti
13423,anti
20079,anti
20078,pro
10725,pro
14004,pro
26288,pro
11688,pro
26285,anti
26282,anti
12400,anti
11682,pro
15750,pro
11680,pro
11232,pro
15754,pro
15755,pro
6819,pro
16133,pro
6814,pro
18465,pro
6816,pro
6817,pro
13424,anti
13426,anti
11684,anti
4469,pro
